<?xml version="1.0" encoding="UTF-8"?>
<gpx version="1.1" 
    creator="WorkoutGPX"
    xmlns="http://www.topografix.com/GPX/1/1"
    xmlns:xsi="http://www.w3.org/2001/XMLSchema-instance"
    xsi:schemaLocation="http://www.topografix.com/GPX/1/1 http://www.topografix.com/GPX/1/1/gpx.xsd">
    <metadata>
        <time>2026-08-16T10:59:29Z</time>
        <name>Cycling</name>
    </metadata>
    <trk>
        <name>Cycling 2026-08-16 10:59:29 +0000</name>    <trkseg>        <trkpt lat="50.06256231085086" lon="20.01191973619051">
            <ele>204.00461002159864</ele>
            <time>2026-08-16T10:59:29Z</time>
        </trkpt>        <trkpt lat="50.06256228393391" lon="20.011919746372282">
            <ele>203.56176752224565</ele>
            <time>2026-08-16T10:59:30Z</time>
        </trkpt>        <trkpt lat="50.06256223298994" lon="20.011919789340098">
            <ele>203.11864159163088</ele>
            <time>2026-08-16T10:59:31Z</time>
        </trkpt>        <trkpt lat="50.06256208373108" lon="20.011919903852363">
            <ele>202.731710055843</ele>
            <time>2026-08-16T10:59:32Z</time>
        </trkpt>        <trkpt lat="50.06256178865964" lon="20.011920098572478">
            <ele>202.40498320478946</ele>
            <time>2026-08-16T10:59:33Z</time>
        </trkpt>        <trkpt lat="50.06256153474115" lon="20.011920305129898">
            <ele>202.19035685714334</ele>
            <time>2026-08-16T10:59:33Z</time>
        </trkpt>        <trkpt lat="50.06256128109133" lon="20.01192067430015">
            <ele>201.96685563679785</ele>
            <time>2026-08-16T10:59:34Z</time>
        </trkpt>        <trkpt lat="50.062561142763286" lon="20.011921118802835">
            <ele>201.80390547402203</ele>
            <time>2026-08-16T10:59:35Z</time>
        </trkpt>        <trkpt lat="50.06256125146001" lon="20.011921499729162">
            <ele>201.69053175207227</ele>
            <time>2026-08-16T10:59:36Z</time>
        </trkpt>        <trkpt lat="50.06256202909756" lon="20.011921624853482">
            <ele>201.6159201161936</ele>
            <time>2026-08-16T10:59:37Z</time>
        </trkpt>        <trkpt lat="50.06256513269639" lon="20.011921332748255">
            <ele>201.5708071961999</ele>
            <time>2026-08-16T10:59:38Z</time>
        </trkpt>        <trkpt lat="50.06257028939676" lon="20.01192050509428">
            <ele>201.5477263694629</ele>
            <time>2026-08-16T10:59:39Z</time>
        </trkpt>        <trkpt lat="50.06257462383905" lon="20.011918778419243">
            <ele>201.54083370883018</ele>
            <time>2026-08-16T10:59:40Z</time>
        </trkpt>        <trkpt lat="50.062573061552584" lon="20.011914551614126">
            <ele>201.54569051600993</ele>
            <time>2026-08-16T10:59:41Z</time>
        </trkpt>        <trkpt lat="50.06256788627832" lon="20.01190490196475">
            <ele>201.55905833095312</ele>
            <time>2026-08-16T10:59:42Z</time>
        </trkpt>        <trkpt lat="50.062564332778095" lon="20.01189105709129">
            <ele>201.57864145282656</ele>
            <time>2026-08-16T10:59:43Z</time>
        </trkpt>        <trkpt lat="50.06256085721876" lon="20.01187637492862">
            <ele>201.6028743237257</ele>
            <time>2026-08-16T10:59:44Z</time>
        </trkpt>        <trkpt lat="50.06255551652106" lon="20.011857343039868">
            <ele>201.63070729002357</ele>
            <time>2026-08-16T10:59:45Z</time>
        </trkpt>        <trkpt lat="50.06254924928269" lon="20.011830494157287">
            <ele>201.66139806993306</ele>
            <time>2026-08-16T10:59:46Z</time>
        </trkpt>        <trkpt lat="50.06254419786027" lon="20.01179882055978">
            <ele>201.69433721806854</ele>
            <time>2026-08-16T10:59:47Z</time>
        </trkpt>        <trkpt lat="50.06254114977413" lon="20.011763722326066">
            <ele>201.7289046915248</ele>
            <time>2026-08-16T10:59:48Z</time>
        </trkpt>        <trkpt lat="50.062540553093804" lon="20.01172069449388">
            <ele>201.76443806570023</ele>
            <time>2026-08-16T10:59:49Z</time>
        </trkpt>        <trkpt lat="50.06254163409259" lon="20.011669771511194">
            <ele>201.80025433376431</ele>
            <time>2026-08-16T10:59:50Z</time>
        </trkpt>        <trkpt lat="50.06254268270859" lon="20.01161643827303">
            <ele>201.83571293577552</ele>
            <time>2026-08-16T10:59:51Z</time>
        </trkpt>        <trkpt lat="50.06254203461493" lon="20.011562068343874">
            <ele>201.87032684218138</ele>
            <time>2026-08-16T10:59:52Z</time>
        </trkpt>        <trkpt lat="50.062538769572434" lon="20.01150632166211">
            <ele>201.903794195503</ele>
            <time>2026-08-16T10:59:53Z</time>
        </trkpt>        <trkpt lat="50.06253439671472" lon="20.01145024233092">
            <ele>201.93584018293768</ele>
            <time>2026-08-16T10:59:54Z</time>
        </trkpt>        <trkpt lat="50.06253147477551" lon="20.011394969303065">
            <ele>201.96600457653403</ele>
            <time>2026-08-16T10:59:55Z</time>
        </trkpt>        <trkpt lat="50.06252953018825" lon="20.011340421169756">
            <ele>201.99351490754634</ele>
            <time>2026-08-16T10:59:56Z</time>
        </trkpt>        <trkpt lat="50.06252836783788" lon="20.01128587285346">
            <ele>202.01724275574088</ele>
            <time>2026-08-16T10:59:57Z</time>
        </trkpt>        <trkpt lat="50.06253040146084" lon="20.011229862588188">
            <ele>202.03583453875035</ele>
            <time>2026-08-16T10:59:58Z</time>
        </trkpt>        <trkpt lat="50.062536439799615" lon="20.011172042365633">
            <ele>202.04815752152354</ele>
            <time>2026-08-16T10:59:59Z</time>
        </trkpt>        <trkpt lat="50.06254483367258" lon="20.011113362245407">
            <ele>202.0538762398064</ele>
            <time>2026-08-16T11:00:00Z</time>
        </trkpt>        <trkpt lat="50.062553913905646" lon="20.011053379522515">
            <ele>202.05374937690794</ele>
            <time>2026-08-16T11:00:01Z</time>
        </trkpt>        <trkpt lat="50.06256162425358" lon="20.010991021613002">
            <ele>202.04959872178733</ele>
            <time>2026-08-16T11:00:02Z</time>
        </trkpt>        <trkpt lat="50.062566526623726" lon="20.010926113852335">
            <ele>202.04404577519745</ele>
            <time>2026-08-16T11:00:03Z</time>
        </trkpt>        <trkpt lat="50.062568550043814" lon="20.010859371342338">
            <ele>202.0398824866861</ele>
            <time>2026-08-16T11:00:04Z</time>
        </trkpt>        <trkpt lat="50.06256845627021" lon="20.010791340540766">
            <ele>202.03927458636463</ele>
            <time>2026-08-16T11:00:05Z</time>
        </trkpt>        <trkpt lat="50.06256714002513" lon="20.010722351413968">
            <ele>202.0433522835374</ele>
            <time>2026-08-16T11:00:06Z</time>
        </trkpt>        <trkpt lat="50.06256520155521" lon="20.010652676825057">
            <ele>202.0523182703182</ele>
            <time>2026-08-16T11:00:07Z</time>
        </trkpt>        <trkpt lat="50.06256294114154" lon="20.0105826070691">
            <ele>202.06573787610978</ele>
            <time>2026-08-16T11:00:08Z</time>
        </trkpt>        <trkpt lat="50.062560430425876" lon="20.01051260248779">
            <ele>202.0828579068184</ele>
            <time>2026-08-16T11:00:09Z</time>
        </trkpt>        <trkpt lat="50.062557792597644" lon="20.01044295996414">
            <ele>202.10292171593755</ele>
            <time>2026-08-16T11:00:10Z</time>
        </trkpt>        <trkpt lat="50.0625552242128" lon="20.010373669921957">
            <ele>202.12532650493085</ele>
            <time>2026-08-16T11:00:11Z</time>
        </trkpt>        <trkpt lat="50.06255281920751" lon="20.010304792025064">
            <ele>202.14956789650023</ele>
            <time>2026-08-16T11:00:12Z</time>
        </trkpt>        <trkpt lat="50.06255052090769" lon="20.010236371720115">
            <ele>202.17513247020543</ele>
            <time>2026-08-16T11:00:13Z</time>
        </trkpt>        <trkpt lat="50.06254853842986" lon="20.010168388729426">
            <ele>202.20151309948415</ele>
            <time>2026-08-16T11:00:14Z</time>
        </trkpt>        <trkpt lat="50.062547350148385" lon="20.010100848480498">
            <ele>202.22832489479333</ele>
            <time>2026-08-16T11:00:15Z</time>
        </trkpt>        <trkpt lat="50.06254735864428" lon="20.010033799894806">
            <ele>202.25532570201904</ele>
            <time>2026-08-16T11:00:16Z</time>
        </trkpt>        <trkpt lat="50.06254876668348" lon="20.009967317843316">
            <ele>202.28221448138356</ele>
            <time>2026-08-16T11:00:17Z</time>
        </trkpt>        <trkpt lat="50.06255158757494" lon="20.009901184229935">
            <ele>202.30837853997946</ele>
            <time>2026-08-16T11:00:18Z</time>
        </trkpt>        <trkpt lat="50.062555632154314" lon="20.009835710174094">
            <ele>202.33280516788363</ele>
            <time>2026-08-16T11:00:19Z</time>
        </trkpt>        <trkpt lat="50.0625609742708" lon="20.00977185246399">
            <ele>202.35415810905397</ele>
            <time>2026-08-16T11:00:20Z</time>
        </trkpt>        <trkpt lat="50.062567409332466" lon="20.00971043088804">
            <ele>202.37100944388658</ele>
            <time>2026-08-16T11:00:21Z</time>
        </trkpt>        <trkpt lat="50.06257447942188" lon="20.009652104112234">
            <ele>202.38230567518622</ele>
            <time>2026-08-16T11:00:22Z</time>
        </trkpt>        <trkpt lat="50.062582776817734" lon="20.00959606188735">
            <ele>202.3878966877237</ele>
            <time>2026-08-16T11:00:23Z</time>
        </trkpt>        <trkpt lat="50.06259229098256" lon="20.009539798837583">
            <ele>202.38871173374355</ele>
            <time>2026-08-16T11:00:24Z</time>
        </trkpt>        <trkpt lat="50.062601559665495" lon="20.009480449377335">
            <ele>202.38653051294386</ele>
            <time>2026-08-16T11:00:25Z</time>
        </trkpt>        <trkpt lat="50.0626088839858" lon="20.009417521399023">
            <ele>202.38361446652561</ele>
            <time>2026-08-16T11:00:26Z</time>
        </trkpt>        <trkpt lat="50.062613709928264" lon="20.00935267732106">
            <ele>202.38225314207375</ele>
            <time>2026-08-16T11:00:27Z</time>
        </trkpt>        <trkpt lat="50.062616773842635" lon="20.00928689945246">
            <ele>202.38427826575935</ele>
            <time>2026-08-16T11:00:28Z</time>
        </trkpt>        <trkpt lat="50.06261857871447" lon="20.00922044223578">
            <ele>202.39077019132674</ele>
            <time>2026-08-16T11:00:30Z</time>
        </trkpt>        <trkpt lat="50.06261910168086" lon="20.00915350495199">
            <ele>202.40198671724647</ele>
            <time>2026-08-16T11:00:31Z</time>
        </trkpt>        <trkpt lat="50.062618685788195" lon="20.009086237797494">
            <ele>202.41741771716624</ele>
            <time>2026-08-16T11:00:32Z</time>
        </trkpt>        <trkpt lat="50.06261808200804" lon="20.009017941113722">
            <ele>202.43601215165108</ele>
            <time>2026-08-16T11:00:33Z</time>
        </trkpt>        <trkpt lat="50.06261783953591" lon="20.00894790467136">
            <ele>202.45651522651315</ele>
            <time>2026-08-16T11:00:34Z</time>
        </trkpt>        <trkpt lat="50.062617902697504" lon="20.008876518229698">
            <ele>202.47781168483198</ele>
            <time>2026-08-16T11:00:35Z</time>
        </trkpt>        <trkpt lat="50.06261735794874" lon="20.008804422621832">
            <ele>202.4993078345433</ele>
            <time>2026-08-16T11:00:36Z</time>
        </trkpt>        <trkpt lat="50.06261526531654" lon="20.008732324255682">
            <ele>202.5212121317163</ele>
            <time>2026-08-16T11:00:37Z</time>
        </trkpt>        <trkpt lat="50.062611461986094" lon="20.00866072162462">
            <ele>202.5444742636755</ele>
            <time>2026-08-16T11:00:38Z</time>
        </trkpt>        <trkpt lat="50.0626062925726" lon="20.00858969114897">
            <ele>202.57044806145132</ele>
            <time>2026-08-16T11:00:39Z</time>
        </trkpt>        <trkpt lat="50.062600688544414" lon="20.00851866711138">
            <ele>202.6004916317761</ele>
            <time>2026-08-16T11:00:40Z</time>
        </trkpt>        <trkpt lat="50.06259569120704" lon="20.008446945083094">
            <ele>202.6355427261442</ele>
            <time>2026-08-16T11:00:41Z</time>
        </trkpt>        <trkpt lat="50.06259120083515" lon="20.008374090514923">
            <ele>202.67574182711542</ele>
            <time>2026-08-16T11:00:42Z</time>
        </trkpt>        <trkpt lat="50.06258662163116" lon="20.008299527926308">
            <ele>202.7203256888315</ele>
            <time>2026-08-16T11:00:43Z</time>
        </trkpt>        <trkpt lat="50.062582271747964" lon="20.008223026393356">
            <ele>202.76775469072163</ele>
            <time>2026-08-16T11:00:44Z</time>
        </trkpt>        <trkpt lat="50.06257889069283" lon="20.00814456834641">
            <ele>202.81598712783307</ele>
            <time>2026-08-16T11:00:45Z</time>
        </trkpt>        <trkpt lat="50.06257615317225" lon="20.008065026821022">
            <ele>202.86300701275468</ele>
            <time>2026-08-16T11:00:46Z</time>
        </trkpt>        <trkpt lat="50.062573708500544" lon="20.00798507276795">
            <ele>202.90741908736527</ele>
            <time>2026-08-16T11:00:47Z</time>
        </trkpt>        <trkpt lat="50.06257213501144" lon="20.007904964671585">
            <ele>202.94879964366555</ele>
            <time>2026-08-16T11:00:48Z</time>
        </trkpt>        <trkpt lat="50.062571630746454" lon="20.00782547729517">
            <ele>202.98783013410866</ele>
            <time>2026-08-16T11:00:49Z</time>
        </trkpt>        <trkpt lat="50.06257173173956" lon="20.007747378792654">
            <ele>203.02614157181233</ele>
            <time>2026-08-16T11:00:50Z</time>
        </trkpt>        <trkpt lat="50.06257185246539" lon="20.007670740549653">
            <ele>203.06560421548784</ele>
            <time>2026-08-16T11:00:51Z</time>
        </trkpt>        <trkpt lat="50.06257162277122" lon="20.00759550403605">
            <ele>203.10729507077485</ele>
            <time>2026-08-16T11:00:52Z</time>
        </trkpt>        <trkpt lat="50.0625712487819" lon="20.00752217317651">
            <ele>203.15053848177195</ele>
            <time>2026-08-16T11:00:53Z</time>
        </trkpt>        <trkpt lat="50.06257140809764" lon="20.007451530631243">
            <ele>203.19201230350882</ele>
            <time>2026-08-16T11:00:54Z</time>
        </trkpt>        <trkpt lat="50.06257310724276" lon="20.007384594323202">
            <ele>203.22532255202532</ele>
            <time>2026-08-16T11:00:55Z</time>
        </trkpt>        <trkpt lat="50.062577937574716" lon="20.00732374983892">
            <ele>203.24178198259324</ele>
            <time>2026-08-16T11:00:56Z</time>
        </trkpt>        <trkpt lat="50.06258745456526" lon="20.00727030051184">
            <ele>203.23210977949202</ele>
            <time>2026-08-16T11:00:57Z</time>
        </trkpt>        <trkpt lat="50.062604587258704" lon="20.007225109844192">
            <ele>203.18833686038852</ele>
            <time>2026-08-16T11:00:58Z</time>
        </trkpt>        <trkpt lat="50.06263204881232" lon="20.007190466461758">
            <ele>203.10596093535423</ele>
            <time>2026-08-16T11:00:59Z</time>
        </trkpt>        <trkpt lat="50.06266882656583" lon="20.00716836279984">
            <ele>202.98575026914477</ele>
            <time>2026-08-16T11:01:00Z</time>
        </trkpt>        <trkpt lat="50.06271182530897" lon="20.007157776665803">
            <ele>202.83381825126708</ele>
            <time>2026-08-16T11:01:01Z</time>
        </trkpt>        <trkpt lat="50.062758028873276" lon="20.007153467021134">
            <ele>202.66047067567706</ele>
            <time>2026-08-16T11:01:02Z</time>
        </trkpt>        <trkpt lat="50.06280538316127" lon="20.007150363232945">
            <ele>202.47861016355455</ele>
            <time>2026-08-16T11:01:03Z</time>
        </trkpt>        <trkpt lat="50.0628527510918" lon="20.007145992358158">
            <ele>202.30131553392857</ele>
            <time>2026-08-16T11:01:04Z</time>
        </trkpt>        <trkpt lat="50.06289940187238" lon="20.007139396515463">
            <ele>202.1394164878875</ele>
            <time>2026-08-16T11:01:05Z</time>
        </trkpt>        <trkpt lat="50.06294536186249" lon="20.007129001195334">
            <ele>202.00019216444343</ele>
            <time>2026-08-16T11:01:06Z</time>
        </trkpt>        <trkpt lat="50.062990880504564" lon="20.007113868681273">
            <ele>201.88673718087375</ele>
            <time>2026-08-16T11:01:07Z</time>
        </trkpt>        <trkpt lat="50.06303705770902" lon="20.007096298912668">
            <ele>201.79781112074852</ele>
            <time>2026-08-16T11:01:08Z</time>
        </trkpt>        <trkpt lat="50.06308646155448" lon="20.00707949389628">
            <ele>201.72862917836756</ele>
            <time>2026-08-16T11:01:09Z</time>
        </trkpt>        <trkpt lat="50.063140131696194" lon="20.007064255480742">
            <ele>201.6719769621268</ele>
            <time>2026-08-16T11:01:10Z</time>
        </trkpt>        <trkpt lat="50.063196845889614" lon="20.007049617788784">
            <ele>201.61943188030273</ele>
            <time>2026-08-16T11:01:11Z</time>
        </trkpt>        <trkpt lat="50.06325499067017" lon="20.00703467882659">
            <ele>201.56301045883447</ele>
            <time>2026-08-16T11:01:12Z</time>
        </trkpt>        <trkpt lat="50.06331347970876" lon="20.00701939229697">
            <ele>201.49666953273118</ele>
            <time>2026-08-16T11:01:13Z</time>
        </trkpt>        <trkpt lat="50.06337175715758" lon="20.00700395384939">
            <ele>201.417261431925</ele>
            <time>2026-08-16T11:01:14Z</time>
        </trkpt>        <trkpt lat="50.06342935050686" lon="20.006988339725954">
            <ele>201.32522093690932</ele>
            <time>2026-08-16T11:01:15Z</time>
        </trkpt>        <trkpt lat="50.063485352859374" lon="20.006971975033718">
            <ele>201.22474511992186</ele>
            <time>2026-08-16T11:01:16Z</time>
        </trkpt>        <trkpt lat="50.063538036011195" lon="20.006954087171916">
            <ele>201.1232607793063</ele>
            <time>2026-08-16T11:01:17Z</time>
        </trkpt>        <trkpt lat="50.06358564564836" lon="20.006933494297886">
            <ele>201.03053118661046</ele>
            <time>2026-08-16T11:01:18Z</time>
        </trkpt>        <trkpt lat="50.06362763112189" lon="20.00690657581093">
            <ele>200.95729121845216</ele>
            <time>2026-08-16T11:01:19Z</time>
        </trkpt>        <trkpt lat="50.0636637595355" lon="20.006866878888616">
            <ele>200.91344543918967</ele>
            <time>2026-08-16T11:01:20Z</time>
        </trkpt>        <trkpt lat="50.063692460607214" lon="20.00680871293227">
            <ele>200.90643253922462</ele>
            <time>2026-08-16T11:01:21Z</time>
        </trkpt>        <trkpt lat="50.06371108608948" lon="20.006732681421507">
            <ele>200.93980130460113</ele>
            <time>2026-08-16T11:01:22Z</time>
        </trkpt>        <trkpt lat="50.06371894510636" lon="20.006645331296458">
            <ele>201.0121371122077</ele>
            <time>2026-08-16T11:01:22Z</time>
        </trkpt>        <trkpt lat="50.063718434560116" lon="20.006553467762853">
            <ele>201.11722114961594</ele>
            <time>2026-08-16T11:01:23Z</time>
        </trkpt>        <trkpt lat="50.06371275086986" lon="20.006460503040305">
            <ele>201.24501828849316</ele>
            <time>2026-08-16T11:01:24Z</time>
        </trkpt>        <trkpt lat="50.063704693966464" lon="20.006366878299126">
            <ele>201.38302610628307</ele>
            <time>2026-08-16T11:01:25Z</time>
        </trkpt>        <trkpt lat="50.06369610437379" lon="20.00627291501053">
            <ele>201.51846298202872</ele>
            <time>2026-08-16T11:01:26Z</time>
        </trkpt>        <trkpt lat="50.06368712935019" lon="20.006178783292405">
            <ele>201.640529778786</ele>
            <time>2026-08-16T11:01:27Z</time>
        </trkpt>        <trkpt lat="50.063677859148704" lon="20.006084624636443">
            <ele>201.74180800002068</ele>
            <time>2026-08-16T11:01:28Z</time>
        </trkpt>        <trkpt lat="50.063669405549604" lon="20.005990405927452">
            <ele>201.81923091970384</ele>
            <time>2026-08-16T11:01:29Z</time>
        </trkpt>        <trkpt lat="50.063662927576104" lon="20.005895686015606">
            <ele>201.8743615159765</ele>
            <time>2026-08-16T11:01:30Z</time>
        </trkpt>        <trkpt lat="50.063659928292104" lon="20.005800687024838">
            <ele>201.91219630464911</ele>
            <time>2026-08-16T11:01:31Z</time>
        </trkpt>        <trkpt lat="50.063659260040026" lon="20.005706708607725">
            <ele>201.9394975071773</ele>
            <time>2026-08-16T11:01:32Z</time>
        </trkpt>        <trkpt lat="50.063658911632096" lon="20.00561378122552">
            <ele>201.96342589426786</ele>
            <time>2026-08-16T11:01:33Z</time>
        </trkpt>        <trkpt lat="50.06365993267114" lon="20.00551998952143">
            <ele>201.99019643384963</ele>
            <time>2026-08-16T11:01:34Z</time>
        </trkpt>        <trkpt lat="50.06366208396206" lon="20.00542504360501">
            <ele>202.02412142325193</ele>
            <time>2026-08-16T11:01:35Z</time>
        </trkpt>        <trkpt lat="50.063663372083994" lon="20.005329891479107">
            <ele>202.0674314489588</ele>
            <time>2026-08-16T11:01:36Z</time>
        </trkpt>        <trkpt lat="50.06366297815052" lon="20.005235502673305">
            <ele>202.12047078087926</ele>
            <time>2026-08-16T11:01:38Z</time>
        </trkpt>        <trkpt lat="50.06366124620405" lon="20.0051427409275">
            <ele>202.18143065925688</ele>
            <time>2026-08-16T11:01:39Z</time>
        </trkpt>        <trkpt lat="50.063658948070476" lon="20.00505133050894">
            <ele>202.24703031685203</ele>
            <time>2026-08-16T11:01:40Z</time>
        </trkpt>        <trkpt lat="50.063656778280496" lon="20.004961310762713">
            <ele>202.31243770383298</ele>
            <time>2026-08-16T11:01:41Z</time>
        </trkpt>        <trkpt lat="50.063655483463926" lon="20.0048726396571">
            <ele>202.37200548686087</ele>
            <time>2026-08-16T11:01:42Z</time>
        </trkpt>        <trkpt lat="50.0636559039511" lon="20.004785993410906">
            <ele>202.4203121829778</ele>
            <time>2026-08-16T11:01:43Z</time>
        </trkpt>        <trkpt lat="50.06365874839154" lon="20.00470291890753">
            <ele>202.45317064691335</ele>
            <time>2026-08-16T11:01:44Z</time>
        </trkpt>        <trkpt lat="50.063663094618256" lon="20.004623495181807">
            <ele>202.46859998442233</ele>
            <time>2026-08-16T11:01:45Z</time>
        </trkpt>        <trkpt lat="50.063666785004955" lon="20.0045460673172">
            <ele>202.4674697155133</ele>
            <time>2026-08-16T11:01:46Z</time>
        </trkpt>        <trkpt lat="50.06366882598453" lon="20.004469789765402">
            <ele>202.45303286705166</ele>
            <time>2026-08-16T11:01:47Z</time>
        </trkpt>        <trkpt lat="50.06366969822294" lon="20.004395564145813">
            <ele>202.42970160674304</ele>
            <time>2026-08-16T11:01:48Z</time>
        </trkpt>        <trkpt lat="50.06367124878489" lon="20.00432454181083">
            <ele>202.4018577672541</ele>
            <time>2026-08-16T11:01:49Z</time>
        </trkpt>        <trkpt lat="50.06367590703666" lon="20.004257251100423">
            <ele>202.37276131659746</ele>
            <time>2026-08-16T11:01:50Z</time>
        </trkpt>        <trkpt lat="50.06368669047564" lon="20.0041957034765">
            <ele>202.34383258968592</ele>
            <time>2026-08-16T11:01:51Z</time>
        </trkpt>        <trkpt lat="50.06370732347274" lon="20.004144599886576">
            <ele>202.31488950829953</ele>
            <time>2026-08-16T11:01:52Z</time>
        </trkpt>        <trkpt lat="50.06374020922326" lon="20.004109850860367">
            <ele>202.28520765062422</ele>
            <time>2026-08-16T11:01:53Z</time>
        </trkpt>        <trkpt lat="50.06378310428045" lon="20.004094845242328">
            <ele>202.25466935615987</ele>
            <time>2026-08-16T11:01:54Z</time>
        </trkpt>        <trkpt lat="50.06383151984626" lon="20.0040961570364">
            <ele>202.2247006352991</ele>
            <time>2026-08-16T11:01:55Z</time>
        </trkpt>        <trkpt lat="50.06388249455086" lon="20.004106194836886">
            <ele>202.19886140804738</ele>
            <time>2026-08-16T11:01:56Z</time>
        </trkpt>        <trkpt lat="50.06393438032142" lon="20.004119076723107">
            <ele>202.1824912102893</ele>
            <time>2026-08-16T11:01:57Z</time>
        </trkpt>        <trkpt lat="50.06398695743561" lon="20.0041310855816">
            <ele>202.18127509392798</ele>
            <time>2026-08-16T11:01:58Z</time>
        </trkpt>        <trkpt lat="50.064039946357404" lon="20.004139236231758">
            <ele>202.19959408510476</ele>
            <time>2026-08-16T11:01:59Z</time>
        </trkpt>        <trkpt lat="50.06409393893498" lon="20.00414185958602">
            <ele>202.23916423786432</ele>
            <time>2026-08-16T11:02:00Z</time>
        </trkpt>        <trkpt lat="50.0641495787391" lon="20.00413878474187">
            <ele>202.2978753130883</ele>
            <time>2026-08-16T11:02:01Z</time>
        </trkpt>        <trkpt lat="50.06420621491439" lon="20.004131410487247">
            <ele>202.3695092368871</ele>
            <time>2026-08-16T11:02:02Z</time>
        </trkpt>        <trkpt lat="50.06426325535435" lon="20.004122726348875">
            <ele>202.44463398959488</ele>
            <time>2026-08-16T11:02:03Z</time>
        </trkpt>        <trkpt lat="50.06432021957962" lon="20.004115583704674">
            <ele>202.51209967397153</ele>
            <time>2026-08-16T11:02:04Z</time>
        </trkpt>        <trkpt lat="50.064377161086945" lon="20.00411302400039">
            <ele>202.5612328723073</ele>
            <time>2026-08-16T11:02:05Z</time>
        </trkpt>        <trkpt lat="50.064434193735515" lon="20.004117065272325">
            <ele>202.5844722269103</ele>
            <time>2026-08-16T11:02:06Z</time>
        </trkpt>        <trkpt lat="50.06449167091841" lon="20.004126356907168">
            <ele>202.57903439644724</ele>
            <time>2026-08-16T11:02:07Z</time>
        </trkpt>        <trkpt lat="50.064549980459304" lon="20.004137956673176">
            <ele>202.54719654563814</ele>
            <time>2026-08-16T11:02:08Z</time>
        </trkpt>        <trkpt lat="50.064609138855594" lon="20.004149689458988">
            <ele>202.4957435084507</ele>
            <time>2026-08-16T11:02:09Z</time>
        </trkpt>        <trkpt lat="50.06466903256307" lon="20.004160727654416">
            <ele>202.43421572167426</ele>
            <time>2026-08-16T11:02:10Z</time>
        </trkpt>        <trkpt lat="50.064729381037345" lon="20.00417111494726">
            <ele>202.3723150640726</ele>
            <time>2026-08-16T11:02:11Z</time>
        </trkpt>        <trkpt lat="50.06479055095934" lon="20.004181077055165">
            <ele>202.31798491068184</ele>
            <time>2026-08-16T11:02:12Z</time>
        </trkpt>        <trkpt lat="50.06485326881583" lon="20.00419070875545">
            <ele>202.27661127131432</ele>
            <time>2026-08-16T11:02:13Z</time>
        </trkpt>        <trkpt lat="50.06491726099012" lon="20.004198956881222">
            <ele>202.25081577710807</ele>
            <time>2026-08-16T11:02:14Z</time>
        </trkpt>        <trkpt lat="50.06498199007327" lon="20.004204838428752">
            <ele>202.24079573247582</ele>
            <time>2026-08-16T11:02:15Z</time>
        </trkpt>        <trkpt lat="50.06504662795954" lon="20.004210490548523">
            <ele>202.24504723306745</ele>
            <time>2026-08-16T11:02:16Z</time>
        </trkpt>        <trkpt lat="50.06511046831821" lon="20.00421789572494">
            <ele>202.26103689335287</ele>
            <time>2026-08-16T11:02:17Z</time>
        </trkpt>        <trkpt lat="50.065174254879985" lon="20.004226594757494">
            <ele>202.2858088426292</ele>
            <time>2026-08-16T11:02:18Z</time>
        </trkpt>        <trkpt lat="50.06523781499841" lon="20.004236297456377">
            <ele>202.31647957116365</ele>
            <time>2026-08-16T11:02:19Z</time>
        </trkpt>        <trkpt lat="50.065300747607886" lon="20.004247841646464">
            <ele>202.35060398839414</ele>
            <time>2026-08-16T11:02:20Z</time>
        </trkpt>        <trkpt lat="50.06536326990034" lon="20.004261833168137">
            <ele>202.38651057705283</ele>
            <time>2026-08-16T11:02:21Z</time>
        </trkpt>        <trkpt lat="50.06542516254931" lon="20.00427929748683">
            <ele>202.42348238639534</ele>
            <time>2026-08-16T11:02:22Z</time>
        </trkpt>        <trkpt lat="50.06548676333237" lon="20.004300703494362">
            <ele>202.46164643671364</ele>
            <time>2026-08-16T11:02:23Z</time>
        </trkpt>        <trkpt lat="50.065546972280224" lon="20.00432259242964">
            <ele>202.5016897795722</ele>
            <time>2026-08-16T11:02:24Z</time>
        </trkpt>        <trkpt lat="50.06560684374827" lon="20.0043369705872">
            <ele>202.54445339832455</ele>
            <time>2026-08-16T11:02:25Z</time>
        </trkpt>        <trkpt lat="50.065667127259076" lon="20.004344361526584">
            <ele>202.59034566115588</ele>
            <time>2026-08-16T11:02:26Z</time>
        </trkpt>        <trkpt lat="50.065726252420255" lon="20.004349302544693">
            <ele>202.63890839833766</ele>
            <time>2026-08-16T11:02:27Z</time>
        </trkpt>        <trkpt lat="50.06578516069157" lon="20.004350303356226">
            <ele>202.6889227051288</ele>
            <time>2026-08-16T11:02:28Z</time>
        </trkpt>        <trkpt lat="50.065844569862016" lon="20.00434780886152">
            <ele>202.73880002833903</ele>
            <time>2026-08-16T11:02:29Z</time>
        </trkpt>        <trkpt lat="50.06590445894471" lon="20.00434852840827">
            <ele>202.78688102494925</ele>
            <time>2026-08-16T11:02:30Z</time>
        </trkpt>        <trkpt lat="50.06596449723275" lon="20.0043545974855">
            <ele>202.831617183052</ele>
            <time>2026-08-16T11:02:31Z</time>
        </trkpt>        <trkpt lat="50.06602465813393" lon="20.00436459001883">
            <ele>202.87164550181478</ele>
            <time>2026-08-16T11:02:32Z</time>
        </trkpt>        <trkpt lat="50.06608383053353" lon="20.004377774994815">
            <ele>202.90570150967687</ele>
            <time>2026-08-16T11:02:33Z</time>
        </trkpt>        <trkpt lat="50.06614061618483" lon="20.00439232830214">
            <ele>202.93246187642217</ele>
            <time>2026-08-16T11:02:34Z</time>
        </trkpt>        <trkpt lat="50.0661957299536" lon="20.00440935192704">
            <ele>202.95049834996462</ele>
            <time>2026-08-16T11:02:35Z</time>
        </trkpt>        <trkpt lat="50.06625098970434" lon="20.004428657440698">
            <ele>202.95841624308378</ele>
            <time>2026-08-16T11:02:36Z</time>
        </trkpt>        <trkpt lat="50.06630652994105" lon="20.004449859903858">
            <ele>202.9550722213462</ele>
            <time>2026-08-16T11:02:37Z</time>
        </trkpt>        <trkpt lat="50.0663615291001" lon="20.004472420685858">
            <ele>202.9396942462772</ele>
            <time>2026-08-16T11:02:38Z</time>
        </trkpt>        <trkpt lat="50.066415607031395" lon="20.00449620165512">
            <ele>202.9119767351076</ele>
            <time>2026-08-16T11:02:39Z</time>
        </trkpt>        <trkpt lat="50.066466847909695" lon="20.004522036376983">
            <ele>202.87215051148087</ele>
            <time>2026-08-16T11:02:39Z</time>
        </trkpt>        <trkpt lat="50.06651550881489" lon="20.004552087007067">
            <ele>202.82091648690403</ele>
            <time>2026-08-16T11:02:40Z</time>
        </trkpt>        <trkpt lat="50.06656283815773" lon="20.004583681379255">
            <ele>202.7593911914155</ele>
            <time>2026-08-16T11:02:41Z</time>
        </trkpt>        <trkpt lat="50.066608915436696" lon="20.004613569431555">
            <ele>202.68910995591432</ele>
            <time>2026-08-16T11:02:42Z</time>
        </trkpt>        <trkpt lat="50.06665388049543" lon="20.004643670050612">
            <ele>202.6120703034103</ele>
            <time>2026-08-16T11:02:43Z</time>
        </trkpt>        <trkpt lat="50.06669706507356" lon="20.00467681084701">
            <ele>202.53071699663997</ele>
            <time>2026-08-16T11:02:44Z</time>
        </trkpt>        <trkpt lat="50.06673640065344" lon="20.004718374115914">
            <ele>202.44766424316913</ele>
            <time>2026-08-16T11:02:45Z</time>
        </trkpt>        <trkpt lat="50.06676828385154" lon="20.00477196520769">
            <ele>202.36532261315733</ele>
            <time>2026-08-16T11:02:46Z</time>
        </trkpt>        <trkpt lat="50.06679300418092" lon="20.00483411225694">
            <ele>202.28566703293473</ele>
            <time>2026-08-16T11:02:47Z</time>
        </trkpt>        <trkpt lat="50.06681490441316" lon="20.004898012676858">
            <ele>202.2101055243984</ele>
            <time>2026-08-16T11:02:48Z</time>
        </trkpt>        <trkpt lat="50.06683611321376" lon="20.004959403118466">
            <ele>202.1394260711968</ele>
            <time>2026-08-16T11:02:49Z</time>
        </trkpt>        <trkpt lat="50.06685613165105" lon="20.005015898998916">
            <ele>202.07388402428478</ele>
            <time>2026-08-16T11:02:50Z</time>
        </trkpt>        <trkpt lat="50.06687466092391" lon="20.00506564527604">
            <ele>202.013344662264</ele>
            <time>2026-08-16T11:02:51Z</time>
        </trkpt>        <trkpt lat="50.06689200822817" lon="20.00510664090648">
            <ele>201.95744989346713</ele>
            <time>2026-08-16T11:02:52Z</time>
        </trkpt>        <trkpt lat="50.066908051012454" lon="20.005134014297344">
            <ele>201.90584921371192</ele>
            <time>2026-08-16T11:02:53Z</time>
        </trkpt>        <trkpt lat="50.06692126105573" lon="20.005145128817023">
            <ele>201.85840397141874</ele>
            <time>2026-08-16T11:02:54Z</time>
        </trkpt>        <trkpt lat="50.06693122489726" lon="20.005144335402363">
            <ele>201.8153040567413</ele>
            <time>2026-08-16T11:02:55Z</time>
        </trkpt>        <trkpt lat="50.066938055172066" lon="20.005139126802586">
            <ele>201.77709545008838</ele>
            <time>2026-08-16T11:02:56Z</time>
        </trkpt>        <trkpt lat="50.06694055717706" lon="20.00513432042965">
            <ele>201.74452812690288</ele>
            <time>2026-08-16T11:02:57Z</time>
        </trkpt>        <trkpt lat="50.0669397139047" lon="20.005131106917112">
            <ele>201.7181469090283</ele>
            <time>2026-08-16T11:02:58Z</time>
        </trkpt>        <trkpt lat="50.0669377620017" lon="20.005129286413773">
            <ele>201.69788022432476</ele>
            <time>2026-08-16T11:02:59Z</time>
        </trkpt>        <trkpt lat="50.06693581936106" lon="20.005128373704057">
            <ele>201.68299167137593</ele>
            <time>2026-08-16T11:03:00Z</time>
        </trkpt>        <trkpt lat="50.06693420331795" lon="20.005127951577148">
            <ele>201.67230802122504</ele>
            <time>2026-08-16T11:03:01Z</time>
        </trkpt>        <trkpt lat="50.06693294715025" lon="20.005127801281812">
            <ele>201.6645522871986</ele>
            <time>2026-08-16T11:03:02Z</time>
        </trkpt>        <trkpt lat="50.06693204195949" lon="20.00512776343813">
            <ele>201.65882424358279</ele>
            <time>2026-08-16T11:03:03Z</time>
        </trkpt>        <trkpt lat="50.066931418531084" lon="20.005127757854225">
            <ele>201.65501505322754</ele>
            <time>2026-08-16T11:03:04Z</time>
        </trkpt>        <trkpt lat="50.06693100312432" lon="20.00512774443846">
            <ele>201.6538098147139</ele>
            <time>2026-08-16T11:03:05Z</time>
        </trkpt>        <trkpt lat="50.06693073476525" lon="20.005127701081676">
            <ele>201.65630094800144</ele>
            <time>2026-08-16T11:03:06Z</time>
        </trkpt>        <trkpt lat="50.06693058178247" lon="20.0051276135784">
            <ele>201.6634852057323</ele>
            <time>2026-08-16T11:03:07Z</time>
        </trkpt>        <trkpt lat="50.06693054205275" lon="20.005127467492798">
            <ele>201.67574735544622</ele>
            <time>2026-08-16T11:03:08Z</time>
        </trkpt>        <trkpt lat="50.066930654010115" lon="20.00512723714011">
            <ele>201.69239214342088</ele>
            <time>2026-08-16T11:03:09Z</time>
        </trkpt>        <trkpt lat="50.06693104111072" lon="20.005126880633274">
            <ele>201.71152492053807</ele>
            <time>2026-08-16T11:03:10Z</time>
        </trkpt>        <trkpt lat="50.066932030916114" lon="20.005126305780742">
            <ele>201.7303410694003</ele>
            <time>2026-08-16T11:03:11Z</time>
        </trkpt>        <trkpt lat="50.06693440932875" lon="20.00512531511338">
            <ele>201.74562758859247</ele>
            <time>2026-08-16T11:03:12Z</time>
        </trkpt>        <trkpt lat="50.06693827427855" lon="20.005124143820645">
            <ele>201.75450171437114</ele>
            <time>2026-08-16T11:03:13Z</time>
        </trkpt>        <trkpt lat="50.066942092619456" lon="20.005123320647034">
            <ele>201.75526906643063</ele>
            <time>2026-08-16T11:03:14Z</time>
        </trkpt>        <trkpt lat="50.06694493894461" lon="20.00512270756806">
            <ele>201.74794108979404</ele>
            <time>2026-08-16T11:03:15Z</time>
        </trkpt>        <trkpt lat="50.06694757763019" lon="20.005121948536182">
            <ele>201.73431389033794</ele>
            <time>2026-08-16T11:03:16Z</time>
        </trkpt>        <trkpt lat="50.066950969492424" lon="20.005120915067803">
            <ele>201.71778680570424</ele>
            <time>2026-08-16T11:03:17Z</time>
        </trkpt>        <trkpt lat="50.06695662170172" lon="20.005119247037992">
            <ele>201.7028033947572</ele>
            <time>2026-08-16T11:03:18Z</time>
        </trkpt>        <trkpt lat="50.066966797122916" lon="20.00511638416658">
            <ele>201.69402847532183</ele>
            <time>2026-08-16T11:03:19Z</time>
        </trkpt>        <trkpt lat="50.066982881520595" lon="20.005111747284758">
            <ele>201.69565381016582</ele>
            <time>2026-08-16T11:03:20Z</time>
        </trkpt>        <trkpt lat="50.06700537498971" lon="20.00510563537526">
            <ele>201.71086820028722</ele>
            <time>2026-08-16T11:03:21Z</time>
        </trkpt>        <trkpt lat="50.06703457176862" lon="20.005099345949645">
            <ele>201.7414375403896</ele>
            <time>2026-08-16T11:03:22Z</time>
        </trkpt>        <trkpt lat="50.067070557266355" lon="20.005093284039233">
            <ele>201.78779722750187</ele>
            <time>2026-08-16T11:03:23Z</time>
        </trkpt>        <trkpt lat="50.067112781029486" lon="20.005086545311244">
            <ele>201.84894102439284</ele>
            <time>2026-08-16T11:03:24Z</time>
        </trkpt>        <trkpt lat="50.0671598748607" lon="20.005078399010284">
            <ele>201.92269333824515</ele>
            <time>2026-08-16T11:03:25Z</time>
        </trkpt>        <trkpt lat="50.067209838859085" lon="20.005068762118835">
            <ele>202.0061141308397</ele>
            <time>2026-08-16T11:03:26Z</time>
        </trkpt>        <trkpt lat="50.067260889582656" lon="20.005057560790128">
            <ele>202.09588547050953</ele>
            <time>2026-08-16T11:03:27Z</time>
        </trkpt>        <trkpt lat="50.067311960912605" lon="20.005044474628498">
            <ele>202.18853391427547</ele>
            <time>2026-08-16T11:03:28Z</time>
        </trkpt>        <trkpt lat="50.06736223857023" lon="20.005028648234667">
            <ele>202.28057750780135</ele>
            <time>2026-08-16T11:03:29Z</time>
        </trkpt>        <trkpt lat="50.06741058125141" lon="20.00500917631538">
            <ele>202.36859035585076</ele>
            <time>2026-08-16T11:03:30Z</time>
        </trkpt>        <trkpt lat="50.067455089838276" lon="20.004985345560222">
            <ele>202.44919996336102</ele>
            <time>2026-08-16T11:03:31Z</time>
        </trkpt>        <trkpt lat="50.06749309449555" lon="20.004955622022273">
            <ele>202.51911502331495</ele>
            <time>2026-08-16T11:03:32Z</time>
        </trkpt>        <trkpt lat="50.067521126180075" lon="20.00491802879778">
            <ele>202.5752496039495</ele>
            <time>2026-08-16T11:03:33Z</time>
        </trkpt>        <trkpt lat="50.067536345623076" lon="20.004873162450966">
            <ele>202.61502234917134</ele>
            <time>2026-08-16T11:03:34Z</time>
        </trkpt>        <trkpt lat="50.06753935802023" lon="20.004826457507264">
            <ele>202.6367452768609</ele>
            <time>2026-08-16T11:03:35Z</time>
        </trkpt>        <trkpt lat="50.067534891016784" lon="20.00478549080117">
            <ele>202.63995730597526</ele>
            <time>2026-08-16T11:03:36Z</time>
        </trkpt>        <trkpt lat="50.06752835406924" lon="20.004754824929364">
            <ele>202.62578694988042</ele>
            <time>2026-08-16T11:03:37Z</time>
        </trkpt>        <trkpt lat="50.067522704015545" lon="20.004734167233813">
            <ele>202.59709000121802</ele>
            <time>2026-08-16T11:03:38Z</time>
        </trkpt>        <trkpt lat="50.067518389289134" lon="20.004720170414153">
            <ele>202.55819142982364</ele>
            <time>2026-08-16T11:03:39Z</time>
        </trkpt>        <trkpt lat="50.06751470281354" lon="20.004707730101774">
            <ele>202.5145393293351</ele>
            <time>2026-08-16T11:03:40Z</time>
        </trkpt>        <trkpt lat="50.06751081956242" lon="20.00469076972771">
            <ele>202.47230458818376</ele>
            <time>2026-08-16T11:03:41Z</time>
        </trkpt>        <trkpt lat="50.06750625619568" lon="20.004664661826542">
            <ele>202.43790681939572</ele>
            <time>2026-08-16T11:03:42Z</time>
        </trkpt>        <trkpt lat="50.067501212760455" lon="20.004626831039985">
            <ele>202.4175414936617</ele>
            <time>2026-08-16T11:03:43Z</time>
        </trkpt>        <trkpt lat="50.067496129821116" lon="20.004576814696417">
            <ele>202.41676952783018</ele>
            <time>2026-08-16T11:03:44Z</time>
        </trkpt>        <trkpt lat="50.067490545375954" lon="20.00451709765358">
            <ele>202.43977113906294</ele>
            <time>2026-08-16T11:03:45Z</time>
        </trkpt>        <trkpt lat="50.06748302815726" lon="20.00445170912671">
            <ele>202.48883560393006</ele>
            <time>2026-08-16T11:03:46Z</time>
        </trkpt>        <trkpt lat="50.067472829276106" lon="20.004383127616364">
            <ele>202.56335822679102</ele>
            <time>2026-08-16T11:03:47Z</time>
        </trkpt>        <trkpt lat="50.06746029753949" lon="20.004312469923494">
            <ele>202.65926845371723</ele>
            <time>2026-08-16T11:03:48Z</time>
        </trkpt>        <trkpt lat="50.06744642334103" lon="20.004241054122723">
            <ele>202.7694073151797</ele>
            <time>2026-08-16T11:03:49Z</time>
        </trkpt>        <trkpt lat="50.06743225065653" lon="20.004169857799845">
            <ele>202.8843304803595</ele>
            <time>2026-08-16T11:03:50Z</time>
        </trkpt>        <trkpt lat="50.067418344753946" lon="20.00409927438453">
            <ele>202.99357941932976</ele>
            <time>2026-08-16T11:03:51Z</time>
        </trkpt>        <trkpt lat="50.06740457638975" lon="20.00403011972616">
            <ele>203.08763224910945</ele>
            <time>2026-08-16T11:03:52Z</time>
        </trkpt>        <trkpt lat="50.06739026507522" lon="20.003964449292525">
            <ele>203.15956549160182</ele>
            <time>2026-08-16T11:03:53Z</time>
        </trkpt>        <trkpt lat="50.06737373332744" lon="20.00390317251744">
            <ele>203.20583541877568</ele>
            <time>2026-08-16T11:03:54Z</time>
        </trkpt>        <trkpt lat="50.06735237590994" lon="20.00384558147469">
            <ele>203.22662274725735</ele>
            <time>2026-08-16T11:03:55Z</time>
        </trkpt>        <trkpt lat="50.06732539506067" lon="20.003791074467664">
            <ele>203.2255119960755</ele>
            <time>2026-08-16T11:03:56Z</time>
        </trkpt>        <trkpt lat="50.06729494439526" lon="20.003737405749128">
            <ele>203.20841210149229</ele>
            <time>2026-08-16T11:03:57Z</time>
        </trkpt>        <trkpt lat="50.06726427744029" lon="20.00368034898526">
            <ele>203.1822844389826</ele>
            <time>2026-08-16T11:03:58Z</time>
        </trkpt>        <trkpt lat="50.067235841394066" lon="20.003616506265978">
            <ele>203.15369149204344</ele>
            <time>2026-08-16T11:03:59Z</time>
        </trkpt>        <trkpt lat="50.067209840897306" lon="20.003546179672405">
            <ele>203.1273823743686</ele>
            <time>2026-08-16T11:04:00Z</time>
        </trkpt>        <trkpt lat="50.067185142312525" lon="20.003471708979607">
            <ele>203.10563585348427</ele>
            <time>2026-08-16T11:04:01Z</time>
        </trkpt>        <trkpt lat="50.06716122589594" lon="20.003394573950523">
            <ele>203.08842916227877</ele>
            <time>2026-08-16T11:04:02Z</time>
        </trkpt>        <trkpt lat="50.067137885378706" lon="20.00331516209319">
            <ele>203.07401161827147</ele>
            <time>2026-08-16T11:04:03Z</time>
        </trkpt>        <trkpt lat="50.067114869443394" lon="20.00323402352381">
            <ele>203.05984960496426</ele>
            <time>2026-08-16T11:04:04Z</time>
        </trkpt>        <trkpt lat="50.0670924063924" lon="20.003152001255188">
            <ele>203.04376328922808</ele>
            <time>2026-08-16T11:04:05Z</time>
        </trkpt>        <trkpt lat="50.067070424774" lon="20.00306952259134">
            <ele>203.02466892823577</ele>
            <time>2026-08-16T11:04:06Z</time>
        </trkpt>        <trkpt lat="50.067047782453706" lon="20.00298682193905">
            <ele>203.00276402104646</ele>
            <time>2026-08-16T11:04:07Z</time>
        </trkpt>        <trkpt lat="50.06702352614389" lon="20.00290459170564">
            <ele>202.9793930677697</ele>
            <time>2026-08-16T11:04:08Z</time>
        </trkpt>        <trkpt lat="50.0669976030656" lon="20.002823484254467">
            <ele>202.95659098494798</ele>
            <time>2026-08-16T11:04:09Z</time>
        </trkpt>        <trkpt lat="50.0669703677491" lon="20.002743290102757">
            <ele>202.93637082818896</ele>
            <time>2026-08-16T11:04:10Z</time>
        </trkpt>        <trkpt lat="50.066942139247686" lon="20.00266344661508">
            <ele>202.9201355110854</ele>
            <time>2026-08-16T11:04:11Z</time>
        </trkpt>        <trkpt lat="50.0669133156469" lon="20.002583314766298">
            <ele>202.90835341531783</ele>
            <time>2026-08-16T11:04:12Z</time>
        </trkpt>        <trkpt lat="50.06688458889103" lon="20.00250243299589">
            <ele>202.9004481807351</ele>
            <time>2026-08-16T11:04:13Z</time>
        </trkpt>        <trkpt lat="50.06685624047354" lon="20.00242041158569">
            <ele>202.89506971184164</ele>
            <time>2026-08-16T11:04:14Z</time>
        </trkpt>        <trkpt lat="50.066827960631116" lon="20.00233765630605">
            <ele>202.89071988221258</ele>
            <time>2026-08-16T11:04:15Z</time>
        </trkpt>        <trkpt lat="50.0667976915372" lon="20.002255086148807">
            <ele>202.88631349243224</ele>
            <time>2026-08-16T11:04:16Z</time>
        </trkpt>        <trkpt lat="50.06676458738569" lon="20.002171806541174">
            <ele>202.88147050980479</ele>
            <time>2026-08-16T11:04:17Z</time>
        </trkpt>        <trkpt lat="50.066732728007025" lon="20.002086516983475">
            <ele>202.87662930041552</ele>
            <time>2026-08-16T11:04:18Z</time>
        </trkpt>        <trkpt lat="50.06670451384018" lon="20.001997489913425">
            <ele>202.872926607728</ele>
            <time>2026-08-16T11:04:19Z</time>
        </trkpt>        <trkpt lat="50.066680999458754" lon="20.001904919097313">
            <ele>202.87181443162262</ele>
            <time>2026-08-16T11:04:20Z</time>
        </trkpt>        <trkpt lat="50.06666236991368" lon="20.001810049839875">
            <ele>202.874707730487</ele>
            <time>2026-08-16T11:04:21Z</time>
        </trkpt>        <trkpt lat="50.066645537748904" lon="20.00171429649675">
            <ele>202.88286941777915</ele>
            <time>2026-08-16T11:04:22Z</time>
        </trkpt>        <trkpt lat="50.06662932577202" lon="20.00161737103434">
            <ele>202.89736971631646</ele>
            <time>2026-08-16T11:04:23Z</time>
        </trkpt>        <trkpt lat="50.06661387888065" lon="20.00151966100882">
            <ele>202.91896620765328</ele>
            <time>2026-08-16T11:04:24Z</time>
        </trkpt>        <trkpt lat="50.066599501042646" lon="20.001425241176864">
            <ele>202.9478649245575</ele>
            <time>2026-08-16T11:04:25Z</time>
        </trkpt>        <trkpt lat="50.06658353435345" lon="20.001333648073558">
            <ele>202.98345203697681</ele>
            <time>2026-08-16T11:04:26Z</time>
        </trkpt>        <trkpt lat="50.066567142565816" lon="20.00123755381753">
            <ele>203.02414002083242</ele>
            <time>2026-08-16T11:04:27Z</time>
        </trkpt>        <trkpt lat="50.06655214260432" lon="20.001138953072296">
            <ele>203.0673245759681</ele>
            <time>2026-08-16T11:04:28Z</time>
        </trkpt>        <trkpt lat="50.066535270468165" lon="20.00104165452246">
            <ele>203.10974426474422</ele>
            <time>2026-08-16T11:04:29Z</time>
        </trkpt>        <trkpt lat="50.066517664961154" lon="20.000943527570154">
            <ele>203.14851604308933</ele>
            <time>2026-08-16T11:04:30Z</time>
        </trkpt>        <trkpt lat="50.06650081797022" lon="20.00084615575762">
            <ele>203.18213654495776</ele>
            <time>2026-08-16T11:04:31Z</time>
        </trkpt>        <trkpt lat="50.06648346134335" lon="20.000747818237286">
            <ele>203.21067916136235</ele>
            <time>2026-08-16T11:04:32Z</time>
        </trkpt>        <trkpt lat="50.06646539458301" lon="20.00064836334353">
            <ele>203.23543952219188</ele>
            <time>2026-08-16T11:04:33Z</time>
        </trkpt>        <trkpt lat="50.06644657364413" lon="20.00054924716337">
            <ele>203.2583361035213</ele>
            <time>2026-08-16T11:04:34Z</time>
        </trkpt>        <trkpt lat="50.066427723190756" lon="20.000449635188318">
            <ele>203.28098965995014</ele>
            <time>2026-08-16T11:04:35Z</time>
        </trkpt>        <trkpt lat="50.06640950357392" lon="20.0003491638061">
            <ele>203.30387009866536</ele>
            <time>2026-08-16T11:04:36Z</time>
        </trkpt>        <trkpt lat="50.06639206257674" lon="20.00024949658235">
            <ele>203.32605561614037</ele>
            <time>2026-08-16T11:04:37Z</time>
        </trkpt>        <trkpt lat="50.06637563987839" lon="20.000147478836546">
            <ele>203.3454898679629</ele>
            <time>2026-08-16T11:04:38Z</time>
        </trkpt>        <trkpt lat="50.06635904656748" lon="20.000042821328055">
            <ele>203.35942804347724</ele>
            <time>2026-08-16T11:04:39Z</time>
        </trkpt>        <trkpt lat="50.06634186583245" lon="19.99994190178275">
            <ele>203.3650548895821</ele>
            <time>2026-08-16T11:04:40Z</time>
        </trkpt>        <trkpt lat="50.066323948446204" lon="19.999842913671834">
            <ele>203.36010221671313</ele>
            <time>2026-08-16T11:04:41Z</time>
        </trkpt>        <trkpt lat="50.066305984683" lon="19.99974272915521">
            <ele>203.34307592734694</ele>
            <time>2026-08-16T11:04:42Z</time>
        </trkpt>        <trkpt lat="50.06628799472462" lon="19.999642456834792">
            <ele>203.31315119192004</ele>
            <time>2026-08-16T11:04:43Z</time>
        </trkpt>        <trkpt lat="50.06626853056141" lon="19.999544325123818">
            <ele>203.27001667954028</ele>
            <time>2026-08-16T11:04:44Z</time>
        </trkpt>        <trkpt lat="50.06624813243825" lon="19.999448819662227">
            <ele>203.21370805148035</ele>
            <time>2026-08-16T11:04:45Z</time>
        </trkpt>        <trkpt lat="50.06622830061294" lon="19.999351163220833">
            <ele>203.14458306320012</ele>
            <time>2026-08-16T11:04:46Z</time>
        </trkpt>        <trkpt lat="50.06621028683925" lon="19.999251643945453">
            <ele>203.06362264882773</ele>
            <time>2026-08-16T11:04:47Z</time>
        </trkpt>        <trkpt lat="50.06619426821933" lon="19.999151035390117">
            <ele>202.9730893764645</ele>
            <time>2026-08-16T11:04:48Z</time>
        </trkpt>        <trkpt lat="50.06618044380675" lon="19.9990513585063">
            <ele>202.87704385630786</ele>
            <time>2026-08-16T11:04:49Z</time>
        </trkpt>        <trkpt lat="50.066166497064586" lon="19.998953399660245">
            <ele>202.78106739651412</ele>
            <time>2026-08-16T11:04:50Z</time>
        </trkpt>        <trkpt lat="50.06615108871752" lon="19.99885337113457">
            <ele>202.6915129199624</ele>
            <time>2026-08-16T11:04:51Z</time>
        </trkpt>        <trkpt lat="50.06613546622223" lon="19.99875340531244">
            <ele>202.614780834876</ele>
            <time>2026-08-16T11:04:52Z</time>
        </trkpt>        <trkpt lat="50.06611868077876" lon="19.99865581791616">
            <ele>202.5565542820841</ele>
            <time>2026-08-16T11:04:53Z</time>
        </trkpt>        <trkpt lat="50.066101221748696" lon="19.99855860064484">
            <ele>202.52109721675515</ele>
            <time>2026-08-16T11:04:54Z</time>
        </trkpt>        <trkpt lat="50.06608367249885" lon="19.998461616336353">
            <ele>202.51089448761195</ele>
            <time>2026-08-16T11:04:55Z</time>
        </trkpt>        <trkpt lat="50.06606631702331" lon="19.998365384868887">
            <ele>202.52638293989003</ele>
            <time>2026-08-16T11:04:56Z</time>
        </trkpt>        <trkpt lat="50.066049072353366" lon="19.998268858325527">
            <ele>202.56578781362623</ele>
            <time>2026-08-16T11:04:57Z</time>
        </trkpt>        <trkpt lat="50.06603053445624" lon="19.998173731451132">
            <ele>202.62529701180756</ele>
            <time>2026-08-16T11:04:58Z</time>
        </trkpt>        <trkpt lat="50.06601097782339" lon="19.998078722264022">
            <ele>202.69933114852756</ele>
            <time>2026-08-16T11:04:59Z</time>
        </trkpt>        <trkpt lat="50.06599300701725" lon="19.99798414274692">
            <ele>202.78100757859647</ele>
            <time>2026-08-16T11:05:00Z</time>
        </trkpt>        <trkpt lat="50.065975739846465" lon="19.997890525144676">
            <ele>202.86284151487052</ele>
            <time>2026-08-16T11:05:01Z</time>
        </trkpt>        <trkpt lat="50.06595785617634" lon="19.99779689924814">
            <ele>202.93728613574058</ele>
            <time>2026-08-16T11:05:02Z</time>
        </trkpt>        <trkpt lat="50.065941023572506" lon="19.997704941112442">
            <ele>202.99702099803835</ele>
            <time>2026-08-16T11:05:03Z</time>
        </trkpt>        <trkpt lat="50.06592528237536" lon="19.997615044602107">
            <ele>203.03526018653065</ele>
            <time>2026-08-16T11:05:04Z</time>
        </trkpt>        <trkpt lat="50.06590900907931" lon="19.99752712103416">
            <ele>203.04628457687795</ele>
            <time>2026-08-16T11:05:05Z</time>
        </trkpt>        <trkpt lat="50.06589248984274" lon="19.997442478593637">
            <ele>203.02639536838979</ele>
            <time>2026-08-16T11:05:06Z</time>
        </trkpt>        <trkpt lat="50.06587724759963" lon="19.997361200061903">
            <ele>202.9748060265556</ele>
            <time>2026-08-16T11:05:07Z</time>
        </trkpt>        <trkpt lat="50.06586376065695" lon="19.997284056478897">
            <ele>202.8938356116414</ele>
            <time>2026-08-16T11:05:08Z</time>
        </trkpt>        <trkpt lat="50.06585206293444" lon="19.997213887660394">
            <ele>202.78876210935414</ele>
            <time>2026-08-16T11:05:09Z</time>
        </trkpt>        <trkpt lat="50.06584182348708" lon="19.997152712673795">
            <ele>202.6670674085617</ele>
            <time>2026-08-16T11:05:10Z</time>
        </trkpt>        <trkpt lat="50.065832617003885" lon="19.99710162206022">
            <ele>202.5367291374132</ele>
            <time>2026-08-16T11:05:11Z</time>
        </trkpt>        <trkpt lat="50.06582410584313" lon="19.997059684838963">
            <ele>202.40464040078223</ele>
            <time>2026-08-16T11:05:12Z</time>
        </trkpt>        <trkpt lat="50.06581704920953" lon="19.997026138986012">
            <ele>202.2758868765086</ele>
            <time>2026-08-16T11:05:13Z</time>
        </trkpt>        <trkpt lat="50.06581216531841" lon="19.997001717336534">
            <ele>202.15352389309555</ele>
            <time>2026-08-16T11:05:14Z</time>
        </trkpt>        <trkpt lat="50.065809362274805" lon="19.99698651868604">
            <ele>202.0387918399647</ele>
            <time>2026-08-16T11:05:15Z</time>
        </trkpt>        <trkpt lat="50.065807801402876" lon="19.996978240880363">
            <ele>201.93186053913087</ele>
            <time>2026-08-16T11:05:16Z</time>
        </trkpt>        <trkpt lat="50.0658071624179" lon="19.996975314126153">
            <ele>201.832613424398</ele>
            <time>2026-08-16T11:05:17Z</time>
        </trkpt>        <trkpt lat="50.06580746894658" lon="19.99697647753014">
            <ele>201.7411425737664</ele>
            <time>2026-08-16T11:05:18Z</time>
        </trkpt>        <trkpt lat="50.065808124287464" lon="19.996978937206844">
            <ele>201.65800453536212</ele>
            <time>2026-08-16T11:05:19Z</time>
        </trkpt>        <trkpt lat="50.06580879101268" lon="19.99698116955396">
            <ele>201.58421531133354</ele>
            <time>2026-08-16T11:05:20Z</time>
        </trkpt>        <trkpt lat="50.065809385488706" lon="19.99698273660581">
            <ele>201.52092658076435</ele>
            <time>2026-08-16T11:05:21Z</time>
        </trkpt>        <trkpt lat="50.06580980521886" lon="19.99698332421207">
            <ele>201.4690244300291</ele>
            <time>2026-08-16T11:05:22Z</time>
        </trkpt>        <trkpt lat="50.06580980799224" lon="19.99698234015384">
            <ele>201.42898481339216</ele>
            <time>2026-08-16T11:05:23Z</time>
        </trkpt>        <trkpt lat="50.06580917246884" lon="19.99697939922109">
            <ele>201.4008910022676</ele>
            <time>2026-08-16T11:05:24Z</time>
        </trkpt>        <trkpt lat="50.06580747243469" lon="19.996973650105556">
            <ele>201.3845354076475</ele>
            <time>2026-08-16T11:05:25Z</time>
        </trkpt>        <trkpt lat="50.06580342792742" lon="19.996962495131424">
            <ele>201.3797066155821</ele>
            <time>2026-08-16T11:05:26Z</time>
        </trkpt>        <trkpt lat="50.065796713099594" lon="19.996942142634435">
            <ele>201.3864485071972</ele>
            <time>2026-08-16T11:05:27Z</time>
        </trkpt>        <trkpt lat="50.065788688566656" lon="19.996910167262936">
            <ele>201.40510403178632</ele>
            <time>2026-08-16T11:05:28Z</time>
        </trkpt>        <trkpt lat="50.065780181604936" lon="19.996866000398324">
            <ele>201.4361452627927</ele>
            <time>2026-08-16T11:05:29Z</time>
        </trkpt>        <trkpt lat="50.06577106847546" lon="19.996810579490305">
            <ele>201.47990743722767</ele>
            <time>2026-08-16T11:05:30Z</time>
        </trkpt>        <trkpt lat="50.06576102500931" lon="19.996746067383782">
            <ele>201.53635083790869</ele>
            <time>2026-08-16T11:05:31Z</time>
        </trkpt>        <trkpt lat="50.065750069581966" lon="19.99667464974841">
            <ele>201.60481941793114</ele>
            <time>2026-08-16T11:05:32Z</time>
        </trkpt>        <trkpt lat="50.06573875694324" lon="19.996598418299257">
            <ele>201.68395425286144</ele>
            <time>2026-08-16T11:05:33Z</time>
        </trkpt>        <trkpt lat="50.06572767921238" lon="19.996519076184548">
            <ele>201.77181780710816</ele>
            <time>2026-08-16T11:05:34Z</time>
        </trkpt>        <trkpt lat="50.065716387115806" lon="19.996438043277944">
            <ele>201.86603835597634</ele>
            <time>2026-08-16T11:05:35Z</time>
        </trkpt>        <trkpt lat="50.06570367538875" lon="19.996355692582245">
            <ele>201.96395873930305</ele>
            <time>2026-08-16T11:05:36Z</time>
        </trkpt>        <trkpt lat="50.06568919109301" lon="19.996271511937803">
            <ele>202.0627755895257</ele>
            <time>2026-08-16T11:05:37Z</time>
        </trkpt>        <trkpt lat="50.065673801313935" lon="19.99618612508986">
            <ele>202.15965171065181</ele>
            <time>2026-08-16T11:05:38Z</time>
        </trkpt>        <trkpt lat="50.06565806644817" lon="19.99610043889733">
            <ele>202.25187149550766</ele>
            <time>2026-08-16T11:05:39Z</time>
        </trkpt>        <trkpt lat="50.06564185124101" lon="19.99601432380254">
            <ele>202.3370550069958</ele>
            <time>2026-08-16T11:05:40Z</time>
        </trkpt>        <trkpt lat="50.0656251235082" lon="19.995927225880646">
            <ele>202.4134531961754</ele>
            <time>2026-08-16T11:05:41Z</time>
        </trkpt>        <trkpt lat="50.06560879357193" lon="19.99583858399479">
            <ele>202.48033783677965</ele>
            <time>2026-08-16T11:05:42Z</time>
        </trkpt>        <trkpt lat="50.065594127567046" lon="19.995748290027574">
            <ele>202.5381961259991</ele>
            <time>2026-08-16T11:05:43Z</time>
        </trkpt>        <trkpt lat="50.06558113276776" lon="19.995656510908763">
            <ele>202.58853513654321</ele>
            <time>2026-08-16T11:05:44Z</time>
        </trkpt>        <trkpt lat="50.06556941800474" lon="19.995562657265808">
            <ele>202.6335621085018</ele>
            <time>2026-08-16T11:05:45Z</time>
        </trkpt>        <trkpt lat="50.06555707684629" lon="19.995466732270376">
            <ele>202.67583935335279</ele>
            <time>2026-08-16T11:05:46Z</time>
        </trkpt>        <trkpt lat="50.06554242280009" lon="19.995370822211648">
            <ele>202.71788823604584</ele>
            <time>2026-08-16T11:05:47Z</time>
        </trkpt>        <trkpt lat="50.065525991916886" lon="19.995276594919716">
            <ele>202.7618874721229</ele>
            <time>2026-08-16T11:05:48Z</time>
        </trkpt>        <trkpt lat="50.06550916877752" lon="19.99518298959413">
            <ele>202.8095523500815</ele>
            <time>2026-08-16T11:05:50Z</time>
        </trkpt>        <trkpt lat="50.06549297819531" lon="19.995089995667996">
            <ele>202.861716048792</ele>
            <time>2026-08-16T11:05:51Z</time>
        </trkpt>        <trkpt lat="50.06547739248455" lon="19.994997835535276">
            <ele>202.91884837578982</ele>
            <time>2026-08-16T11:05:52Z</time>
        </trkpt>        <trkpt lat="50.065462173500954" lon="19.994906096380088">
            <ele>202.98082734271884</ele>
            <time>2026-08-16T11:05:53Z</time>
        </trkpt>        <trkpt lat="50.06544758394703" lon="19.994813243729162">
            <ele>203.047009434551</ele>
            <time>2026-08-16T11:05:54Z</time>
        </trkpt>        <trkpt lat="50.06543316352305" lon="19.994718854932856">
            <ele>203.11629890277982</ele>
            <time>2026-08-16T11:05:55Z</time>
        </trkpt>        <trkpt lat="50.06541739959641" lon="19.994623304281557">
            <ele>203.1872057709843</ele>
            <time>2026-08-16T11:05:56Z</time>
        </trkpt>        <trkpt lat="50.06539991476882" lon="19.99452749532225">
            <ele>203.25790835451335</ele>
            <time>2026-08-16T11:05:57Z</time>
        </trkpt>        <trkpt lat="50.06538173787633" lon="19.994431495628305">
            <ele>203.3263978017494</ele>
            <time>2026-08-16T11:05:58Z</time>
        </trkpt>        <trkpt lat="50.06536428492895" lon="19.994333818817545">
            <ele>203.3906456278637</ele>
            <time>2026-08-16T11:05:59Z</time>
        </trkpt>        <trkpt lat="50.065347657022585" lon="19.99423653035029">
            <ele>203.44876709207892</ele>
            <time>2026-08-16T11:06:00Z</time>
        </trkpt>        <trkpt lat="50.065331141326524" lon="19.99414024594843">
            <ele>203.49925751425326</ele>
            <time>2026-08-16T11:06:01Z</time>
        </trkpt>        <trkpt lat="50.065314863152544" lon="19.99404400493968">
            <ele>203.541255553253</ele>
            <time>2026-08-16T11:06:02Z</time>
        </trkpt>        <trkpt lat="50.0652992177585" lon="19.993947652896892">
            <ele>203.57484808098525</ele>
            <time>2026-08-16T11:06:03Z</time>
        </trkpt>        <trkpt lat="50.06528355032794" lon="19.993852080316497">
            <ele>203.6011801371351</ele>
            <time>2026-08-16T11:06:04Z</time>
        </trkpt>        <trkpt lat="50.065267989788595" lon="19.993758222839848">
            <ele>203.62189896870404</ele>
            <time>2026-08-16T11:06:05Z</time>
        </trkpt>        <trkpt lat="50.065253112893195" lon="19.993664719052003">
            <ele>203.6382310288027</ele>
            <time>2026-08-16T11:06:06Z</time>
        </trkpt>        <trkpt lat="50.06523798005585" lon="19.99357001622318">
            <ele>203.65049897879362</ele>
            <time>2026-08-16T11:06:07Z</time>
        </trkpt>        <trkpt lat="50.06522218125299" lon="19.99347498240425">
            <ele>203.6583443209529</ele>
            <time>2026-08-16T11:06:08Z</time>
        </trkpt>        <trkpt lat="50.065206631717395" lon="19.993380910978637">
            <ele>203.66125165577978</ele>
            <time>2026-08-16T11:06:09Z</time>
        </trkpt>        <trkpt lat="50.06519163891685" lon="19.99328510623976">
            <ele>203.6590804392472</ele>
            <time>2026-08-16T11:06:10Z</time>
        </trkpt>        <trkpt lat="50.06517686716708" lon="19.993185624952837">
            <ele>203.65262013487518</ele>
            <time>2026-08-16T11:06:11Z</time>
        </trkpt>        <trkpt lat="50.0651615632392" lon="19.9930861462374">
            <ele>203.6437635840848</ele>
            <time>2026-08-16T11:06:12Z</time>
        </trkpt>        <trkpt lat="50.065144321933" lon="19.99298896338361">
            <ele>203.63492119964212</ele>
            <time>2026-08-16T11:06:13Z</time>
        </trkpt>        <trkpt lat="50.06512477145567" lon="19.99289297815346">
            <ele>203.62820857018232</ele>
            <time>2026-08-16T11:06:14Z</time>
        </trkpt>        <trkpt lat="50.065104983962684" lon="19.992797069264448">
            <ele>203.62494814116508</ele>
            <time>2026-08-16T11:06:15Z</time>
        </trkpt>        <trkpt lat="50.06508689098463" lon="19.992700836390593">
            <ele>203.6253729723394</ele>
            <time>2026-08-16T11:06:16Z</time>
        </trkpt>        <trkpt lat="50.065070267472194" lon="19.992603050252168">
            <ele>203.62858353927732</ele>
            <time>2026-08-16T11:06:17Z</time>
        </trkpt>        <trkpt lat="50.065055176190086" lon="19.992503449653736">
            <ele>203.63297476340085</ele>
            <time>2026-08-16T11:06:18Z</time>
        </trkpt>        <trkpt lat="50.065041414456054" lon="19.99240366223994">
            <ele>203.63682009931654</ele>
            <time>2026-08-16T11:06:19Z</time>
        </trkpt>        <trkpt lat="50.06502758026822" lon="19.992305496546937">
            <ele>203.63867963291705</ele>
            <time>2026-08-16T11:06:20Z</time>
        </trkpt>        <trkpt lat="50.065013089780265" lon="19.992206991833935">
            <ele>203.6376943187788</ele>
            <time>2026-08-16T11:06:21Z</time>
        </trkpt>        <trkpt lat="50.06499778162113" lon="19.992107323165424">
            <ele>203.63373703882098</ele>
            <time>2026-08-16T11:06:22Z</time>
        </trkpt>        <trkpt lat="50.064979480965434" lon="19.99200834458594">
            <ele>203.62729796860367</ele>
            <time>2026-08-16T11:06:23Z</time>
        </trkpt>        <trkpt lat="50.064959448521186" lon="19.991910557406865">
            <ele>203.61925353948027</ele>
            <time>2026-08-16T11:06:24Z</time>
        </trkpt>        <trkpt lat="50.064940657058436" lon="19.991810833611584">
            <ele>203.61066027916968</ele>
            <time>2026-08-16T11:06:25Z</time>
        </trkpt>        <trkpt lat="50.064923154328135" lon="19.991713355397057">
            <ele>203.6025510393083</ele>
            <time>2026-08-16T11:06:26Z</time>
        </trkpt>        <trkpt lat="50.06490629479274" lon="19.9916192711588">
            <ele>203.595777397044</ele>
            <time>2026-08-16T11:06:27Z</time>
        </trkpt>        <trkpt lat="50.064889684328485" lon="19.991524172107418">
            <ele>203.59096464607865</ele>
            <time>2026-08-16T11:06:27Z</time>
        </trkpt>        <trkpt lat="50.06487365994127" lon="19.991429313145566">
            <ele>203.58851434569806</ele>
            <time>2026-08-16T11:06:28Z</time>
        </trkpt>        <trkpt lat="50.06485746505174" lon="19.991333072121897">
            <ele>203.58862315677106</ele>
            <time>2026-08-16T11:06:29Z</time>
        </trkpt>        <trkpt lat="50.06484071204404" lon="19.991236049423783">
            <ele>203.5913151288405</ele>
            <time>2026-08-16T11:06:30Z</time>
        </trkpt>        <trkpt lat="50.06482407145132" lon="19.991139325251847">
            <ele>203.59641266986728</ele>
            <time>2026-08-16T11:06:31Z</time>
        </trkpt>        <trkpt lat="50.06480875921721" lon="19.99104344177708">
            <ele>203.60336660407484</ele>
            <time>2026-08-16T11:06:32Z</time>
        </trkpt>        <trkpt lat="50.06479453650906" lon="19.990948434421178">
            <ele>203.6109820008278</ele>
            <time>2026-08-16T11:06:33Z</time>
        </trkpt>        <trkpt lat="50.06478013605651" lon="19.990855315566197">
            <ele>203.6173269962892</ele>
            <time>2026-08-16T11:06:34Z</time>
        </trkpt>        <trkpt lat="50.06476549993649" lon="19.990764117943442">
            <ele>203.62005142122507</ele>
            <time>2026-08-16T11:06:35Z</time>
        </trkpt>        <trkpt lat="50.064751908367846" lon="19.99067332097074">
            <ele>203.61688066460192</ele>
            <time>2026-08-16T11:06:36Z</time>
        </trkpt>        <trkpt lat="50.06474094447051" lon="19.99058104821914">
            <ele>203.606072162278</ele>
            <time>2026-08-16T11:06:37Z</time>
        </trkpt>        <trkpt lat="50.06473143006459" lon="19.990488996394642">
            <ele>203.58692703582346</ele>
            <time>2026-08-16T11:06:38Z</time>
        </trkpt>        <trkpt lat="50.064721943070865" lon="19.990399818810882">
            <ele>203.56007675919682</ele>
            <time>2026-08-16T11:06:39Z</time>
        </trkpt>        <trkpt lat="50.06471262430064" lon="19.990312974038734">
            <ele>203.52719537448138</ele>
            <time>2026-08-16T11:06:40Z</time>
        </trkpt>        <trkpt lat="50.06470308416976" lon="19.99022822621514">
            <ele>203.4905275180936</ele>
            <time>2026-08-16T11:06:41Z</time>
        </trkpt>        <trkpt lat="50.064693240015714" lon="19.990146322276306">
            <ele>203.4525630455464</ele>
            <time>2026-08-16T11:06:42Z</time>
        </trkpt>        <trkpt lat="50.064682967300364" lon="19.990067421886973">
            <ele>203.41577883064747</ele>
            <time>2026-08-16T11:06:43Z</time>
        </trkpt>        <trkpt lat="50.06467258686822" lon="19.989991342968235">
            <ele>203.38241754472256</ele>
            <time>2026-08-16T11:06:44Z</time>
        </trkpt>        <trkpt lat="50.064662714021686" lon="19.98991694784289">
            <ele>203.35426550544798</ele>
            <time>2026-08-16T11:06:45Z</time>
        </trkpt>        <trkpt lat="50.06465316335212" lon="19.98984175784917">
            <ele>203.33242177963257</ele>
            <time>2026-08-16T11:06:46Z</time>
        </trkpt>        <trkpt lat="50.06464302313697" lon="19.98976432897244">
            <ele>203.31719592306763</ele>
            <time>2026-08-16T11:06:47Z</time>
        </trkpt>        <trkpt lat="50.064631674857154" lon="19.98968500992852">
            <ele>203.30816223099828</ele>
            <time>2026-08-16T11:06:48Z</time>
        </trkpt>        <trkpt lat="50.06461945125078" lon="19.98960425030861">
            <ele>203.30431195162237</ele>
            <time>2026-08-16T11:06:49Z</time>
        </trkpt>        <trkpt lat="50.06460652444486" lon="19.989521388033438">
            <ele>203.30439000483602</ele>
            <time>2026-08-16T11:06:50Z</time>
        </trkpt>        <trkpt lat="50.06459311363659" lon="19.989435299232046">
            <ele>203.30731681734324</ele>
            <time>2026-08-16T11:06:51Z</time>
        </trkpt>        <trkpt lat="50.064579713507" lon="19.989347209671912">
            <ele>203.31244785059243</ele>
            <time>2026-08-16T11:06:52Z</time>
        </trkpt>        <trkpt lat="50.06456636941888" lon="19.989259029568036">
            <ele>203.31962350476533</ele>
            <time>2026-08-16T11:06:53Z</time>
        </trkpt>        <trkpt lat="50.064553035530096" lon="19.989171192350963">
            <ele>203.3290498489514</ele>
            <time>2026-08-16T11:06:54Z</time>
        </trkpt>        <trkpt lat="50.06453917865212" lon="19.989083872843402">
            <ele>203.34096046257764</ele>
            <time>2026-08-16T11:06:55Z</time>
        </trkpt>        <trkpt lat="50.064523421841756" lon="19.98899794214518">
            <ele>203.35512316878885</ele>
            <time>2026-08-16T11:06:56Z</time>
        </trkpt>        <trkpt lat="50.064505316149116" lon="19.98891515277643">
            <ele>203.37061379570514</ele>
            <time>2026-08-16T11:06:57Z</time>
        </trkpt>        <trkpt lat="50.06448672718065" lon="19.988834829676286">
            <ele>203.3861303580925</ele>
            <time>2026-08-16T11:06:58Z</time>
        </trkpt>        <trkpt lat="50.064469243379065" lon="19.988754968952335">
            <ele>203.40049671102315</ele>
            <time>2026-08-16T11:06:59Z</time>
        </trkpt>        <trkpt lat="50.06445282249187" lon="19.98867614544956">
            <ele>203.4130447972566</ele>
            <time>2026-08-16T11:07:00Z</time>
        </trkpt>        <trkpt lat="50.06443713191599" lon="19.988599221565597">
            <ele>203.4239382967353</ele>
            <time>2026-08-16T11:07:01Z</time>
        </trkpt>        <trkpt lat="50.064421782216016" lon="19.9885233816178">
            <ele>203.43426886107773</ele>
            <time>2026-08-16T11:07:02Z</time>
        </trkpt>        <trkpt lat="50.06440655013773" lon="19.988447400610216">
            <ele>203.44568774849176</ele>
            <time>2026-08-16T11:07:03Z</time>
        </trkpt>        <trkpt lat="50.06439123534289" lon="19.988370650537135">
            <ele>203.45984659902751</ele>
            <time>2026-08-16T11:07:04Z</time>
        </trkpt>        <trkpt lat="50.06437557725853" lon="19.988293142823295">
            <ele>203.47791778482497</ele>
            <time>2026-08-16T11:07:05Z</time>
        </trkpt>        <trkpt lat="50.064359520116064" lon="19.988214689477275">
            <ele>203.50011994689703</ele>
            <time>2026-08-16T11:07:06Z</time>
        </trkpt>        <trkpt lat="50.06434327068044" lon="19.988135140934588">
            <ele>203.52539613004774</ele>
            <time>2026-08-16T11:07:07Z</time>
        </trkpt>        <trkpt lat="50.06432689865584" lon="19.988054198105207">
            <ele>203.55148423369974</ele>
            <time>2026-08-16T11:07:08Z</time>
        </trkpt>        <trkpt lat="50.0643102468269" lon="19.987971714062756">
            <ele>203.57523659057915</ele>
            <time>2026-08-16T11:07:09Z</time>
        </trkpt>        <trkpt lat="50.06429317489165" lon="19.98788793959858">
            <ele>203.59319261461496</ele>
            <time>2026-08-16T11:07:10Z</time>
        </trkpt>        <trkpt lat="50.06427543125368" lon="19.987803717009736">
            <ele>203.60255990643054</ele>
            <time>2026-08-16T11:07:11Z</time>
        </trkpt>        <trkpt lat="50.06425675630847" lon="19.987720220223398">
            <ele>203.60213322751224</ele>
            <time>2026-08-16T11:07:12Z</time>
        </trkpt>        <trkpt lat="50.06423716270269" lon="19.987638279628236">
            <ele>203.59266239218414</ele>
            <time>2026-08-16T11:07:13Z</time>
        </trkpt>        <trkpt lat="50.064216881452154" lon="19.987557133897564">
            <ele>203.57692113611847</ele>
            <time>2026-08-16T11:07:14Z</time>
        </trkpt>        <trkpt lat="50.064195933834725" lon="19.987474467539162">
            <ele>203.55951507855207</ele>
            <time>2026-08-16T11:07:15Z</time>
        </trkpt>        <trkpt lat="50.06417448593802" lon="19.98738629298771">
            <ele>203.54623125772923</ele>
            <time>2026-08-16T11:07:16Z</time>
        </trkpt>        <trkpt lat="50.06415436238464" lon="19.98729135111418">
            <ele>203.54320205841213</ele>
            <time>2026-08-16T11:07:17Z</time>
        </trkpt>        <trkpt lat="50.064137682894675" lon="19.987192337537188">
            <ele>203.5559971788898</ele>
            <time>2026-08-16T11:07:18Z</time>
        </trkpt>        <trkpt lat="50.06412256984754" lon="19.987091990948425">
            <ele>203.5885478015989</ele>
            <time>2026-08-16T11:07:19Z</time>
        </trkpt>        <trkpt lat="50.06410440651059" lon="19.98699398649875">
            <ele>203.64241436310112</ele>
            <time>2026-08-16T11:07:20Z</time>
        </trkpt>        <trkpt lat="50.06408314530647" lon="19.986899029558877">
            <ele>203.71674484200776</ele>
            <time>2026-08-16T11:07:21Z</time>
        </trkpt>        <trkpt lat="50.06406141643823" lon="19.986806061314862">
            <ele>203.80856063216925</ele>
            <time>2026-08-16T11:07:22Z</time>
        </trkpt>        <trkpt lat="50.06404018023846" lon="19.986714833555343">
            <ele>203.9134675282985</ele>
            <time>2026-08-16T11:07:23Z</time>
        </trkpt>        <trkpt lat="50.06401981565997" lon="19.986624233434437">
            <ele>204.02677815128118</ele>
            <time>2026-08-16T11:07:24Z</time>
        </trkpt>        <trkpt lat="50.06399962524902" lon="19.986534828373852">
            <ele>204.14447860885412</ele>
            <time>2026-08-16T11:07:25Z</time>
        </trkpt>        <trkpt lat="50.06397910258634" lon="19.986445929242077">
            <ele>204.26387902349234</ele>
            <time>2026-08-16T11:07:26Z</time>
        </trkpt>        <trkpt lat="50.063958718678634" lon="19.986357148644124">
            <ele>204.38399526197463</ele>
            <time>2026-08-16T11:07:27Z</time>
        </trkpt>        <trkpt lat="50.063938909033254" lon="19.986268942497123">
            <ele>204.50546232704073</ele>
            <time>2026-08-16T11:07:28Z</time>
        </trkpt>        <trkpt lat="50.063919556202904" lon="19.986180924802742">
            <ele>204.62999178934842</ele>
            <time>2026-08-16T11:07:29Z</time>
        </trkpt>        <trkpt lat="50.063900243473206" lon="19.986093563185136">
            <ele>204.7597505869344</ele>
            <time>2026-08-16T11:07:30Z</time>
        </trkpt>        <trkpt lat="50.06388089257718" lon="19.986007034791555">
            <ele>204.896823534742</ele>
            <time>2026-08-16T11:07:31Z</time>
        </trkpt>        <trkpt lat="50.06386170233615" lon="19.985921718408736">
            <ele>205.04269615001976</ele>
            <time>2026-08-16T11:07:32Z</time>
        </trkpt>        <trkpt lat="50.06384295707079" lon="19.985837762029515">
            <ele>205.1978228772059</ele>
            <time>2026-08-16T11:07:33Z</time>
        </trkpt>        <trkpt lat="50.06382478080322" lon="19.985755588190827">
            <ele>205.36125331465155</ele>
            <time>2026-08-16T11:07:34Z</time>
        </trkpt>        <trkpt lat="50.06380683533895" lon="19.985675426474984">
            <ele>205.53050809446722</ele>
            <time>2026-08-16T11:07:35Z</time>
        </trkpt>        <trkpt lat="50.06378866233793" lon="19.985597436442927">
            <ele>205.70211847871542</ele>
            <time>2026-08-16T11:07:36Z</time>
        </trkpt>        <trkpt lat="50.06377002641161" lon="19.985521733700697">
            <ele>205.87252349033952</ele>
            <time>2026-08-16T11:07:37Z</time>
        </trkpt>        <trkpt lat="50.063751130409386" lon="19.985448125162275">
            <ele>206.03877911251038</ele>
            <time>2026-08-16T11:07:38Z</time>
        </trkpt>        <trkpt lat="50.06373222378481" lon="19.985375889234955">
            <ele>206.19905823655427</ele>
            <time>2026-08-16T11:07:39Z</time>
        </trkpt>        <trkpt lat="50.06371315126445" lon="19.98530381690964">
            <ele>206.35291618760675</ele>
            <time>2026-08-16T11:07:40Z</time>
        </trkpt>        <trkpt lat="50.06369388092349" lon="19.98523151858345">
            <ele>206.50108789931983</ele>
            <time>2026-08-16T11:07:41Z</time>
        </trkpt>        <trkpt lat="50.06367450376184" lon="19.985159503681185">
            <ele>206.64499898906797</ele>
            <time>2026-08-16T11:07:42Z</time>
        </trkpt>        <trkpt lat="50.06365474784196" lon="19.98508835517076">
            <ele>206.78634812217206</ele>
            <time>2026-08-16T11:07:43Z</time>
        </trkpt>        <trkpt lat="50.063634384039766" lon="19.98501815426196">
            <ele>206.92680541053414</ele>
            <time>2026-08-16T11:07:44Z</time>
        </trkpt>        <trkpt lat="50.063613697316605" lon="19.984949098604723">
            <ele>207.06781162228435</ele>
            <time>2026-08-16T11:07:45Z</time>
        </trkpt>        <trkpt lat="50.0635929387163" lon="19.984881314515853">
            <ele>207.21049462724477</ele>
            <time>2026-08-16T11:07:46Z</time>
        </trkpt>        <trkpt lat="50.063571838287565" lon="19.984814579784707">
            <ele>207.35565130691975</ele>
            <time>2026-08-16T11:07:47Z</time>
        </trkpt>        <trkpt lat="50.0635503399632" lon="19.9847489313766">
            <ele>207.50370427872986</ele>
            <time>2026-08-16T11:07:48Z</time>
        </trkpt>        <trkpt lat="50.06352879969288" lon="19.984683870722534">
            <ele>207.65460167452693</ele>
            <time>2026-08-16T11:07:49Z</time>
        </trkpt>        <trkpt lat="50.06350825880768" lon="19.984618751791707">
            <ele>207.8076793216169</ele>
            <time>2026-08-16T11:07:50Z</time>
        </trkpt>        <trkpt lat="50.063489101623645" lon="19.984554797118243">
            <ele>207.96157926972955</ele>
            <time>2026-08-16T11:07:51Z</time>
        </trkpt>        <trkpt lat="50.06346980900001" lon="19.98449308186112">
            <ele>208.11422780994326</ele>
            <time>2026-08-16T11:07:52Z</time>
        </trkpt>        <trkpt lat="50.06344943185496" lon="19.984434198441445">
            <ele>208.26286989171058</ele>
            <time>2026-08-16T11:07:53Z</time>
        </trkpt>        <trkpt lat="50.06342864884854" lon="19.984379178310252">
            <ele>208.40423949901015</ele>
            <time>2026-08-16T11:07:54Z</time>
        </trkpt>        <trkpt lat="50.063407832688775" lon="19.98432800557677">
            <ele>208.53497882839292</ele>
            <time>2026-08-16T11:07:56Z</time>
        </trkpt>        <trkpt lat="50.06338689045089" lon="19.984280961552113">
            <ele>208.65114948153496</ele>
            <time>2026-08-16T11:07:57Z</time>
        </trkpt>        <trkpt lat="50.06336640301261" lon="19.98423865808262">
            <ele>208.74994824174792</ele>
            <time>2026-08-16T11:07:58Z</time>
        </trkpt>        <trkpt lat="50.063347023331865" lon="19.984203823757632">
            <ele>208.82926252763718</ele>
            <time>2026-08-16T11:07:59Z</time>
        </trkpt>        <trkpt lat="50.06332986581643" lon="19.984181049324032">
            <ele>208.88802288100123</ele>
            <time>2026-08-16T11:08:00Z</time>
        </trkpt>        <trkpt lat="50.063316463942556" lon="19.98417067053995">
            <ele>208.9263632260263</ele>
            <time>2026-08-16T11:08:01Z</time>
        </trkpt>        <trkpt lat="50.06330698071027" lon="19.984169834998742">
            <ele>208.94570029899478</ele>
            <time>2026-08-16T11:08:02Z</time>
        </trkpt>        <trkpt lat="50.06329929102149" lon="19.98417619807714">
            <ele>208.94861307181418</ele>
            <time>2026-08-16T11:08:03Z</time>
        </trkpt>        <trkpt lat="50.06328964624067" lon="19.984188354292765">
            <ele>208.93867217563093</ele>
            <time>2026-08-16T11:08:04Z</time>
        </trkpt>        <trkpt lat="50.06327535702928" lon="19.984205655828283">
            <ele>208.9200766850263</ele>
            <time>2026-08-16T11:08:05Z</time>
        </trkpt>        <trkpt lat="50.063255509772155" lon="19.984227048050133">
            <ele>208.89716860745102</ele>
            <time>2026-08-16T11:08:06Z</time>
        </trkpt>        <trkpt lat="50.06323065488811" lon="19.98425111271339">
            <ele>208.87401765678078</ele>
            <time>2026-08-16T11:08:07Z</time>
        </trkpt>        <trkpt lat="50.06320243957025" lon="19.984276490483417">
            <ele>208.85401237662882</ele>
            <time>2026-08-16T11:08:08Z</time>
        </trkpt>        <trkpt lat="50.0631729668809" lon="19.984302259806054">
            <ele>208.83961873315275</ele>
            <time>2026-08-16T11:08:09Z</time>
        </trkpt>        <trkpt lat="50.06314381439037" lon="19.984327198516482">
            <ele>208.83261334709823</ele>
            <time>2026-08-16T11:08:10Z</time>
        </trkpt>        <trkpt lat="50.063114412999184" lon="19.984349438894963">
            <ele>208.8346521165222</ele>
            <time>2026-08-16T11:08:11Z</time>
        </trkpt>        <trkpt lat="50.06308315071811" lon="19.984363506759337">
            <ele>208.84773514326662</ele>
            <time>2026-08-16T11:08:12Z</time>
        </trkpt>        <trkpt lat="50.06305040401211" lon="19.984359136882567">
            <ele>208.87437911331654</ele>
            <time>2026-08-16T11:08:13Z</time>
        </trkpt>        <trkpt lat="50.06301949193636" lon="19.984329508724993">
            <ele>208.91748449672014</ele>
            <time>2026-08-16T11:08:14Z</time>
        </trkpt>        <trkpt lat="50.06299267273046" lon="19.984277828661206">
            <ele>208.97979852557182</ele>
            <time>2026-08-16T11:08:15Z</time>
        </trkpt>        <trkpt lat="50.06296830833714" lon="19.98421465664718">
            <ele>209.06286853924394</ele>
            <time>2026-08-16T11:08:16Z</time>
        </trkpt>        <trkpt lat="50.062943953343414" lon="19.984149442464528">
            <ele>209.16631199605763</ele>
            <time>2026-08-16T11:08:17Z</time>
        </trkpt>        <trkpt lat="50.06291894757885" lon="19.984086004815538">
            <ele>209.288269453682</ele>
            <time>2026-08-16T11:08:18Z</time>
        </trkpt>        <trkpt lat="50.062893597843654" lon="19.984024963004384">
            <ele>209.426267943345</ele>
            <time>2026-08-16T11:08:19Z</time>
        </trkpt>        <trkpt lat="50.0628681496357" lon="19.98396569004309">
            <ele>209.57775846216828</ele>
            <time>2026-08-16T11:08:20Z</time>
        </trkpt>        <trkpt lat="50.06284229567524" lon="19.983907071117155">
            <ele>209.74040905479342</ele>
            <time>2026-08-16T11:08:21Z</time>
        </trkpt>        <trkpt lat="50.06281566540794" lon="19.98384818431045">
            <ele>209.9119322989136</ele>
            <time>2026-08-16T11:08:22Z</time>
        </trkpt>        <trkpt lat="50.06278825681397" lon="19.983788129268298">
            <ele>210.0891784792766</ele>
            <time>2026-08-16T11:08:23Z</time>
        </trkpt>        <trkpt lat="50.062759917299125" lon="19.983725931293204">
            <ele>210.26694160792977</ele>
            <time>2026-08-16T11:08:24Z</time>
        </trkpt>        <trkpt lat="50.062730469636534" lon="19.983661497252005">
            <ele>210.43758115544915</ele>
            <time>2026-08-16T11:08:25Z</time>
        </trkpt>        <trkpt lat="50.06269994637239" lon="19.983595388599504">
            <ele>210.5919112758711</ele>
            <time>2026-08-16T11:08:26Z</time>
        </trkpt>        <trkpt lat="50.06266804970454" lon="19.98352737810699">
            <ele>210.7206543451175</ele>
            <time>2026-08-16T11:08:27Z</time>
        </trkpt>        <trkpt lat="50.062634492602534" lon="19.983457316567915">
            <ele>210.81610807869583</ele>
            <time>2026-08-16T11:08:28Z</time>
        </trkpt>        <trkpt lat="50.06259992118188" lon="19.98338572817611">
            <ele>210.874069172889</ele>
            <time>2026-08-16T11:08:29Z</time>
        </trkpt>        <trkpt lat="50.06256489751272" lon="19.983312793844856">
            <ele>210.89473775029182</ele>
            <time>2026-08-16T11:08:30Z</time>
        </trkpt>        <trkpt lat="50.06252936704017" lon="19.983238624383272">
            <ele>210.8817967493087</ele>
            <time>2026-08-16T11:08:31Z</time>
        </trkpt>        <trkpt lat="50.06249346097774" lon="19.9831631925699">
            <ele>210.84097067359835</ele>
            <time>2026-08-16T11:08:32Z</time>
        </trkpt>        <trkpt lat="50.06245687338288" lon="19.983086197724397">
            <ele>210.77873610518873</ele>
            <time>2026-08-16T11:08:33Z</time>
        </trkpt>        <trkpt lat="50.06241857940346" lon="19.983008142432446">
            <ele>210.70110854879022</ele>
            <time>2026-08-16T11:08:34Z</time>
        </trkpt>        <trkpt lat="50.06237998148795" lon="19.98292882956121">
            <ele>210.61292268149555</ele>
            <time>2026-08-16T11:08:35Z</time>
        </trkpt>        <trkpt lat="50.06234242990148" lon="19.982847501617133">
            <ele>210.5177314467728</ele>
            <time>2026-08-16T11:08:36Z</time>
        </trkpt>        <trkpt lat="50.06230506474027" lon="19.982765557202573">
            <ele>210.4179509645328</ele>
            <time>2026-08-16T11:08:37Z</time>
        </trkpt>        <trkpt lat="50.06226709927644" lon="19.9826853629323">
            <ele>210.3148970324546</ele>
            <time>2026-08-16T11:08:38Z</time>
        </trkpt>        <trkpt lat="50.06222768171372" lon="19.98260651349221">
            <ele>210.20867308136076</ele>
            <time>2026-08-16T11:08:39Z</time>
        </trkpt>        <trkpt lat="50.0621873704551" lon="19.98252709576455">
            <ele>210.0981913227588</ele>
            <time>2026-08-16T11:08:40Z</time>
        </trkpt>        <trkpt lat="50.0621471591744" lon="19.982445795741587">
            <ele>209.9815905354917</ele>
            <time>2026-08-16T11:08:41Z</time>
        </trkpt>        <trkpt lat="50.06210651153209" lon="19.982362180595022">
            <ele>209.85681549925357</ele>
            <time>2026-08-16T11:08:42Z</time>
        </trkpt>        <trkpt lat="50.062064745796135" lon="19.982278131507115">
            <ele>209.72203442454338</ele>
            <time>2026-08-16T11:08:43Z</time>
        </trkpt>        <trkpt lat="50.062021782865024" lon="19.982194574179918">
            <ele>209.5759514560923</ele>
            <time>2026-08-16T11:08:44Z</time>
        </trkpt>        <trkpt lat="50.06197781713754" lon="19.98210947700865">
            <ele>209.4179336167872</ele>
            <time>2026-08-16T11:08:45Z</time>
        </trkpt>        <trkpt lat="50.061933174775966" lon="19.982024028408976">
            <ele>209.2477092090994</ele>
            <time>2026-08-16T11:08:46Z</time>
        </trkpt>        <trkpt lat="50.06188922599116" lon="19.98194319003742">
            <ele>209.0648867059499</ele>
            <time>2026-08-16T11:08:47Z</time>
        </trkpt>        <trkpt lat="50.06184149209503" lon="19.981882588426146">
            <ele>208.86851824447513</ele>
            <time>2026-08-16T11:08:48Z</time>
        </trkpt>        <trkpt lat="50.06179071358013" lon="19.981846208712927">
            <ele>208.65668596234173</ele>
            <time>2026-08-16T11:08:49Z</time>
        </trkpt>        <trkpt lat="50.061741000415395" lon="19.981831452213346">
            <ele>208.42648224998266</ele>
            <time>2026-08-16T11:08:50Z</time>
        </trkpt>        <trkpt lat="50.06169091117696" lon="19.981846083609213">
            <ele>208.17484943103045</ele>
            <time>2026-08-16T11:08:51Z</time>
        </trkpt>        <trkpt lat="50.061641953814046" lon="19.98188624603803">
            <ele>207.90003648679703</ele>
            <time>2026-08-16T11:08:52Z</time>
        </trkpt>        <trkpt lat="50.06159516927631" lon="19.981941466779112">
            <ele>207.60268390644342</ele>
            <time>2026-08-16T11:08:53Z</time>
        </trkpt>        <trkpt lat="50.061550955425076" lon="19.982003972789375">
            <ele>207.28611334227026</ele>
            <time>2026-08-16T11:08:54Z</time>
        </trkpt>        <trkpt lat="50.06151025802957" lon="19.982071914032144">
            <ele>206.9560683220625</ele>
            <time>2026-08-16T11:08:55Z</time>
        </trkpt>        <trkpt lat="50.06147435049314" lon="19.982145087013475">
            <ele>206.61952762585133</ele>
            <time>2026-08-16T11:08:55Z</time>
        </trkpt>        <trkpt lat="50.06146149338166" lon="19.982233600325596">
            <ele>206.2827580217272</ele>
            <time>2026-08-16T11:08:56Z</time>
        </trkpt>        <trkpt lat="50.06147954532697" lon="19.982327795188215">
            <ele>205.9498611120507</ele>
            <time>2026-08-16T11:08:57Z</time>
        </trkpt>        <trkpt lat="50.06150961041395" lon="19.98240746009202">
            <ele>205.62235898710787</ele>
            <time>2026-08-16T11:08:58Z</time>
        </trkpt>        <trkpt lat="50.06154686742121" lon="19.982470958008477">
            <ele>205.29941675625741</ele>
            <time>2026-08-16T11:08:59Z</time>
        </trkpt>        <trkpt lat="50.06159432312518" lon="19.982519251427583">
            <ele>204.9787711808458</ele>
            <time>2026-08-16T11:09:00Z</time>
        </trkpt>        <trkpt lat="50.0616562583733" lon="19.982537926474997">
            <ele>204.6583740413189</ele>
            <time>2026-08-16T11:09:01Z</time>
        </trkpt>        <trkpt lat="50.06172874924631" lon="19.98253978609471">
            <ele>204.33768775314093</ele>
            <time>2026-08-16T11:09:02Z</time>
        </trkpt>        <trkpt lat="50.06180082557693" lon="19.982552794175884">
            <ele>204.01790327113122</ele>
            <time>2026-08-16T11:09:03Z</time>
        </trkpt>        <trkpt lat="50.06187070260654" lon="19.982574662643366">
            <ele>203.70159240067005</ele>
            <time>2026-08-16T11:09:04Z</time>
        </trkpt>        <trkpt lat="50.06192850855922" lon="19.98261647602374">
            <ele>203.3920498052612</ele>
            <time>2026-08-16T11:09:05Z</time>
        </trkpt>        <trkpt lat="50.06196908845728" lon="19.982674331917167">
            <ele>203.09218463674188</ele>
            <time>2026-08-16T11:09:06Z</time>
        </trkpt>        <trkpt lat="50.06199099888555" lon="19.98273805576491">
            <ele>202.8036369709298</ele>
            <time>2026-08-16T11:09:07Z</time>
        </trkpt>        <trkpt lat="50.061988152502195" lon="19.982810959796428">
            <ele>202.52674245089293</ele>
            <time>2026-08-16T11:09:08Z</time>
        </trkpt>        <trkpt lat="50.06196582805357" lon="19.982889025945802">
            <ele>202.26093051116914</ele>
            <time>2026-08-16T11:09:09Z</time>
        </trkpt>        <trkpt lat="50.061922326795155" lon="19.98296247195973">
            <ele>202.00530114304274</ele>
            <time>2026-08-16T11:09:10Z</time>
        </trkpt>        <trkpt lat="50.061872740183055" lon="19.983040583577967">
            <ele>201.75948563031852</ele>
            <time>2026-08-16T11:09:11Z</time>
        </trkpt>        <trkpt lat="50.06183548668852" lon="19.983140413245145">
            <ele>201.52434584870934</ele>
            <time>2026-08-16T11:09:12Z</time>
        </trkpt>        <trkpt lat="50.06180719186852" lon="19.98324929374487">
            <ele>201.30211190599948</ele>
            <time>2026-08-16T11:09:13Z</time>
        </trkpt>        <trkpt lat="50.06178432700466" lon="19.983357427023545">
            <ele>201.09606119431555</ele>
            <time>2026-08-16T11:09:14Z</time>
        </trkpt>        <trkpt lat="50.061764215793325" lon="19.98346782107831">
            <ele>200.90983858983964</ele>
            <time>2026-08-16T11:09:15Z</time>
        </trkpt>        <trkpt lat="50.06174715158249" lon="19.983581495006657">
            <ele>200.74627214856446</ele>
            <time>2026-08-16T11:09:16Z</time>
        </trkpt>        <trkpt lat="50.06173194628736" lon="19.98369565585465">
            <ele>200.60627503693104</ele>
            <time>2026-08-16T11:09:17Z</time>
        </trkpt>        <trkpt lat="50.061717120748455" lon="19.983807817114705">
            <ele>200.48872231785208</ele>
            <time>2026-08-16T11:09:18Z</time>
        </trkpt>        <trkpt lat="50.06170266060097" lon="19.983918898841853">
            <ele>200.39098714385182</ele>
            <time>2026-08-16T11:09:19Z</time>
        </trkpt>        <trkpt lat="50.06168947563761" lon="19.984032029132646">
            <ele>200.3097221078351</ele>
            <time>2026-08-16T11:09:20Z</time>
        </trkpt>        <trkpt lat="50.061673858174885" lon="19.984146799871002">
            <ele>200.24208673182875</ele>
            <time>2026-08-16T11:09:21Z</time>
        </trkpt>        <trkpt lat="50.061647086604026" lon="19.984255275271714">
            <ele>200.1868306575343</ele>
            <time>2026-08-16T11:09:22Z</time>
        </trkpt>        <trkpt lat="50.06160363211484" lon="19.98434859744865">
            <ele>200.14451329223812</ele>
            <time>2026-08-16T11:09:23Z</time>
        </trkpt>        <trkpt lat="50.06154698044101" lon="19.98441870695276">
            <ele>200.11697421129793</ele>
            <time>2026-08-16T11:09:24Z</time>
        </trkpt>        <trkpt lat="50.061482978776645" lon="19.984461874574578">
            <ele>200.1065241796896</ele>
            <time>2026-08-16T11:09:25Z</time>
        </trkpt>        <trkpt lat="50.06141693363544" lon="19.984491764171292">
            <ele>200.11501547507942</ele>
            <time>2026-08-16T11:09:26Z</time>
        </trkpt>        <trkpt lat="50.06135200781257" lon="19.9845258954655">
            <ele>200.142888488248</ele>
            <time>2026-08-16T11:09:27Z</time>
        </trkpt>        <trkpt lat="50.0612878229492" lon="19.984564581705968">
            <ele>200.18865823186934</ele>
            <time>2026-08-16T11:09:28Z</time>
        </trkpt>        <trkpt lat="50.061222645486076" lon="19.984604847569024">
            <ele>200.24882928282022</ele>
            <time>2026-08-16T11:09:29Z</time>
        </trkpt>        <trkpt lat="50.061157014247584" lon="19.984647405900155">
            <ele>200.3181601120159</ele>
            <time>2026-08-16T11:09:30Z</time>
        </trkpt>        <trkpt lat="50.061092405921116" lon="19.984693093587662">
            <ele>200.39063598960638</ele>
            <time>2026-08-16T11:09:31Z</time>
        </trkpt>        <trkpt lat="50.06102762351458" lon="19.984740070133682">
            <ele>200.4607595540583</ele>
            <time>2026-08-16T11:09:32Z</time>
        </trkpt>        <trkpt lat="50.06096196994345" lon="19.984785035004133">
            <ele>200.52455344516784</ele>
            <time>2026-08-16T11:09:33Z</time>
        </trkpt>        <trkpt lat="50.060893985100236" lon="19.984825409989522">
            <ele>200.58037168253213</ele>
            <time>2026-08-16T11:09:34Z</time>
        </trkpt>        <trkpt lat="50.060824145180995" lon="19.984857175588022">
            <ele>200.62936916202307</ele>
            <time>2026-08-16T11:09:35Z</time>
        </trkpt>        <trkpt lat="50.0607527446863" lon="19.984880846371937">
            <ele>200.67518783453852</ele>
            <time>2026-08-16T11:09:36Z</time>
        </trkpt>        <trkpt lat="50.06067976645959" lon="19.984898975714277">
            <ele>200.72320132609457</ele>
            <time>2026-08-16T11:09:37Z</time>
        </trkpt>        <trkpt lat="50.06060719983529" lon="19.984904265614166">
            <ele>200.77977948915213</ele>
            <time>2026-08-16T11:09:38Z</time>
        </trkpt>        <trkpt lat="50.06054146776133" lon="19.98488487464291">
            <ele>200.8514927830547</ele>
            <time>2026-08-16T11:09:39Z</time>
        </trkpt>        <trkpt lat="50.06048474042771" lon="19.984850718267392">
            <ele>200.94435461983085</ele>
            <time>2026-08-16T11:09:40Z</time>
        </trkpt>        <trkpt lat="50.060433708423346" lon="19.984815788332316">
            <ele>201.06329687219113</ele>
            <time>2026-08-16T11:09:41Z</time>
        </trkpt>        <trkpt lat="50.06038883716907" lon="19.984778824644902">
            <ele>201.21163897402585</ele>
            <time>2026-08-16T11:09:42Z</time>
        </trkpt>        <trkpt lat="50.06035004591372" lon="19.98474023646904">
            <ele>201.39066147524863</ele>
            <time>2026-08-16T11:09:43Z</time>
        </trkpt>        <trkpt lat="50.06031625395727" lon="19.984700072312457">
            <ele>201.59950786083937</ele>
            <time>2026-08-16T11:09:44Z</time>
        </trkpt>        <trkpt lat="50.0602844743147" lon="19.98465697325881">
            <ele>201.8351421058178</ele>
            <time>2026-08-16T11:09:45Z</time>
        </trkpt>        <trkpt lat="50.060252161096415" lon="19.984611072605613">
            <ele>202.09250352531672</ele>
            <time>2026-08-16T11:09:46Z</time>
        </trkpt>        <trkpt lat="50.06021840490082" lon="19.984563681183364">
            <ele>202.36483442876488</ele>
            <time>2026-08-16T11:09:47Z</time>
        </trkpt>        <trkpt lat="50.06018354563049" lon="19.984515221790943">
            <ele>202.64409852214158</ele>
            <time>2026-08-16T11:09:48Z</time>
        </trkpt>        <trkpt lat="50.060148573731176" lon="19.984465484465414">
            <ele>202.92179905064404</ele>
            <time>2026-08-16T11:09:49Z</time>
        </trkpt>        <trkpt lat="50.06011346598347" lon="19.98441413097569">
            <ele>203.1899246610701</ele>
            <time>2026-08-16T11:09:50Z</time>
        </trkpt>        <trkpt lat="50.06007804165923" lon="19.98436041614416">
            <ele>203.4416755270213</ele>
            <time>2026-08-16T11:09:51Z</time>
        </trkpt>        <trkpt lat="50.060042188620685" lon="19.98430340987555">
            <ele>203.67220826260746</ele>
            <time>2026-08-16T11:09:52Z</time>
        </trkpt>        <trkpt lat="50.060006336755585" lon="19.98424360197787">
            <ele>203.87910190597177</ele>
            <time>2026-08-16T11:09:53Z</time>
        </trkpt>        <trkpt lat="50.05997122854884" lon="19.984181982012686">
            <ele>204.0620381133631</ele>
            <time>2026-08-16T11:09:54Z</time>
        </trkpt>        <trkpt lat="50.059936520410616" lon="19.984119060079248">
            <ele>204.22220395691693</ele>
            <time>2026-08-16T11:09:55Z</time>
        </trkpt>        <trkpt lat="50.059901675491446" lon="19.98405448518689">
            <ele>204.36170506291091</ele>
            <time>2026-08-16T11:09:56Z</time>
        </trkpt>        <trkpt lat="50.05986708790385" lon="19.983987164961963">
            <ele>204.48285247571766</ele>
            <time>2026-08-16T11:09:57Z</time>
        </trkpt>        <trkpt lat="50.05983366165007" lon="19.983917465702355">
            <ele>204.58761429600418</ele>
            <time>2026-08-16T11:09:58Z</time>
        </trkpt>        <trkpt lat="50.05980167695721" lon="19.983847993685995">
            <ele>204.67734481580555</ele>
            <time>2026-08-16T11:09:59Z</time>
        </trkpt>        <trkpt lat="50.05976932129791" lon="19.983779483922188">
            <ele>204.7527467207983</ele>
            <time>2026-08-16T11:10:00Z</time>
        </trkpt>        <trkpt lat="50.05973432857742" lon="19.983709541729233">
            <ele>204.81407040264457</ele>
            <time>2026-08-16T11:10:02Z</time>
        </trkpt>        <trkpt lat="50.05969677031984" lon="19.983637414649127">
            <ele>204.86110126320273</ele>
            <time>2026-08-16T11:10:03Z</time>
        </trkpt>        <trkpt lat="50.05965536173321" lon="19.983565570343018">
            <ele>204.89424515515566</ele>
            <time>2026-08-16T11:10:04Z</time>
        </trkpt>        <trkpt lat="50.05961168223241" lon="19.98349565462615">
            <ele>204.91441904753447</ele>
            <time>2026-08-16T11:10:05Z</time>
        </trkpt>        <trkpt lat="50.05956879294913" lon="19.98342641056958">
            <ele>204.9234183235094</ele>
            <time>2026-08-16T11:10:06Z</time>
        </trkpt>        <trkpt lat="50.059526564754684" lon="19.98335703000471">
            <ele>204.92397313099355</ele>
            <time>2026-08-16T11:10:07Z</time>
        </trkpt>        <trkpt lat="50.0594849279546" lon="19.98328737083492">
            <ele>204.9192885281518</ele>
            <time>2026-08-16T11:10:08Z</time>
        </trkpt>        <trkpt lat="50.05944278648118" lon="19.98321687298059">
            <ele>204.91246343962848</ele>
            <time>2026-08-16T11:10:09Z</time>
        </trkpt>        <trkpt lat="50.0594004345064" lon="19.983145562499665">
            <ele>204.90610420983285</ele>
            <time>2026-08-16T11:10:10Z</time>
        </trkpt>        <trkpt lat="50.059359472829534" lon="19.983073799271136">
            <ele>204.90202784817666</ele>
            <time>2026-08-16T11:10:11Z</time>
        </trkpt>        <trkpt lat="50.05931992454045" lon="19.98300122367943">
            <ele>204.90113912615925</ele>
            <time>2026-08-16T11:10:12Z</time>
        </trkpt>        <trkpt lat="50.05928059040119" lon="19.9829282755098">
            <ele>204.90360031928867</ele>
            <time>2026-08-16T11:10:13Z</time>
        </trkpt>        <trkpt lat="50.05923817372138" lon="19.982857580686147">
            <ele>204.9090656088665</ele>
            <time>2026-08-16T11:10:14Z</time>
        </trkpt>        <trkpt lat="50.059190395660366" lon="19.98279235401559">
            <ele>204.9167748009786</ele>
            <time>2026-08-16T11:10:15Z</time>
        </trkpt>        <trkpt lat="50.05913854506378" lon="19.98273251290595">
            <ele>204.92552591115236</ele>
            <time>2026-08-16T11:10:16Z</time>
        </trkpt>        <trkpt lat="50.05908387034688" lon="19.98267448507131">
            <ele>204.93370086699724</ele>
            <time>2026-08-16T11:10:17Z</time>
        </trkpt>        <trkpt lat="50.0590278190302" lon="19.982616711446717">
            <ele>204.93953068833798</ele>
            <time>2026-08-16T11:10:18Z</time>
        </trkpt>        <trkpt lat="50.05897147731428" lon="19.982559559703095">
            <ele>204.94147953391075</ele>
            <time>2026-08-16T11:10:19Z</time>
        </trkpt>        <trkpt lat="50.058915121195334" lon="19.98250448756149">
            <ele>204.93854881916195</ele>
            <time>2026-08-16T11:10:20Z</time>
        </trkpt>        <trkpt lat="50.05885873916702" lon="19.982452219457947">
            <ele>204.9305251976475</ele>
            <time>2026-08-16T11:10:21Z</time>
        </trkpt>        <trkpt lat="50.0588018623705" lon="19.982401726934725">
            <ele>204.91814341396093</ele>
            <time>2026-08-16T11:10:22Z</time>
        </trkpt>        <trkpt lat="50.05874298537043" lon="19.982350585089815">
            <ele>204.9030247675255</ele>
            <time>2026-08-16T11:10:23Z</time>
        </trkpt>        <trkpt lat="50.05868286294626" lon="19.98229779607447">
            <ele>204.8874851167202</ele>
            <time>2026-08-16T11:10:24Z</time>
        </trkpt>        <trkpt lat="50.05862567433314" lon="19.982246025421098">
            <ele>204.8742398377508</ele>
            <time>2026-08-16T11:10:25Z</time>
        </trkpt>        <trkpt lat="50.05857228391548" lon="19.982196167589294">
            <ele>204.865908337757</ele>
            <time>2026-08-16T11:10:26Z</time>
        </trkpt>        <trkpt lat="50.058521436027114" lon="19.982147441589692">
            <ele>204.8645234638825</ele>
            <time>2026-08-16T11:10:27Z</time>
        </trkpt>        <trkpt lat="50.05847220429427" lon="19.98209822755041">
            <ele>204.8712742207572</ele>
            <time>2026-08-16T11:10:28Z</time>
        </trkpt>        <trkpt lat="50.058423277109064" lon="19.98204660546294">
            <ele>204.88636202551425</ele>
            <time>2026-08-16T11:10:29Z</time>
        </trkpt>        <trkpt lat="50.05837064365462" lon="19.981995898320378">
            <ele>204.90899547096342</ele>
            <time>2026-08-16T11:10:30Z</time>
        </trkpt>        <trkpt lat="50.058313080960076" lon="19.981949514502315">
            <ele>204.93764387164265</ele>
            <time>2026-08-16T11:10:31Z</time>
        </trkpt>        <trkpt lat="50.05825380742609" lon="19.98190438505653">
            <ele>204.97039049491286</ele>
            <time>2026-08-16T11:10:32Z</time>
        </trkpt>        <trkpt lat="50.05819429330166" lon="19.981857375111304">
            <ele>205.00536153279245</ele>
            <time>2026-08-16T11:10:33Z</time>
        </trkpt>        <trkpt lat="50.05813507207082" lon="19.98180654542528">
            <ele>205.0412524426356</ele>
            <time>2026-08-16T11:10:34Z</time>
        </trkpt>        <trkpt lat="50.05807633619505" lon="19.98175203215449">
            <ele>205.07762190606445</ele>
            <time>2026-08-16T11:10:35Z</time>
        </trkpt>        <trkpt lat="50.05801825088495" lon="19.98169665167157">
            <ele>205.1147246612236</ele>
            <time>2026-08-16T11:10:36Z</time>
        </trkpt>        <trkpt lat="50.057960435922276" lon="19.981642494965207">
            <ele>205.15310378931463</ele>
            <time>2026-08-16T11:10:37Z</time>
        </trkpt>        <trkpt lat="50.05790274858082" lon="19.981587297328204">
            <ele>205.1930707534775</ele>
            <time>2026-08-16T11:10:38Z</time>
        </trkpt>        <trkpt lat="50.057845556684775" lon="19.98152992515847">
            <ele>205.23401849344373</ele>
            <time>2026-08-16T11:10:39Z</time>
        </trkpt>        <trkpt lat="50.05778880174512" lon="19.981472578471124">
            <ele>205.27406874950975</ele>
            <time>2026-08-16T11:10:40Z</time>
        </trkpt>        <trkpt lat="50.057732788203104" lon="19.981415072803625">
            <ele>205.31059397943318</ele>
            <time>2026-08-16T11:10:41Z</time>
        </trkpt>        <trkpt lat="50.05767731289408" lon="19.981358258568008">
            <ele>205.34113901201636</ele>
            <time>2026-08-16T11:10:42Z</time>
        </trkpt>        <trkpt lat="50.05762207308035" lon="19.981305172335492">
            <ele>205.36410381272435</ele>
            <time>2026-08-16T11:10:43Z</time>
        </trkpt>        <trkpt lat="50.057567432784545" lon="19.98125580430778">
            <ele>205.37922349013388</ele>
            <time>2026-08-16T11:10:44Z</time>
        </trkpt>        <trkpt lat="50.05751731104701" lon="19.9811992751247">
            <ele>205.38771705981344</ele>
            <time>2026-08-16T11:10:45Z</time>
        </trkpt>        <trkpt lat="50.057472183292056" lon="19.981134264908125">
            <ele>205.39173836819828</ele>
            <time>2026-08-16T11:10:46Z</time>
        </trkpt>        <trkpt lat="50.05743584354098" lon="19.981057724379752">
            <ele>205.3935029655695</ele>
            <time>2026-08-16T11:10:47Z</time>
        </trkpt>        <trkpt lat="50.057409325362656" lon="19.980966958511786">
            <ele>205.39471466839314</ele>
            <time>2026-08-16T11:10:48Z</time>
        </trkpt>        <trkpt lat="50.057379923697745" lon="19.980877064662042">
            <ele>205.39634919632226</ele>
            <time>2026-08-16T11:10:49Z</time>
        </trkpt>        <trkpt lat="50.05734398870646" lon="19.980793226158976">
            <ele>205.39868640433997</ele>
            <time>2026-08-16T11:10:50Z</time>
        </trkpt>        <trkpt lat="50.057305731461334" lon="19.980712114400617">
            <ele>205.40163076575845</ele>
            <time>2026-08-16T11:10:51Z</time>
        </trkpt>        <trkpt lat="50.05726544001208" lon="19.98063148921062">
            <ele>205.4052023543045</ele>
            <time>2026-08-16T11:10:52Z</time>
        </trkpt>        <trkpt lat="50.057224634361226" lon="19.980551768099872">
            <ele>205.40985049214214</ele>
            <time>2026-08-16T11:10:53Z</time>
        </trkpt>        <trkpt lat="50.0571865145756" lon="19.980473673167904">
            <ele>205.4164513386786</ele>
            <time>2026-08-16T11:10:54Z</time>
        </trkpt>        <trkpt lat="50.057149584802985" lon="19.980396791800786">
            <ele>205.42611802835017</ele>
            <time>2026-08-16T11:10:55Z</time>
        </trkpt>        <trkpt lat="50.05711242824848" lon="19.980319858950164">
            <ele>205.4398571839556</ele>
            <time>2026-08-16T11:10:56Z</time>
        </trkpt>        <trkpt lat="50.057076445810715" lon="19.98024127873936">
            <ele>205.45806888211519</ele>
            <time>2026-08-16T11:10:57Z</time>
        </trkpt>        <trkpt lat="50.05704027077114" lon="19.980160655820328">
            <ele>205.48023715242743</ele>
            <time>2026-08-16T11:10:58Z</time>
        </trkpt>        <trkpt lat="50.057001616331746" lon="19.980079800649833">
            <ele>205.50507783237845</ele>
            <time>2026-08-16T11:10:59Z</time>
        </trkpt>        <trkpt lat="50.0569636933412" lon="19.98000132050015">
            <ele>205.5308840526268</ele>
            <time>2026-08-16T11:11:00Z</time>
        </trkpt>        <trkpt lat="50.05692811145023" lon="19.97992449606908">
            <ele>205.55592015758157</ele>
            <time>2026-08-16T11:11:01Z</time>
        </trkpt>        <trkpt lat="50.0568929364562" lon="19.979847336960404">
            <ele>205.57892976142466</ele>
            <time>2026-08-16T11:11:02Z</time>
        </trkpt>        <trkpt lat="50.05685765669551" lon="19.979769054998787">
            <ele>205.5995132960379</ele>
            <time>2026-08-16T11:11:03Z</time>
        </trkpt>        <trkpt lat="50.05682053858865" lon="19.979690920287666">
            <ele>205.61815984547138</ele>
            <time>2026-08-16T11:11:04Z</time>
        </trkpt>        <trkpt lat="50.05678270960349" lon="19.97961476161188">
            <ele>205.6360901929438</ele>
            <time>2026-08-16T11:11:05Z</time>
        </trkpt>        <trkpt lat="50.05674590707352" lon="19.979539900623347">
            <ele>205.65493375156075</ele>
            <time>2026-08-16T11:11:06Z</time>
        </trkpt>        <trkpt lat="50.056709280817444" lon="19.97946612953985">
            <ele>205.6761620901525</ele>
            <time>2026-08-16T11:11:07Z</time>
        </trkpt>        <trkpt lat="50.05667269275332" lon="19.979393539576098">
            <ele>205.7005434082821</ele>
            <time>2026-08-16T11:11:08Z</time>
        </trkpt>        <trkpt lat="50.05663611885849" lon="19.97932156884649">
            <ele>205.72783529013395</ele>
            <time>2026-08-16T11:11:09Z</time>
        </trkpt>        <trkpt lat="50.0565989496834" lon="19.979249616056425">
            <ele>205.75663763284683</ele>
            <time>2026-08-16T11:11:10Z</time>
        </trkpt>        <trkpt lat="50.05656114204941" lon="19.97917848606613">
            <ele>205.78454341366887</ele>
            <time>2026-08-16T11:11:11Z</time>
        </trkpt>        <trkpt lat="50.05652252367113" lon="19.979109197452246">
            <ele>205.80872589256614</ele>
            <time>2026-08-16T11:11:12Z</time>
        </trkpt>        <trkpt lat="50.05648188237287" lon="19.979042279887484">
            <ele>205.826633782126</ele>
            <time>2026-08-16T11:11:13Z</time>
        </trkpt>        <trkpt lat="50.05643860124996" lon="19.978978808197173">
            <ele>205.8365539368242</ele>
            <time>2026-08-16T11:11:14Z</time>
        </trkpt>        <trkpt lat="50.05639240440524" lon="19.978919268620377">
            <ele>205.83812625240535</ele>
            <time>2026-08-16T11:11:15Z</time>
        </trkpt>        <trkpt lat="50.05634391089885" lon="19.978863279072417">
            <ele>205.83258046396077</ele>
            <time>2026-08-16T11:11:16Z</time>
        </trkpt>        <trkpt lat="50.056294367501664" lon="19.978809736899464">
            <ele>205.82249773759395</ele>
            <time>2026-08-16T11:11:17Z</time>
        </trkpt>        <trkpt lat="50.056241202031146" lon="19.978759681046814">
            <ele>205.8114070435986</ele>
            <time>2026-08-16T11:11:18Z</time>
        </trkpt>        <trkpt lat="50.056184095831604" lon="19.978708782494323">
            <ele>205.8033410627395</ele>
            <time>2026-08-16T11:11:19Z</time>
        </trkpt>        <trkpt lat="50.05612825597078" lon="19.978646996905024">
            <ele>205.80229892022908</ele>
            <time>2026-08-16T11:11:19Z</time>
        </trkpt>        <trkpt lat="50.05607659957723" lon="19.978572401500802">
            <ele>205.8116900017485</ele>
            <time>2026-08-16T11:11:20Z</time>
        </trkpt>        <trkpt lat="50.05602789716715" lon="19.97849280429119">
            <ele>205.83368611894548</ele>
            <time>2026-08-16T11:11:21Z</time>
        </trkpt>        <trkpt lat="50.05598125608617" lon="19.9784134104854">
            <ele>205.86862981133163</ele>
            <time>2026-08-16T11:11:22Z</time>
        </trkpt>        <trkpt lat="50.055936824877996" lon="19.978335015008902">
            <ele>205.91491185780615</ele>
            <time>2026-08-16T11:11:23Z</time>
        </trkpt>        <trkpt lat="50.05589422849605" lon="19.978257653460407">
            <ele>205.9691610019654</ele>
            <time>2026-08-16T11:11:24Z</time>
        </trkpt>        <trkpt lat="50.05585327962544" lon="19.97818076056746">
            <ele>206.02663427963853</ele>
            <time>2026-08-16T11:11:25Z</time>
        </trkpt>        <trkpt lat="50.05581390701181" lon="19.97810636650516">
            <ele>206.08202447090298</ele>
            <time>2026-08-16T11:11:26Z</time>
        </trkpt>        <trkpt lat="50.05577605345603" lon="19.978034602774816">
            <ele>206.1304036527872</ele>
            <time>2026-08-16T11:11:27Z</time>
        </trkpt>        <trkpt lat="50.05573906812488" lon="19.977964218833314">
            <ele>206.16791175026447</ele>
            <time>2026-08-16T11:11:28Z</time>
        </trkpt>        <trkpt lat="50.055702390867346" lon="19.97789480730799">
            <ele>206.19232956599444</ele>
            <time>2026-08-16T11:11:29Z</time>
        </trkpt>        <trkpt lat="50.055662546379935" lon="19.97782522047883">
            <ele>206.2034958237782</ele>
            <time>2026-08-16T11:11:30Z</time>
        </trkpt>        <trkpt lat="50.055619204942985" lon="19.97775229032612">
            <ele>206.2033218415454</ele>
            <time>2026-08-16T11:11:31Z</time>
        </trkpt>        <trkpt lat="50.05557599347762" lon="19.977674575626974">
            <ele>206.19560427218676</ele>
            <time>2026-08-16T11:11:32Z</time>
        </trkpt>        <trkpt lat="50.0555341783087" lon="19.97759423382625">
            <ele>206.18556418642402</ele>
            <time>2026-08-16T11:11:33Z</time>
        </trkpt>        <trkpt lat="50.055493096142136" lon="19.977512424958697">
            <ele>206.1788819367066</ele>
            <time>2026-08-16T11:11:34Z</time>
        </trkpt>        <trkpt lat="50.055451418399336" lon="19.97743155512959">
            <ele>206.1806913567707</ele>
            <time>2026-08-16T11:11:35Z</time>
        </trkpt>        <trkpt lat="50.055409447318894" lon="19.97735266942127">
            <ele>206.19487526640296</ele>
            <time>2026-08-16T11:11:36Z</time>
        </trkpt>        <trkpt lat="50.055367839892206" lon="19.977274904784075">
            <ele>206.22348926402628</ele>
            <time>2026-08-16T11:11:37Z</time>
        </trkpt>        <trkpt lat="50.05532584058344" lon="19.97719813719375">
            <ele>206.26653505302966</ele>
            <time>2026-08-16T11:11:38Z</time>
        </trkpt>        <trkpt lat="50.05528395046755" lon="19.97712279293151">
            <ele>206.32229444477707</ele>
            <time>2026-08-16T11:11:39Z</time>
        </trkpt>        <trkpt lat="50.05524353953271" lon="19.97704653211744">
            <ele>206.38790516275913</ele>
            <time>2026-08-16T11:11:40Z</time>
        </trkpt>        <trkpt lat="50.05520425030628" lon="19.976970392270132">
            <ele>206.46017747186124</ele>
            <time>2026-08-16T11:11:41Z</time>
        </trkpt>        <trkpt lat="50.055164850992405" lon="19.976896930064342">
            <ele>206.53660692367703</ele>
            <time>2026-08-16T11:11:42Z</time>
        </trkpt>        <trkpt lat="50.055124949637" lon="19.976824704543493">
            <ele>206.6159711116925</ele>
            <time>2026-08-16T11:11:43Z</time>
        </trkpt>        <trkpt lat="50.05508434952475" lon="19.9767566828889">
            <ele>206.69818788953125</ele>
            <time>2026-08-16T11:11:44Z</time>
        </trkpt>        <trkpt lat="50.055043415347974" lon="19.97669342726313">
            <ele>206.7838013553992</ele>
            <time>2026-08-16T11:11:45Z</time>
        </trkpt>        <trkpt lat="50.05500212153395" lon="19.976634493995533">
            <ele>206.87331241741776</ele>
            <time>2026-08-16T11:11:46Z</time>
        </trkpt>        <trkpt lat="50.05495859387023" lon="19.97658399056635">
            <ele>206.96630191337317</ele>
            <time>2026-08-16T11:11:47Z</time>
        </trkpt>        <trkpt lat="50.054911713406504" lon="19.9765437712759">
            <ele>207.06085064541548</ele>
            <time>2026-08-16T11:11:48Z</time>
        </trkpt>        <trkpt lat="50.05486240563617" lon="19.976512357443553">
            <ele>207.15374772250652</ele>
            <time>2026-08-16T11:11:49Z</time>
        </trkpt>        <trkpt lat="50.05481282294973" lon="19.976488279643263">
            <ele>207.24098496232182</ele>
            <time>2026-08-16T11:11:50Z</time>
        </trkpt>        <trkpt lat="50.05476475636351" lon="19.976471082079158">
            <ele>207.3180253058672</ele>
            <time>2026-08-16T11:11:51Z</time>
        </trkpt>        <trkpt lat="50.05471801854538" lon="19.976460815018253">
            <ele>207.3799436800182</ele>
            <time>2026-08-16T11:11:52Z</time>
        </trkpt>        <trkpt lat="50.05467043731482" lon="19.97645664849546">
            <ele>207.42163915466517</ele>
            <time>2026-08-16T11:11:53Z</time>
        </trkpt>        <trkpt lat="50.05462099671511" lon="19.976456828912617">
            <ele>207.43825920671225</ele>
            <time>2026-08-16T11:11:54Z</time>
        </trkpt>        <trkpt lat="50.05457358863536" lon="19.976458669651567">
            <ele>207.4258949616924</ele>
            <time>2026-08-16T11:11:55Z</time>
        </trkpt>        <trkpt lat="50.05453419762452" lon="19.976459230136474">
            <ele>207.38236965890974</ele>
            <time>2026-08-16T11:11:56Z</time>
        </trkpt>        <trkpt lat="50.05450413886975" lon="19.976456593096508">
            <ele>207.3081610770896</ele>
            <time>2026-08-16T11:11:57Z</time>
        </trkpt>        <trkpt lat="50.0544814067018" lon="19.976448885459124">
            <ele>207.20712306257337</ele>
            <time>2026-08-16T11:11:58Z</time>
        </trkpt>        <trkpt lat="50.054464151140785" lon="19.976433865128676">
            <ele>207.08623175509274</ele>
            <time>2026-08-16T11:11:59Z</time>
        </trkpt>        <trkpt lat="50.05445065195958" lon="19.97641225919355">
            <ele>206.95475152600557</ele>
            <time>2026-08-16T11:12:00Z</time>
        </trkpt>        <trkpt lat="50.05444071062515" lon="19.976389589526992">
            <ele>206.82309163175523</ele>
            <time>2026-08-16T11:12:01Z</time>
        </trkpt>        <trkpt lat="50.054435319860474" lon="19.976371260823704">
            <ele>206.7009655246511</ele>
            <time>2026-08-16T11:12:02Z</time>
        </trkpt>        <trkpt lat="50.05443299820517" lon="19.976355147006743">
            <ele>206.5955957826227</ele>
            <time>2026-08-16T11:12:03Z</time>
        </trkpt>        <trkpt lat="50.05443133627836" lon="19.976336704147876">
            <ele>206.510825606063</ele>
            <time>2026-08-16T11:12:04Z</time>
        </trkpt>        <trkpt lat="50.054430221253924" lon="19.97631160409653">
            <ele>206.44675621949136</ele>
            <time>2026-08-16T11:12:05Z</time>
        </trkpt>        <trkpt lat="50.054430152247676" lon="19.976277080715704">
            <ele>206.40002891235054</ele>
            <time>2026-08-16T11:12:07Z</time>
        </trkpt>        <trkpt lat="50.0544311046654" lon="19.976237730682257">
            <ele>206.36574309132993</ele>
            <time>2026-08-16T11:12:08Z</time>
        </trkpt>        <trkpt lat="50.054434627841744" lon="19.97619442016673">
            <ele>206.33903027139604</ele>
            <time>2026-08-16T11:12:09Z</time>
        </trkpt>        <trkpt lat="50.05444295281269" lon="19.976143671701916">
            <ele>206.3165549170226</ele>
            <time>2026-08-16T11:12:10Z</time>
        </trkpt>        <trkpt lat="50.054455655922645" lon="19.976084164480188">
            <ele>206.29706795327365</ele>
            <time>2026-08-16T11:12:11Z</time>
        </trkpt>        <trkpt lat="50.05447001713832" lon="19.976016803782915">
            <ele>206.28145314007998</ele>
            <time>2026-08-16T11:12:12Z</time>
        </trkpt>        <trkpt lat="50.05448363207178" lon="19.97594377010533">
            <ele>206.27177205309272</ele>
            <time>2026-08-16T11:12:13Z</time>
        </trkpt>        <trkpt lat="50.054494808585865" lon="19.975866468491247">
            <ele>206.26995423715562</ele>
            <time>2026-08-16T11:12:14Z</time>
        </trkpt>        <trkpt lat="50.054501850405934" lon="19.97578573930231">
            <ele>206.27690785378218</ele>
            <time>2026-08-16T11:12:15Z</time>
        </trkpt>        <trkpt lat="50.054503259671876" lon="19.975702643573776">
            <ele>206.2919585639611</ele>
            <time>2026-08-16T11:12:16Z</time>
        </trkpt>        <trkpt lat="50.05449798942001" lon="19.975618979677733">
            <ele>206.3127115610987</ele>
            <time>2026-08-16T11:12:17Z</time>
        </trkpt>        <trkpt lat="50.05448550509979" lon="19.975536110437375">
            <ele>206.33574423845857</ele>
            <time>2026-08-16T11:12:18Z</time>
        </trkpt>        <trkpt lat="50.05446666833072" lon="19.97545480771571">
            <ele>206.35764158610255</ele>
            <time>2026-08-16T11:12:19Z</time>
        </trkpt>        <trkpt lat="50.054443855523424" lon="19.975374924978787">
            <ele>206.37566387746483</ele>
            <time>2026-08-16T11:12:20Z</time>
        </trkpt>        <trkpt lat="50.05441924886365" lon="19.975295494379708">
            <ele>206.38807098660618</ele>
            <time>2026-08-16T11:12:21Z</time>
        </trkpt>        <trkpt lat="50.05439395722606" lon="19.975215699529915">
            <ele>206.39419836364686</ele>
            <time>2026-08-16T11:12:22Z</time>
        </trkpt>        <trkpt lat="50.054368061398144" lon="19.975135361353168">
            <ele>206.39418583456427</ele>
            <time>2026-08-16T11:12:23Z</time>
        </trkpt>        <trkpt lat="50.05434165827505" lon="19.975054713128706">
            <ele>206.38856037519872</ele>
            <time>2026-08-16T11:12:23Z</time>
        </trkpt>        <trkpt lat="50.05431510898893" lon="19.974973818506097">
            <ele>206.37799028493464</ele>
            <time>2026-08-16T11:12:24Z</time>
        </trkpt>        <trkpt lat="50.054288579571136" lon="19.974892821035212">
            <ele>206.3632594421506</ele>
            <time>2026-08-16T11:12:25Z</time>
        </trkpt>        <trkpt lat="50.0542619491945" lon="19.97481199561478">
            <ele>206.34534132294357</ele>
            <time>2026-08-16T11:12:26Z</time>
        </trkpt>        <trkpt lat="50.05423535739551" lon="19.97473084220717">
            <ele>206.32544703315943</ele>
            <time>2026-08-16T11:12:27Z</time>
        </trkpt>        <trkpt lat="50.054209491162176" lon="19.97464828615745">
            <ele>206.30504343938082</ele>
            <time>2026-08-16T11:12:28Z</time>
        </trkpt>        <trkpt lat="50.05418476818129" lon="19.974564152276862">
            <ele>206.28577219508588</ele>
            <time>2026-08-16T11:12:29Z</time>
        </trkpt>        <trkpt lat="50.054160944252416" lon="19.974479256688465">
            <ele>206.26916725374758</ele>
            <time>2026-08-16T11:12:30Z</time>
        </trkpt>        <trkpt lat="50.054137482202094" lon="19.974393801319934">
            <ele>206.2563624838367</ele>
            <time>2026-08-16T11:12:31Z</time>
        </trkpt>        <trkpt lat="50.05411453104745" lon="19.974307722058875">
            <ele>206.24805125407875</ele>
            <time>2026-08-16T11:12:32Z</time>
        </trkpt>        <trkpt lat="50.05409221374032" lon="19.974220911837534">
            <ele>206.2446260303259</ele>
            <time>2026-08-16T11:12:33Z</time>
        </trkpt>        <trkpt lat="50.05406971893118" lon="19.97413372356857">
            <ele>206.24627244193107</ele>
            <time>2026-08-16T11:12:34Z</time>
        </trkpt>        <trkpt lat="50.054045984792786" lon="19.974046028766082">
            <ele>206.25292339455336</ele>
            <time>2026-08-16T11:12:35Z</time>
        </trkpt>        <trkpt lat="50.05402151358454" lon="19.97395700868764">
            <ele>206.26415779348463</ele>
            <time>2026-08-16T11:12:36Z</time>
        </trkpt>        <trkpt lat="50.053997832933476" lon="19.97386617703569">
            <ele>206.27921741455793</ele>
            <time>2026-08-16T11:12:37Z</time>
        </trkpt>        <trkpt lat="50.05397478386558" lon="19.97377528311337">
            <ele>206.29715804662555</ele>
            <time>2026-08-16T11:12:38Z</time>
        </trkpt>        <trkpt lat="50.053951769244975" lon="19.973686636020854">
            <ele>206.31702596507967</ele>
            <time>2026-08-16T11:12:39Z</time>
        </trkpt>        <trkpt lat="50.05393012640758" lon="19.97359468612347">
            <ele>206.3380486490205</ele>
            <time>2026-08-16T11:12:40Z</time>
        </trkpt>        <trkpt lat="50.05391113286244" lon="19.973499070034656">
            <ele>206.3598020495847</ele>
            <time>2026-08-16T11:12:41Z</time>
        </trkpt>        <trkpt lat="50.053893795042114" lon="19.973402792552267">
            <ele>206.38224271684885</ele>
            <time>2026-08-16T11:12:42Z</time>
        </trkpt>        <trkpt lat="50.05387767152908" lon="19.973307870579987">
            <ele>206.4055953314528</ele>
            <time>2026-08-16T11:12:43Z</time>
        </trkpt>        <trkpt lat="50.05386204693519" lon="19.973213538575884">
            <ele>206.43022440187633</ele>
            <time>2026-08-16T11:12:44Z</time>
        </trkpt>        <trkpt lat="50.05384651989708" lon="19.973116983806822">
            <ele>206.45659199357033</ele>
            <time>2026-08-16T11:12:45Z</time>
        </trkpt>        <trkpt lat="50.05383239110355" lon="19.973019125512806">
            <ele>206.48523991648108</ele>
            <time>2026-08-16T11:12:46Z</time>
        </trkpt>        <trkpt lat="50.053819870555714" lon="19.9729206037595">
            <ele>206.5167024154216</ele>
            <time>2026-08-16T11:12:47Z</time>
        </trkpt>        <trkpt lat="50.053807987841324" lon="19.97282316562419">
            <ele>206.5513000059873</ele>
            <time>2026-08-16T11:12:48Z</time>
        </trkpt>        <trkpt lat="50.053797146383594" lon="19.972726382282517">
            <ele>206.58888064976782</ele>
            <time>2026-08-16T11:12:49Z</time>
        </trkpt>        <trkpt lat="50.05378774862064" lon="19.97262816958181">
            <ele>206.62858356256038</ele>
            <time>2026-08-16T11:12:50Z</time>
        </trkpt>        <trkpt lat="50.053779733378185" lon="19.972528278379922">
            <ele>206.66862528119236</ele>
            <time>2026-08-16T11:12:51Z</time>
        </trkpt>        <trkpt lat="50.053772611983135" lon="19.972429824691385">
            <ele>206.70633400510997</ele>
            <time>2026-08-16T11:12:52Z</time>
        </trkpt>        <trkpt lat="50.0537644929697" lon="19.97233139054067">
            <ele>206.7386594954878</ele>
            <time>2026-08-16T11:12:53Z</time>
        </trkpt>        <trkpt lat="50.05375547577421" lon="19.97223221398962">
            <ele>206.76279931887984</ele>
            <time>2026-08-16T11:12:54Z</time>
        </trkpt>        <trkpt lat="50.05374636392701" lon="19.972133106371793">
            <ele>206.77654890343547</ele>
            <time>2026-08-16T11:12:55Z</time>
        </trkpt>        <trkpt lat="50.05373865813009" lon="19.972033905751413">
            <ele>206.77851414028555</ele>
            <time>2026-08-16T11:12:56Z</time>
        </trkpt>        <trkpt lat="50.05373266597951" lon="19.97193368859155">
            <ele>206.76825565379113</ele>
            <time>2026-08-16T11:12:57Z</time>
        </trkpt>        <trkpt lat="50.0537258357145" lon="19.97183177122424">
            <ele>206.7462863009423</ele>
            <time>2026-08-16T11:12:58Z</time>
        </trkpt>        <trkpt lat="50.05371836425835" lon="19.97172998909076">
            <ele>206.71404471527785</ele>
            <time>2026-08-16T11:12:59Z</time>
        </trkpt>        <trkpt lat="50.05371209266301" lon="19.971627817084745">
            <ele>206.67379704862833</ele>
            <time>2026-08-16T11:13:00Z</time>
        </trkpt>        <trkpt lat="50.05370706629378" lon="19.971523936808993">
            <ele>206.62842761259526</ele>
            <time>2026-08-16T11:13:01Z</time>
        </trkpt>        <trkpt lat="50.05370206044842" lon="19.971418742533942">
            <ele>206.58112696185708</ele>
            <time>2026-08-16T11:13:02Z</time>
        </trkpt>        <trkpt lat="50.05369728595896" lon="19.97131350687232">
            <ele>206.53481288067997</ele>
            <time>2026-08-16T11:13:03Z</time>
        </trkpt>        <trkpt lat="50.05369441084233" lon="19.971207689653983">
            <ele>206.4914876157418</ele>
            <time>2026-08-16T11:13:04Z</time>
        </trkpt>        <trkpt lat="50.05369276745131" lon="19.971101626683982">
            <ele>206.45197600405663</ele>
            <time>2026-08-16T11:13:05Z</time>
        </trkpt>        <trkpt lat="50.05369107136309" lon="19.97099682953751">
            <ele>206.41606491990387</ele>
            <time>2026-08-16T11:13:06Z</time>
        </trkpt>        <trkpt lat="50.05368862678526" lon="19.970890683002988">
            <ele>206.38277262076735</ele>
            <time>2026-08-16T11:13:07Z</time>
        </trkpt>        <trkpt lat="50.05368370803269" lon="19.970786093047003">
            <ele>206.3506687367335</ele>
            <time>2026-08-16T11:13:08Z</time>
        </trkpt>        <trkpt lat="50.05367468301575" lon="19.97068413790999">
            <ele>206.31821156479418</ele>
            <time>2026-08-16T11:13:09Z</time>
        </trkpt>        <trkpt lat="50.05366471192712" lon="19.970578825426312">
            <ele>206.2840394480154</ele>
            <time>2026-08-16T11:13:10Z</time>
        </trkpt>        <trkpt lat="50.05365877257904" lon="19.970465041041514">
            <ele>206.2472401643172</ele>
            <time>2026-08-16T11:13:11Z</time>
        </trkpt>        <trkpt lat="50.05365940290646" lon="19.970342825511313">
            <ele>206.20764417387545</ele>
            <time>2026-08-16T11:13:12Z</time>
        </trkpt>        <trkpt lat="50.053668082972365" lon="19.970220354396574">
            <ele>206.16614918410778</ele>
            <time>2026-08-16T11:13:13Z</time>
        </trkpt>        <trkpt lat="50.053687006924235" lon="19.970097744584788">
            <ele>206.12506350222975</ele>
            <time>2026-08-16T11:13:14Z</time>
        </trkpt>        <trkpt lat="50.05370703452573" lon="19.9699872752634">
            <ele>206.08812081906945</ele>
            <time>2026-08-16T11:13:15Z</time>
        </trkpt>        <trkpt lat="50.05371870295098" lon="19.96989166152229">
            <ele>206.05986870732158</ele>
            <time>2026-08-16T11:13:16Z</time>
        </trkpt>        <trkpt lat="50.05372269656441" lon="19.969795304633262">
            <ele>206.04479631315917</ele>
            <time>2026-08-16T11:13:17Z</time>
        </trkpt>        <trkpt lat="50.053720832408565" lon="19.9696966031183">
            <ele>206.04645777493715</ele>
            <time>2026-08-16T11:13:18Z</time>
        </trkpt>        <trkpt lat="50.05371829677924" lon="19.969595627364093">
            <ele>206.06646609399468</ele>
            <time>2026-08-16T11:13:19Z</time>
        </trkpt>        <trkpt lat="50.05371690653056" lon="19.96949332491821">
            <ele>206.10396179184318</ele>
            <time>2026-08-16T11:13:20Z</time>
        </trkpt>        <trkpt lat="50.05371581288655" lon="19.96939158086825">
            <ele>206.15619268175215</ele>
            <time>2026-08-16T11:13:21Z</time>
        </trkpt>        <trkpt lat="50.053715915412944" lon="19.96929069659831">
            <ele>206.21942764241248</ele>
            <time>2026-08-16T11:13:22Z</time>
        </trkpt>        <trkpt lat="50.053717266624595" lon="19.96919024544264">
            <ele>206.28961412981153</ele>
            <time>2026-08-16T11:13:23Z</time>
        </trkpt>        <trkpt lat="50.053718375075015" lon="19.969088678623738">
            <ele>206.36291375011206</ele>
            <time>2026-08-16T11:13:24Z</time>
        </trkpt>        <trkpt lat="50.05371957426868" lon="19.96898564908988">
            <ele>206.4359730426222</ele>
            <time>2026-08-16T11:13:25Z</time>
        </trkpt>        <trkpt lat="50.05372052310868" lon="19.96888285749087">
            <ele>206.5057974923402</ele>
            <time>2026-08-16T11:13:26Z</time>
        </trkpt>        <trkpt lat="50.05371925655639" lon="19.968780988303905">
            <ele>206.56955361925066</ele>
            <time>2026-08-16T11:13:27Z</time>
        </trkpt>        <trkpt lat="50.0537185381167" lon="19.968679552164854">
            <ele>206.62475633900613</ele>
            <time>2026-08-16T11:13:28Z</time>
        </trkpt>        <trkpt lat="50.05372282563552" lon="19.968577226821544">
            <ele>206.66997286770493</ele>
            <time>2026-08-16T11:13:29Z</time>
        </trkpt>        <trkpt lat="50.05373189088527" lon="19.968474747519416">
            <ele>206.70543875265867</ele>
            <time>2026-08-16T11:13:30Z</time>
        </trkpt>        <trkpt lat="50.05374274700094" lon="19.96837350351484">
            <ele>206.7329585812986</ele>
            <time>2026-08-16T11:13:31Z</time>
        </trkpt>        <trkpt lat="50.05375302591931" lon="19.968273143401923">
            <ele>206.75543149281293</ele>
            <time>2026-08-16T11:13:32Z</time>
        </trkpt>        <trkpt lat="50.05376174240567" lon="19.96817263594674">
            <ele>206.77628425415605</ele>
            <time>2026-08-16T11:13:33Z</time>
        </trkpt>        <trkpt lat="50.05376926214149" lon="19.968070827438346">
            <ele>206.79869621433318</ele>
            <time>2026-08-16T11:13:34Z</time>
        </trkpt>        <trkpt lat="50.05377725612666" lon="19.967967632681543">
            <ele>206.8249800913036</ele>
            <time>2026-08-16T11:13:35Z</time>
        </trkpt>        <trkpt lat="50.05378641647531" lon="19.967864385220036">
            <ele>206.85653111431748</ele>
            <time>2026-08-16T11:13:36Z</time>
        </trkpt>        <trkpt lat="50.05379637480667" lon="19.96776137317475">
            <ele>206.89408615324646</ele>
            <time>2026-08-16T11:13:37Z</time>
        </trkpt>        <trkpt lat="50.05380674034864" lon="19.96765832826656">
            <ele>206.93784350343049</ele>
            <time>2026-08-16T11:13:38Z</time>
        </trkpt>        <trkpt lat="50.053817505621545" lon="19.967556243457526">
            <ele>206.98730784654617</ele>
            <time>2026-08-16T11:13:39Z</time>
        </trkpt>        <trkpt lat="50.053828616147676" lon="19.96745675408668">
            <ele>207.04100432619452</ele>
            <time>2026-08-16T11:13:40Z</time>
        </trkpt>        <trkpt lat="50.05383987153408" lon="19.967358857307655">
            <ele>207.09626060444862</ele>
            <time>2026-08-16T11:13:41Z</time>
        </trkpt>        <trkpt lat="50.053851046662935" lon="19.967260910190937">
            <ele>207.1490655010566</ele>
            <time>2026-08-16T11:13:42Z</time>
        </trkpt>        <trkpt lat="50.05386169230375" lon="19.96716404578281">
            <ele>207.19436725694686</ele>
            <time>2026-08-16T11:13:43Z</time>
        </trkpt>        <trkpt lat="50.05387142535113" lon="19.967069524682056">
            <ele>207.22726611420512</ele>
            <time>2026-08-16T11:13:44Z</time>
        </trkpt>        <trkpt lat="50.0538811920833" lon="19.966976371805277">
            <ele>207.24442201014608</ele>
            <time>2026-08-16T11:13:45Z</time>
        </trkpt>        <trkpt lat="50.053892622745316" lon="19.966883542462718">
            <ele>207.24469686951488</ele>
            <time>2026-08-16T11:13:46Z</time>
        </trkpt>        <trkpt lat="50.053903016266204" lon="19.96679046330461">
            <ele>207.22921552788466</ele>
            <time>2026-08-16T11:13:47Z</time>
        </trkpt>        <trkpt lat="50.0539111893346" lon="19.96669765740688">
            <ele>207.2010886799544</ele>
            <time>2026-08-16T11:13:48Z</time>
        </trkpt>        <trkpt lat="50.05391934844091" lon="19.96660453480387">
            <ele>207.16454037372023</ele>
            <time>2026-08-16T11:13:49Z</time>
        </trkpt>        <trkpt lat="50.05392756053174" lon="19.966510616213405">
            <ele>207.12391526810825</ele>
            <time>2026-08-16T11:13:50Z</time>
        </trkpt>        <trkpt lat="50.05393612483949" lon="19.9664167529469">
            <ele>207.0831272676587</ele>
            <time>2026-08-16T11:13:51Z</time>
        </trkpt>        <trkpt lat="50.053944436486375" lon="19.966321869262963">
            <ele>207.04544337280095</ele>
            <time>2026-08-16T11:13:52Z</time>
        </trkpt>        <trkpt lat="50.05395281044142" lon="19.96622520043309">
            <ele>207.01335470750928</ele>
            <time>2026-08-16T11:13:53Z</time>
        </trkpt>        <trkpt lat="50.05396182083165" lon="19.966127887371677">
            <ele>206.9883908657357</ele>
            <time>2026-08-16T11:13:54Z</time>
        </trkpt>        <trkpt lat="50.05396987349994" lon="19.96602930389211">
            <ele>206.97090989537537</ele>
            <time>2026-08-16T11:13:55Z</time>
        </trkpt>        <trkpt lat="50.05397589529501" lon="19.965929695423586">
            <ele>206.96019380912185</ele>
            <time>2026-08-16T11:13:56Z</time>
        </trkpt>        <trkpt lat="50.05397953184689" lon="19.965829921724787">
            <ele>206.95499453414232</ele>
            <time>2026-08-16T11:13:57Z</time>
        </trkpt>        <trkpt lat="50.05397822237208" lon="19.965731897865883">
            <ele>206.95414818450809</ele>
            <time>2026-08-16T11:13:58Z</time>
        </trkpt>        <trkpt lat="50.0539746312341" lon="19.96563549136186">
            <ele>206.9570158449933</ele>
            <time>2026-08-16T11:13:59Z</time>
        </trkpt>        <trkpt lat="50.05397215797693" lon="19.965537266557547">
            <ele>206.9637702582404</ele>
            <time>2026-08-16T11:14:00Z</time>
        </trkpt>        <trkpt lat="50.0539685233731" lon="19.96543830228245">
            <ele>206.97529129125178</ele>
            <time>2026-08-16T11:14:01Z</time>
        </trkpt>        <trkpt lat="50.05396427936934" lon="19.965338906533283">
            <ele>206.9924923935905</ele>
            <time>2026-08-16T11:14:02Z</time>
        </trkpt>        <trkpt lat="50.053959481068595" lon="19.965238203381194">
            <ele>207.01556982751936</ele>
            <time>2026-08-16T11:14:03Z</time>
        </trkpt>        <trkpt lat="50.05395323133717" lon="19.965137732369527">
            <ele>207.0437332848087</ele>
            <time>2026-08-16T11:14:04Z</time>
        </trkpt>        <trkpt lat="50.05394627568312" lon="19.965038520784166">
            <ele>207.075285830535</ele>
            <time>2026-08-16T11:14:05Z</time>
        </trkpt>        <trkpt lat="50.05394097352754" lon="19.964937538541903">
            <ele>207.10789390746504</ele>
            <time>2026-08-16T11:14:06Z</time>
        </trkpt>        <trkpt lat="50.053936697073745" lon="19.964836628326022">
            <ele>207.13914328813553</ele>
            <time>2026-08-16T11:14:07Z</time>
        </trkpt>        <trkpt lat="50.05393238322111" lon="19.964737116123278">
            <ele>207.1670986469835</ele>
            <time>2026-08-16T11:14:08Z</time>
        </trkpt>        <trkpt lat="50.05392876229257" lon="19.964634750915415">
            <ele>207.1904807528481</ele>
            <time>2026-08-16T11:14:09Z</time>
        </trkpt>        <trkpt lat="50.053924635153685" lon="19.964533813107934">
            <ele>207.20854296628386</ele>
            <time>2026-08-16T11:14:10Z</time>
        </trkpt>        <trkpt lat="50.053920021471704" lon="19.96443439707791">
            <ele>207.2208952298388</ele>
            <time>2026-08-16T11:14:11Z</time>
        </trkpt>        <trkpt lat="50.053915267027854" lon="19.96433479137324">
            <ele>207.227311831899</ele>
            <time>2026-08-16T11:14:13Z</time>
        </trkpt>        <trkpt lat="50.053910426862075" lon="19.96423591952743">
            <ele>207.22760570421815</ele>
            <time>2026-08-16T11:14:14Z</time>
        </trkpt>        <trkpt lat="50.05390556452392" lon="19.96413580201188">
            <ele>207.22173607349396</ele>
            <time>2026-08-16T11:14:15Z</time>
        </trkpt>        <trkpt lat="50.053900823055194" lon="19.964035871748337">
            <ele>207.20983037352562</ele>
            <time>2026-08-16T11:14:16Z</time>
        </trkpt>        <trkpt lat="50.053896221832794" lon="19.963935427027703">
            <ele>207.1923226080835</ele>
            <time>2026-08-16T11:14:17Z</time>
        </trkpt>        <trkpt lat="50.053890831804516" lon="19.963835165963385">
            <ele>207.17014232184738</ele>
            <time>2026-08-16T11:14:18Z</time>
        </trkpt>        <trkpt lat="50.05388515332312" lon="19.96373535987979">
            <ele>207.14490686543286</ele>
            <time>2026-08-16T11:14:19Z</time>
        </trkpt>        <trkpt lat="50.05388021830954" lon="19.963635277352317">
            <ele>207.11892195232213</ele>
            <time>2026-08-16T11:14:20Z</time>
        </trkpt>        <trkpt lat="50.053875359117875" lon="19.963535080373966">
            <ele>207.09486929140985</ele>
            <time>2026-08-16T11:14:21Z</time>
        </trkpt>        <trkpt lat="50.05387065545046" lon="19.963433330478047">
            <ele>207.07537584472448</ele>
            <time>2026-08-16T11:14:22Z</time>
        </trkpt>        <trkpt lat="50.053866529385765" lon="19.963330922211426">
            <ele>207.06255530100316</ele>
            <time>2026-08-16T11:14:23Z</time>
        </trkpt>        <trkpt lat="50.05386282988248" lon="19.963229868335848">
            <ele>207.05749401357025</ele>
            <time>2026-08-16T11:14:24Z</time>
        </trkpt>        <trkpt lat="50.05385836425137" lon="19.96312999606761">
            <ele>207.0599563466385</ele>
            <time>2026-08-16T11:14:25Z</time>
        </trkpt>        <trkpt lat="50.05385295224157" lon="19.963031836632886">
            <ele>207.06845329422504</ele>
            <time>2026-08-16T11:14:26Z</time>
        </trkpt>        <trkpt lat="50.053847921784346" lon="19.962933997456908">
            <ele>207.08049366995692</ele>
            <time>2026-08-16T11:14:27Z</time>
        </trkpt>        <trkpt lat="50.05384285515226" lon="19.96283652397529">
            <ele>207.0930486023426</ele>
            <time>2026-08-16T11:14:28Z</time>
        </trkpt>        <trkpt lat="50.053836238031266" lon="19.96274021905847">
            <ele>207.10322203487158</ele>
            <time>2026-08-16T11:14:29Z</time>
        </trkpt>        <trkpt lat="50.05382947182543" lon="19.962644255095825">
            <ele>207.10894122812897</ele>
            <time>2026-08-16T11:14:30Z</time>
        </trkpt>        <trkpt lat="50.053823864706345" lon="19.962548912657336">
            <ele>207.10965946130455</ele>
            <time>2026-08-16T11:14:31Z</time>
        </trkpt>        <trkpt lat="50.053818242302626" lon="19.962456705047977">
            <ele>207.1068100715056</ele>
            <time>2026-08-16T11:14:32Z</time>
        </trkpt>        <trkpt lat="50.05381262964146" lon="19.962363897064627">
            <ele>207.10335837118328</ele>
            <time>2026-08-16T11:14:33Z</time>
        </trkpt>        <trkpt lat="50.05380701498118" lon="19.962267285912773">
            <ele>207.1024845102802</ele>
            <time>2026-08-16T11:14:34Z</time>
        </trkpt>        <trkpt lat="50.05380165565656" lon="19.96217113554315">
            <ele>207.10640700627118</ele>
            <time>2026-08-16T11:14:35Z</time>
        </trkpt>        <trkpt lat="50.05379667001823" lon="19.962076561966406">
            <ele>207.11593865789473</ele>
            <time>2026-08-16T11:14:36Z</time>
        </trkpt>        <trkpt lat="50.053789716960004" lon="19.96198100573522">
            <ele>207.13042110204697</ele>
            <time>2026-08-16T11:14:37Z</time>
        </trkpt>        <trkpt lat="50.053779197294276" lon="19.961885162097364">
            <ele>207.1479578083381</ele>
            <time>2026-08-16T11:14:38Z</time>
        </trkpt>        <trkpt lat="50.05376466152937" lon="19.96179223995593">
            <ele>207.16601018514484</ele>
            <time>2026-08-16T11:14:39Z</time>
        </trkpt>        <trkpt lat="50.05374757242465" lon="19.961701691807644">
            <ele>207.18197916354984</ele>
            <time>2026-08-16T11:14:40Z</time>
        </trkpt>        <trkpt lat="50.053725361231024" lon="19.96161340240768">
            <ele>207.19356499239802</ele>
            <time>2026-08-16T11:14:41Z</time>
        </trkpt>        <trkpt lat="50.05369600272828" lon="19.961528382906582">
            <ele>207.1990079060197</ele>
            <time>2026-08-16T11:14:42Z</time>
        </trkpt>        <trkpt lat="50.05366255525451" lon="19.961447451016387">
            <ele>207.19717657193542</ele>
            <time>2026-08-16T11:14:43Z</time>
        </trkpt>        <trkpt lat="50.05362744950748" lon="19.961369576948993">
            <ele>207.1875002719462</ele>
            <time>2026-08-16T11:14:44Z</time>
        </trkpt>        <trkpt lat="50.05359247617227" lon="19.961293562411914">
            <ele>207.16981075052172</ele>
            <time>2026-08-16T11:14:45Z</time>
        </trkpt>        <trkpt lat="50.05355794292799" lon="19.9612162757462">
            <ele>207.14402667153627</ele>
            <time>2026-08-16T11:14:46Z</time>
        </trkpt>        <trkpt lat="50.053524342984176" lon="19.96113702181946">
            <ele>207.10982119198889</ele>
            <time>2026-08-16T11:14:47Z</time>
        </trkpt>        <trkpt lat="50.05349125211851" lon="19.961058342059548">
            <ele>207.06662449613214</ele>
            <time>2026-08-16T11:14:48Z</time>
        </trkpt>        <trkpt lat="50.05345994149037" lon="19.960977682916294">
            <ele>207.01410248875618</ele>
            <time>2026-08-16T11:14:49Z</time>
        </trkpt>        <trkpt lat="50.05343059342342" lon="19.960895424426703">
            <ele>206.9527397248894</ele>
            <time>2026-08-16T11:14:50Z</time>
        </trkpt>        <trkpt lat="50.0534015683385" lon="19.960814045804415">
            <ele>206.88409047666937</ele>
            <time>2026-08-16T11:14:50Z</time>
        </trkpt>        <trkpt lat="50.053372700416126" lon="19.960733352319355">
            <ele>206.81079557724297</ele>
            <time>2026-08-16T11:14:51Z</time>
        </trkpt>        <trkpt lat="50.053343937563135" lon="19.960653296014023">
            <ele>206.73632760439068</ele>
            <time>2026-08-16T11:14:52Z</time>
        </trkpt>        <trkpt lat="50.05331560567791" lon="19.96057333417265">
            <ele>206.66422954015434</ele>
            <time>2026-08-16T11:14:53Z</time>
        </trkpt>        <trkpt lat="50.05328833733664" lon="19.960495057051414">
            <ele>206.59726823866367</ele>
            <time>2026-08-16T11:14:54Z</time>
        </trkpt>        <trkpt lat="50.05326266354677" lon="19.960420791029563">
            <ele>206.53700944036245</ele>
            <time>2026-08-16T11:14:55Z</time>
        </trkpt>        <trkpt lat="50.05323853908837" lon="19.960349163266017">
            <ele>206.4836711427197</ele>
            <time>2026-08-16T11:14:56Z</time>
        </trkpt>        <trkpt lat="50.05321499728206" lon="19.960274013455567">
            <ele>206.43619753420353</ele>
            <time>2026-08-16T11:14:57Z</time>
        </trkpt>        <trkpt lat="50.05319176862601" lon="19.960191003381777">
            <ele>206.39272602181882</ele>
            <time>2026-08-16T11:14:58Z</time>
        </trkpt>        <trkpt lat="50.053164433065916" lon="19.960104438128354">
            <ele>206.35119006875902</ele>
            <time>2026-08-16T11:14:59Z</time>
        </trkpt>        <trkpt lat="50.053133162389265" lon="19.960018877698992">
            <ele>206.3098542811349</ele>
            <time>2026-08-16T11:15:00Z</time>
        </trkpt>        <trkpt lat="50.05310181404152" lon="19.95993432973625">
            <ele>206.26787527650595</ele>
            <time>2026-08-16T11:15:01Z</time>
        </trkpt>        <trkpt lat="50.053069243480806" lon="19.95984867140109">
            <ele>206.2256313720718</ele>
            <time>2026-08-16T11:15:02Z</time>
        </trkpt>        <trkpt lat="50.053035886509306" lon="19.95976218722197">
            <ele>206.1845040405169</ele>
            <time>2026-08-16T11:15:03Z</time>
        </trkpt>        <trkpt lat="50.053002881711585" lon="19.959675997372717">
            <ele>206.14638020377606</ele>
            <time>2026-08-16T11:15:04Z</time>
        </trkpt>        <trkpt lat="50.05297103665613" lon="19.959588521125973">
            <ele>206.11316772643477</ele>
            <time>2026-08-16T11:15:05Z</time>
        </trkpt>        <trkpt lat="50.052940872310565" lon="19.959499912356023">
            <ele>206.08627214469016</ele>
            <time>2026-08-16T11:15:06Z</time>
        </trkpt>        <trkpt lat="50.0529123604369" lon="19.95941025846921">
            <ele>206.06625837553293</ele>
            <time>2026-08-16T11:15:07Z</time>
        </trkpt>        <trkpt lat="50.052884829229406" lon="19.959320175436172">
            <ele>206.05303130857646</ele>
            <time>2026-08-16T11:15:08Z</time>
        </trkpt>        <trkpt lat="50.052858761801545" lon="19.959231619509513">
            <ele>206.04627265688032</ele>
            <time>2026-08-16T11:15:09Z</time>
        </trkpt>        <trkpt lat="50.05283360542403" lon="19.959143052018884">
            <ele>206.0457197651267</ele>
            <time>2026-08-16T11:15:10Z</time>
        </trkpt>        <trkpt lat="50.05280646526275" lon="19.959054331765504">
            <ele>206.05121474619955</ele>
            <time>2026-08-16T11:15:11Z</time>
        </trkpt>        <trkpt lat="50.05277792707432" lon="19.958965393029402">
            <ele>206.0625922102481</ele>
            <time>2026-08-16T11:15:12Z</time>
        </trkpt>        <trkpt lat="50.05274938774341" lon="19.958874933542496">
            <ele>206.0794532559812</ele>
            <time>2026-08-16T11:15:13Z</time>
        </trkpt>        <trkpt lat="50.05271945869458" lon="19.95878641290782">
            <ele>206.10085202846676</ele>
            <time>2026-08-16T11:15:14Z</time>
        </trkpt>        <trkpt lat="50.05268879694322" lon="19.958700661480577">
            <ele>206.1251942468807</ele>
            <time>2026-08-16T11:15:15Z</time>
        </trkpt>        <trkpt lat="50.052658057559704" lon="19.958613601944645">
            <ele>206.15058887097985</ele>
            <time>2026-08-16T11:15:16Z</time>
        </trkpt>        <trkpt lat="50.05262679518939" lon="19.958528364607915">
            <ele>206.17533208057284</ele>
            <time>2026-08-16T11:15:17Z</time>
        </trkpt>        <trkpt lat="50.052594567443776" lon="19.95844748839916">
            <ele>206.1982321375981</ele>
            <time>2026-08-16T11:15:18Z</time>
        </trkpt>        <trkpt lat="50.052561863211565" lon="19.958366191109693">
            <ele>206.21885244268924</ele>
            <time>2026-08-16T11:15:19Z</time>
        </trkpt>        <trkpt lat="50.05253128048551" lon="19.958283781717853">
            <ele>206.2375423591584</ele>
            <time>2026-08-16T11:15:20Z</time>
        </trkpt>        <trkpt lat="50.05250221255697" lon="19.958200465019512">
            <ele>206.25506560970098</ele>
            <time>2026-08-16T11:15:21Z</time>
        </trkpt>        <trkpt lat="50.05247301939423" lon="19.958117232539802">
            <ele>206.27213825006038</ele>
            <time>2026-08-16T11:15:22Z</time>
        </trkpt>        <trkpt lat="50.05244352095328" lon="19.9580347786437">
            <ele>206.28924707137048</ele>
            <time>2026-08-16T11:15:23Z</time>
        </trkpt>        <trkpt lat="50.052414035780174" lon="19.957952006473505">
            <ele>206.30672382377088</ele>
            <time>2026-08-16T11:15:24Z</time>
        </trkpt>        <trkpt lat="50.052384491661115" lon="19.957868997893836">
            <ele>206.32485930994153</ele>
            <time>2026-08-16T11:15:25Z</time>
        </trkpt>        <trkpt lat="50.05235387402947" lon="19.957786922616897">
            <ele>206.34393293317407</ele>
            <time>2026-08-16T11:15:26Z</time>
        </trkpt>        <trkpt lat="50.052322892203364" lon="19.957706528341276">
            <ele>206.36416159570217</ele>
            <time>2026-08-16T11:15:27Z</time>
        </trkpt>        <trkpt lat="50.052292858889594" lon="19.957624760788885">
            <ele>206.3855347018689</ele>
            <time>2026-08-16T11:15:28Z</time>
        </trkpt>        <trkpt lat="50.0522629669058" lon="19.957542113423138">
            <ele>206.40750337578356</ele>
            <time>2026-08-16T11:15:29Z</time>
        </trkpt>        <trkpt lat="50.05223150506238" lon="19.957458485334435">
            <ele>206.42880601994693</ele>
            <time>2026-08-16T11:15:30Z</time>
        </trkpt>        <trkpt lat="50.05220027071629" lon="19.95737473906687">
            <ele>206.44776620715857</ele>
            <time>2026-08-16T11:15:31Z</time>
        </trkpt>        <trkpt lat="50.05216958405889" lon="19.95729334661211">
            <ele>206.46285587456077</ele>
            <time>2026-08-16T11:15:32Z</time>
        </trkpt>        <trkpt lat="50.05213783091791" lon="19.95721183516508">
            <ele>206.4730766955763</ele>
            <time>2026-08-16T11:15:33Z</time>
        </trkpt>        <trkpt lat="50.05210641686867" lon="19.957129805377722">
            <ele>206.47806015890092</ele>
            <time>2026-08-16T11:15:34Z</time>
        </trkpt>        <trkpt lat="50.05207483902578" lon="19.957047785118835">
            <ele>206.47799346223474</ele>
            <time>2026-08-16T11:15:35Z</time>
        </trkpt>        <trkpt lat="50.05204316316387" lon="19.956964284558232">
            <ele>206.47331908717752</ele>
            <time>2026-08-16T11:15:36Z</time>
        </trkpt>        <trkpt lat="50.052013080609896" lon="19.95688065771456">
            <ele>206.46431003231555</ele>
            <time>2026-08-16T11:15:37Z</time>
        </trkpt>        <trkpt lat="50.05198207939309" lon="19.956798800934433">
            <ele>206.45091068558395</ele>
            <time>2026-08-16T11:15:38Z</time>
        </trkpt>        <trkpt lat="50.051949511255245" lon="19.956718934392445">
            <ele>206.43302748072892</ele>
            <time>2026-08-16T11:15:39Z</time>
        </trkpt>        <trkpt lat="50.05191724889151" lon="19.956641072611582">
            <ele>206.41097882390022</ele>
            <time>2026-08-16T11:15:40Z</time>
        </trkpt>        <trkpt lat="50.05188401581913" lon="19.95656394447381">
            <ele>206.38579948805273</ele>
            <time>2026-08-16T11:15:41Z</time>
        </trkpt>        <trkpt lat="50.051850188886384" lon="19.956488206356696">
            <ele>206.3594368584454</ele>
            <time>2026-08-16T11:15:42Z</time>
        </trkpt>        <trkpt lat="50.05181675024977" lon="19.956413136144544">
            <ele>206.33471298776567</ele>
            <time>2026-08-16T11:15:43Z</time>
        </trkpt>        <trkpt lat="50.05178303522681" lon="19.95633729664175">
            <ele>206.31481350306422</ele>
            <time>2026-08-16T11:15:44Z</time>
        </trkpt>        <trkpt lat="50.051749676478615" lon="19.956260739827027">
            <ele>206.30261769425124</ele>
            <time>2026-08-16T11:15:45Z</time>
        </trkpt>        <trkpt lat="50.05171688442523" lon="19.956183667446485">
            <ele>206.30027607735246</ele>
            <time>2026-08-16T11:15:46Z</time>
        </trkpt>        <trkpt lat="50.05168424852341" lon="19.956106765215136">
            <ele>206.30893335677683</ele>
            <time>2026-08-16T11:15:47Z</time>
        </trkpt>        <trkpt lat="50.05165182085301" lon="19.956030523345166">
            <ele>206.32860669214278</ele>
            <time>2026-08-16T11:15:48Z</time>
        </trkpt>        <trkpt lat="50.05161940010489" lon="19.955954809194495">
            <ele>206.35841880366206</ele>
            <time>2026-08-16T11:15:49Z</time>
        </trkpt>        <trkpt lat="50.05158621821204" lon="19.955879649124917">
            <ele>206.3969123652205</ele>
            <time>2026-08-16T11:15:50Z</time>
        </trkpt>        <trkpt lat="50.051551413502054" lon="19.95580557571521">
            <ele>206.4421730870381</ele>
            <time>2026-08-16T11:15:51Z</time>
        </trkpt>        <trkpt lat="50.051515672178475" lon="19.95573250910973">
            <ele>206.49178618565202</ele>
            <time>2026-08-16T11:15:52Z</time>
        </trkpt>        <trkpt lat="50.05148091775355" lon="19.955658656294666">
            <ele>206.54278590064496</ele>
            <time>2026-08-16T11:15:53Z</time>
        </trkpt>        <trkpt lat="50.051446883768605" lon="19.955583407234812">
            <ele>206.5918132662773</ele>
            <time>2026-08-16T11:15:54Z</time>
        </trkpt>        <trkpt lat="50.051408100759694" lon="19.955510629190798">
            <ele>206.63542776275426</ele>
            <time>2026-08-16T11:15:55Z</time>
        </trkpt>        <trkpt lat="50.051365081702926" lon="19.95544152270478">
            <ele>206.6704628923908</ele>
            <time>2026-08-16T11:15:56Z</time>
        </trkpt>        <trkpt lat="50.05132269674918" lon="19.955371526160814">
            <ele>206.69449717458338</ele>
            <time>2026-08-16T11:15:57Z</time>
        </trkpt>        <trkpt lat="50.05128119475365" lon="19.955298299726362">
            <ele>206.70628410950303</ele>
            <time>2026-08-16T11:15:58Z</time>
        </trkpt>        <trkpt lat="50.05124009830528" lon="19.955221455066493">
            <ele>206.70585071574897</ele>
            <time>2026-08-16T11:15:59Z</time>
        </trkpt>        <trkpt lat="50.05119810359662" lon="19.955143201070335">
            <ele>206.6944028045982</ele>
            <time>2026-08-16T11:16:00Z</time>
        </trkpt>        <trkpt lat="50.05115481173841" lon="19.95506612093488">
            <ele>206.6739534093067</ele>
            <time>2026-08-16T11:16:01Z</time>
        </trkpt>        <trkpt lat="50.051111563186396" lon="19.954988858572687">
            <ele>206.64642473030835</ele>
            <time>2026-08-16T11:16:02Z</time>
        </trkpt>        <trkpt lat="50.05106855630319" lon="19.9549106902295">
            <ele>206.61275448743254</ele>
            <time>2026-08-16T11:16:03Z</time>
        </trkpt>        <trkpt lat="50.051024400812295" lon="19.954833089941655">
            <ele>206.5725710960105</ele>
            <time>2026-08-16T11:16:04Z</time>
        </trkpt>        <trkpt lat="50.05097935714242" lon="19.954755502682634">
            <ele>206.52432488370687</ele>
            <time>2026-08-16T11:16:05Z</time>
        </trkpt>        <trkpt lat="50.050934512679355" lon="19.954675793073086">
            <ele>206.46575549803674</ele>
            <time>2026-08-16T11:16:06Z</time>
        </trkpt>        <trkpt lat="50.05088961830459" lon="19.954595049370223">
            <ele>206.39479507692158</ele>
            <time>2026-08-16T11:16:07Z</time>
        </trkpt>        <trkpt lat="50.05084376229414" lon="19.95451596744311">
            <ele>206.3105643009767</ele>
            <time>2026-08-16T11:16:08Z</time>
        </trkpt>        <trkpt lat="50.05079696142548" lon="19.954438418114528">
            <ele>206.2138459002599</ele>
            <time>2026-08-16T11:16:09Z</time>
        </trkpt>        <trkpt lat="50.050749939228936" lon="19.954360664978704">
            <ele>206.1071170270443</ele>
            <time>2026-08-16T11:16:10Z</time>
        </trkpt>        <trkpt lat="50.050702904352484" lon="19.954282602533315">
            <ele>205.99429648928344</ele>
            <time>2026-08-16T11:16:11Z</time>
        </trkpt>        <trkpt lat="50.05065611519164" lon="19.954204885854367">
            <ele>205.87996192928404</ele>
            <time>2026-08-16T11:16:12Z</time>
        </trkpt>        <trkpt lat="50.050609545231424" lon="19.95412365439636">
            <ele>205.76839267089963</ele>
            <time>2026-08-16T11:16:13Z</time>
        </trkpt>        <trkpt lat="50.05056514392485" lon="19.95404136603176">
            <ele>205.6629830263555</ele>
            <time>2026-08-16T11:16:14Z</time>
        </trkpt>        <trkpt lat="50.05052376929714" lon="19.953963365734662">
            <ele>205.5659569306299</ele>
            <time>2026-08-16T11:16:15Z</time>
        </trkpt>        <trkpt lat="50.05048036078417" lon="19.95388404330811">
            <ele>205.47823688108474</ele>
            <time>2026-08-16T11:16:16Z</time>
        </trkpt>        <trkpt lat="50.050435663671905" lon="19.95380645289012">
            <ele>205.39949556067586</ele>
            <time>2026-08-16T11:16:17Z</time>
        </trkpt>        <trkpt lat="50.050389520458054" lon="19.953728031701736">
            <ele>205.32810322195292</ele>
            <time>2026-08-16T11:16:19Z</time>
        </trkpt>        <trkpt lat="50.050341063366126" lon="19.953649536844022">
            <ele>205.26149131637067</ele>
            <time>2026-08-16T11:16:20Z</time>
        </trkpt>        <trkpt lat="50.0502912019066" lon="19.953574276106085">
            <ele>205.19551165867597</ele>
            <time>2026-08-16T11:16:21Z</time>
        </trkpt>        <trkpt lat="50.0502418142124" lon="19.953493907136753">
            <ele>205.1249771816656</ele>
            <time>2026-08-16T11:16:22Z</time>
        </trkpt>        <trkpt lat="50.05019539293123" lon="19.95340930320878">
            <ele>205.04431247990578</ele>
            <time>2026-08-16T11:16:23Z</time>
        </trkpt>        <trkpt lat="50.05014936603683" lon="19.95332483608812">
            <ele>204.94887559954077</ele>
            <time>2026-08-16T11:16:24Z</time>
        </trkpt>        <trkpt lat="50.050103171743686" lon="19.95324189173079">
            <ele>204.83615418430418</ele>
            <time>2026-08-16T11:16:25Z</time>
        </trkpt>        <trkpt lat="50.05005796843689" lon="19.95315985593015">
            <ele>204.70667564496398</ele>
            <time>2026-08-16T11:16:26Z</time>
        </trkpt>        <trkpt lat="50.050014333056936" lon="19.953078462602807">
            <ele>204.56445207167417</ele>
            <time>2026-08-16T11:16:27Z</time>
        </trkpt>        <trkpt lat="50.04997118725721" lon="19.952998136782675">
            <ele>204.41622495930642</ele>
            <time>2026-08-16T11:16:28Z</time>
        </trkpt>        <trkpt lat="50.04992803752788" lon="19.95292082671382">
            <ele>204.26973811443895</ele>
            <time>2026-08-16T11:16:29Z</time>
        </trkpt>        <trkpt lat="50.049885619423314" lon="19.952846283817145">
            <ele>204.13216799497604</ele>
            <time>2026-08-16T11:16:30Z</time>
        </trkpt>        <trkpt lat="50.04984373655993" lon="19.952771236220492">
            <ele>204.00910616479814</ele>
            <time>2026-08-16T11:16:31Z</time>
        </trkpt>        <trkpt lat="50.04980315816007" lon="19.952697688650055">
            <ele>203.90394199825823</ele>
            <time>2026-08-16T11:16:32Z</time>
        </trkpt>        <trkpt lat="50.04976508644573" lon="19.95262950473124">
            <ele>203.8178502107039</ele>
            <time>2026-08-16T11:16:33Z</time>
        </trkpt>        <trkpt lat="50.049729085106996" lon="19.9525660843872">
            <ele>203.75029871519655</ele>
            <time>2026-08-16T11:16:34Z</time>
        </trkpt>        <trkpt lat="50.049693026570424" lon="19.952497387363092">
            <ele>203.699521234259</ele>
            <time>2026-08-16T11:16:35Z</time>
        </trkpt>        <trkpt lat="50.04965458503941" lon="19.952422916155165">
            <ele>203.66283276584</ele>
            <time>2026-08-16T11:16:36Z</time>
        </trkpt>        <trkpt lat="50.04961501516991" lon="19.952350997116735">
            <ele>203.63687435444444</ele>
            <time>2026-08-16T11:16:37Z</time>
        </trkpt>        <trkpt lat="50.0495762843376" lon="19.952280545759685">
            <ele>203.6181365950033</ele>
            <time>2026-08-16T11:16:38Z</time>
        </trkpt>        <trkpt lat="50.04953863598453" lon="19.95221130476368">
            <ele>203.60394124034792</ele>
            <time>2026-08-16T11:16:39Z</time>
        </trkpt>        <trkpt lat="50.04950173105548" lon="19.952142912288796">
            <ele>203.59319821652025</ele>
            <time>2026-08-16T11:16:40Z</time>
        </trkpt>        <trkpt lat="50.049465272517686" lon="19.95207532580491">
            <ele>203.5863536959514</ele>
            <time>2026-08-16T11:16:41Z</time>
        </trkpt>        <trkpt lat="50.0494294725553" lon="19.952008494580397">
            <ele>203.58482819236815</ele>
            <time>2026-08-16T11:16:42Z</time>
        </trkpt>        <trkpt lat="50.049394548706154" lon="19.95194257167791">
            <ele>203.59016515500844</ele>
            <time>2026-08-16T11:16:43Z</time>
        </trkpt>        <trkpt lat="50.04936016064506" lon="19.95187777120603">
            <ele>203.60278110206127</ele>
            <time>2026-08-16T11:16:44Z</time>
        </trkpt>        <trkpt lat="50.04932571252029" lon="19.95181397910992">
            <ele>203.62105984892696</ele>
            <time>2026-08-16T11:16:45Z</time>
        </trkpt>        <trkpt lat="50.04929129866209" lon="19.95175078911345">
            <ele>203.64175005163997</ele>
            <time>2026-08-16T11:16:46Z</time>
        </trkpt>        <trkpt lat="50.04925717511634" lon="19.951686706324665">
            <ele>203.66118047293276</ele>
            <time>2026-08-16T11:16:47Z</time>
        </trkpt>        <trkpt lat="50.04922280165656" lon="19.951621392228905">
            <ele>203.6762315100059</ele>
            <time>2026-08-16T11:16:48Z</time>
        </trkpt>        <trkpt lat="50.04918777050128" lon="19.951555969537207">
            <ele>203.68483089655638</ele>
            <time>2026-08-16T11:16:49Z</time>
        </trkpt>        <trkpt lat="50.04915233668614" lon="19.951490988521957">
            <ele>203.68611177708954</ele>
            <time>2026-08-16T11:16:50Z</time>
        </trkpt>        <trkpt lat="50.049116954713874" lon="19.951425655739673">
            <ele>203.68010968528688</ele>
            <time>2026-08-16T11:16:51Z</time>
        </trkpt>        <trkpt lat="50.04908171643858" lon="19.951358996352752">
            <ele>203.66713913157582</ele>
            <time>2026-08-16T11:16:52Z</time>
        </trkpt>        <trkpt lat="50.04904629965031" lon="19.95129209811069">
            <ele>203.64733853843063</ele>
            <time>2026-08-16T11:16:53Z</time>
        </trkpt>        <trkpt lat="50.04901033101656" lon="19.951226405824873">
            <ele>203.62057500332594</ele>
            <time>2026-08-16T11:16:54Z</time>
        </trkpt>        <trkpt lat="50.04897415607716" lon="19.951161218035427">
            <ele>203.58657705038786</ele>
            <time>2026-08-16T11:16:55Z</time>
        </trkpt>        <trkpt lat="50.04893877687194" lon="19.951095944836208">
            <ele>203.54519344307482</ele>
            <time>2026-08-16T11:16:56Z</time>
        </trkpt>        <trkpt lat="50.04890429068405" lon="19.951030344548062">
            <ele>203.49680758919567</ele>
            <time>2026-08-16T11:16:57Z</time>
        </trkpt>        <trkpt lat="50.04887012754149" lon="19.950964286958058">
            <ele>203.44269665703177</ele>
            <time>2026-08-16T11:16:58Z</time>
        </trkpt>        <trkpt lat="50.04883579957361" lon="19.950898349224172">
            <ele>203.38510026596487</ele>
            <time>2026-08-16T11:16:59Z</time>
        </trkpt>        <trkpt lat="50.04880098358052" lon="19.950833075148548">
            <ele>203.3271430954337</ele>
            <time>2026-08-16T11:17:00Z</time>
        </trkpt>        <trkpt lat="50.048766098192424" lon="19.950768701281078">
            <ele>203.27260640636086</ele>
            <time>2026-08-16T11:17:01Z</time>
        </trkpt>        <trkpt lat="50.048731766510556" lon="19.950704815397746">
            <ele>203.2254359535873</ele>
            <time>2026-08-16T11:17:02Z</time>
        </trkpt>        <trkpt lat="50.04869808676319" lon="19.950641226863432">
            <ele>203.18916663900018</ele>
            <time>2026-08-16T11:17:03Z</time>
        </trkpt>        <trkpt lat="50.04866450481442" lon="19.950577849605153">
            <ele>203.16635380964726</ele>
            <time>2026-08-16T11:17:04Z</time>
        </trkpt>        <trkpt lat="50.04863063916363" lon="19.950514671311087">
            <ele>203.15797058865428</ele>
            <time>2026-08-16T11:17:05Z</time>
        </trkpt>        <trkpt lat="50.048596568243795" lon="19.950452009310894">
            <ele>203.1630676863715</ele>
            <time>2026-08-16T11:17:06Z</time>
        </trkpt>        <trkpt lat="50.0485624868118" lon="19.9503896840489">
            <ele>203.1788023430854</ele>
            <time>2026-08-16T11:17:07Z</time>
        </trkpt>        <trkpt lat="50.04852864103777" lon="19.950327372823928">
            <ele>203.20078579708934</ele>
            <time>2026-08-16T11:17:08Z</time>
        </trkpt>        <trkpt lat="50.04849497654746" lon="19.95026501776365">
            <ele>203.22406458947808</ele>
            <time>2026-08-16T11:17:09Z</time>
        </trkpt>        <trkpt lat="50.04846137205862" lon="19.950202997485437">
            <ele>203.24446828942746</ele>
            <time>2026-08-16T11:17:10Z</time>
        </trkpt>        <trkpt lat="50.04842772309293" lon="19.950141452110802">
            <ele>203.2594069140032</ele>
            <time>2026-08-16T11:17:11Z</time>
        </trkpt>        <trkpt lat="50.04839413863687" lon="19.950079896812845">
            <ele>203.2678372785449</ele>
            <time>2026-08-16T11:17:12Z</time>
        </trkpt>        <trkpt lat="50.04836072533266" lon="19.95001769990278">
            <ele>203.2699019787833</ele>
            <time>2026-08-16T11:17:13Z</time>
        </trkpt>        <trkpt lat="50.04832728816777" lon="19.949954618751537">
            <ele>203.26648575253785</ele>
            <time>2026-08-16T11:17:14Z</time>
        </trkpt>        <trkpt lat="50.048293781928805" lon="19.949890730542347">
            <ele>203.25871552247554</ele>
            <time>2026-08-16T11:17:15Z</time>
        </trkpt>        <trkpt lat="50.048260231837304" lon="19.94982624743029">
            <ele>203.24752992298454</ele>
            <time>2026-08-16T11:17:16Z</time>
        </trkpt>        <trkpt lat="50.04822643238184" lon="19.949761588250016">
            <ele>203.23331464547664</ele>
            <time>2026-08-16T11:17:17Z</time>
        </trkpt>        <trkpt lat="50.048192373410934" lon="19.949696996600792">
            <ele>203.2157016955316</ele>
            <time>2026-08-16T11:17:18Z</time>
        </trkpt>        <trkpt lat="50.04815817408488" lon="19.949632600625375">
            <ele>203.19376578740776</ele>
            <time>2026-08-16T11:17:19Z</time>
        </trkpt>        <trkpt lat="50.04812380491431" lon="19.949568188194785">
            <ele>203.16660778410733</ele>
            <time>2026-08-16T11:17:20Z</time>
        </trkpt>        <trkpt lat="50.04808946236931" lon="19.949503590772334">
            <ele>203.13391131162643</ele>
            <time>2026-08-16T11:17:21Z</time>
        </trkpt>        <trkpt lat="50.04805517896972" lon="19.949439024058886">
            <ele>203.09620160609484</ele>
            <time>2026-08-16T11:17:21Z</time>
        </trkpt>        <trkpt lat="50.04802057532375" lon="19.94937464359613">
            <ele>203.05490889400244</ele>
            <time>2026-08-16T11:17:22Z</time>
        </trkpt>        <trkpt lat="50.04798576574338" lon="19.949310060970458">
            <ele>203.01210950873792</ele>
            <time>2026-08-16T11:17:23Z</time>
        </trkpt>        <trkpt lat="50.04795126474835" lon="19.949245109084384">
            <ele>202.96986056957394</ele>
            <time>2026-08-16T11:17:24Z</time>
        </trkpt>        <trkpt lat="50.047916919439324" lon="19.949179849912397">
            <ele>202.92965013720095</ele>
            <time>2026-08-16T11:17:25Z</time>
        </trkpt>        <trkpt lat="50.047882669936776" lon="19.949114752451383">
            <ele>202.89236232358962</ele>
            <time>2026-08-16T11:17:26Z</time>
        </trkpt>        <trkpt lat="50.04784878122105" lon="19.949049919290573">
            <ele>202.85849316511303</ele>
            <time>2026-08-16T11:17:27Z</time>
        </trkpt>        <trkpt lat="50.04781575945209" lon="19.94898498378769">
            <ele>202.82835811562836</ele>
            <time>2026-08-16T11:17:28Z</time>
        </trkpt>        <trkpt lat="50.04778400936387" lon="19.948920045443327">
            <ele>202.8022808888927</ele>
            <time>2026-08-16T11:17:29Z</time>
        </trkpt>        <trkpt lat="50.04775287832261" lon="19.948854926467135">
            <ele>202.7806578548625</ele>
            <time>2026-08-16T11:17:30Z</time>
        </trkpt>        <trkpt lat="50.04772142751335" lon="19.948789247729675">
            <ele>202.76377741526812</ele>
            <time>2026-08-16T11:17:31Z</time>
        </trkpt>        <trkpt lat="50.047689402791754" lon="19.94872250195555">
            <ele>202.75150033645332</ele>
            <time>2026-08-16T11:17:32Z</time>
        </trkpt>        <trkpt lat="50.047656994957336" lon="19.948654304993585">
            <ele>202.74317583348602</ele>
            <time>2026-08-16T11:17:33Z</time>
        </trkpt>        <trkpt lat="50.04762393931748" lon="19.94858560554871">
            <ele>202.7379714967683</ele>
            <time>2026-08-16T11:17:34Z</time>
        </trkpt>        <trkpt lat="50.04758977546224" lon="19.94851743214681">
            <ele>202.73526440374553</ele>
            <time>2026-08-16T11:17:35Z</time>
        </trkpt>        <trkpt lat="50.04755436538111" lon="19.948449537051793">
            <ele>202.7347931722179</ele>
            <time>2026-08-16T11:17:36Z</time>
        </trkpt>        <trkpt lat="50.04751824985596" lon="19.948381302495797">
            <ele>202.73662724718451</ele>
            <time>2026-08-16T11:17:37Z</time>
        </trkpt>        <trkpt lat="50.04748132155419" lon="19.948310181381114">
            <ele>202.7409819625318</ele>
            <time>2026-08-16T11:17:38Z</time>
        </trkpt>        <trkpt lat="50.04744754580275" lon="19.948232850000146">
            <ele>202.74783423170447</ele>
            <time>2026-08-16T11:17:39Z</time>
        </trkpt>        <trkpt lat="50.04741819299525" lon="19.948151931412422">
            <ele>202.7565636895597</ele>
            <time>2026-08-16T11:17:40Z</time>
        </trkpt>        <trkpt lat="50.0473890750675" lon="19.948072157973375">
            <ele>202.76597276423126</ele>
            <time>2026-08-16T11:17:41Z</time>
        </trkpt>        <trkpt lat="50.04735890396304" lon="19.947994993840098">
            <ele>202.7746494943276</ele>
            <time>2026-08-16T11:17:42Z</time>
        </trkpt>        <trkpt lat="50.04732797802922" lon="19.947920220778325">
            <ele>202.78140618093312</ele>
            <time>2026-08-16T11:17:43Z</time>
        </trkpt>        <trkpt lat="50.04729732895929" lon="19.947846398859898">
            <ele>202.7857158575207</ele>
            <time>2026-08-16T11:17:44Z</time>
        </trkpt>        <trkpt lat="50.04726705789352" lon="19.947773364606117">
            <ele>202.78806179668754</ele>
            <time>2026-08-16T11:17:45Z</time>
        </trkpt>        <trkpt lat="50.047236721765294" lon="19.947701357838017">
            <ele>202.78990564774722</ele>
            <time>2026-08-16T11:17:46Z</time>
        </trkpt>        <trkpt lat="50.047206551314105" lon="19.94763048902169">
            <ele>202.7932407213375</ele>
            <time>2026-08-16T11:17:47Z</time>
        </trkpt>        <trkpt lat="50.04717622668193" lon="19.947560919753304">
            <ele>202.80001217499375</ele>
            <time>2026-08-16T11:17:48Z</time>
        </trkpt>        <trkpt lat="50.047145046689245" lon="19.947492307600815">
            <ele>202.81149627361447</ele>
            <time>2026-08-16T11:17:49Z</time>
        </trkpt>        <trkpt lat="50.04711427108833" lon="19.94742398145677">
            <ele>202.8277112096548</ele>
            <time>2026-08-16T11:17:50Z</time>
        </trkpt>        <trkpt lat="50.04708589398449" lon="19.947355852970457">
            <ele>202.84724427666515</ele>
            <time>2026-08-16T11:17:51Z</time>
        </trkpt>        <trkpt lat="50.04705991141603" lon="19.947289382467357">
            <ele>202.8676057299599</ele>
            <time>2026-08-16T11:17:52Z</time>
        </trkpt>        <trkpt lat="50.04703511975702" lon="19.947226154344413">
            <ele>202.88569209352136</ele>
            <time>2026-08-16T11:17:53Z</time>
        </trkpt>        <trkpt lat="50.04701096453809" lon="19.947166788492716">
            <ele>202.8981385678053</ele>
            <time>2026-08-16T11:17:54Z</time>
        </trkpt>        <trkpt lat="50.04698758643738" lon="19.94711224961192">
            <ele>202.90165479388088</ele>
            <time>2026-08-16T11:17:55Z</time>
        </trkpt>        <trkpt lat="50.04696572968326" lon="19.947063234169434">
            <ele>202.89339984487742</ele>
            <time>2026-08-16T11:17:56Z</time>
        </trkpt>        <trkpt lat="50.046945290516184" lon="19.947017291899236">
            <ele>202.8714712364599</ele>
            <time>2026-08-16T11:17:57Z</time>
        </trkpt>        <trkpt lat="50.04692584786998" lon="19.9469726712778">
            <ele>202.83536409493536</ele>
            <time>2026-08-16T11:17:58Z</time>
        </trkpt>        <trkpt lat="50.04690653617082" lon="19.94692595023903">
            <ele>202.78607773780823</ele>
            <time>2026-08-16T11:17:59Z</time>
        </trkpt>        <trkpt lat="50.0468862171275" lon="19.94687437802195">
            <ele>202.7260250262916</ele>
            <time>2026-08-16T11:18:00Z</time>
        </trkpt>        <trkpt lat="50.04686493177958" lon="19.94682086212208">
            <ele>202.6588241700083</ele>
            <time>2026-08-16T11:18:01Z</time>
        </trkpt>        <trkpt lat="50.046842663669075" lon="19.946767068319872">
            <ele>202.58879533875734</ele>
            <time>2026-08-16T11:18:02Z</time>
        </trkpt>        <trkpt lat="50.04681946118103" lon="19.946712895956107">
            <ele>202.52042526379228</ele>
            <time>2026-08-16T11:18:03Z</time>
        </trkpt>        <trkpt lat="50.046795765183234" lon="19.946658173054647">
            <ele>202.45801821909845</ele>
            <time>2026-08-16T11:18:04Z</time>
        </trkpt>        <trkpt lat="50.04677156154273" lon="19.946602292402737">
            <ele>202.40539909619838</ele>
            <time>2026-08-16T11:18:05Z</time>
        </trkpt>        <trkpt lat="50.046746140863725" lon="19.94654380348883">
            <ele>202.3656441634521</ele>
            <time>2026-08-16T11:18:06Z</time>
        </trkpt>        <trkpt lat="50.04671842613405" lon="19.946480813832604">
            <ele>202.34085754025728</ele>
            <time>2026-08-16T11:18:07Z</time>
        </trkpt>        <trkpt lat="50.046688782488694" lon="19.946412087309003">
            <ele>202.33191601280123</ele>
            <time>2026-08-16T11:18:08Z</time>
        </trkpt>        <trkpt lat="50.04665897476874" lon="19.946338017047655">
            <ele>202.3383206119761</ele>
            <time>2026-08-16T11:18:09Z</time>
        </trkpt>        <trkpt lat="50.04662941744415" lon="19.946261192554598">
            <ele>202.3581333635375</ele>
            <time>2026-08-16T11:18:10Z</time>
        </trkpt>        <trkpt lat="50.04659953565993" lon="19.94618454039501">
            <ele>202.38797439541668</ele>
            <time>2026-08-16T11:18:11Z</time>
        </trkpt>        <trkpt lat="50.04656931718565" lon="19.94610911148804">
            <ele>202.42329895030707</ele>
            <time>2026-08-16T11:18:12Z</time>
        </trkpt>        <trkpt lat="50.046538747503206" lon="19.946035584001162">
            <ele>202.45885427389294</ele>
            <time>2026-08-16T11:18:13Z</time>
        </trkpt>        <trkpt lat="50.046508066240555" lon="19.945964536135055">
            <ele>202.48938469588757</ele>
            <time>2026-08-16T11:18:14Z</time>
        </trkpt>        <trkpt lat="50.046477815189434" lon="19.94589417998005">
            <ele>202.5108052585274</ele>
            <time>2026-08-16T11:18:15Z</time>
        </trkpt>        <trkpt lat="50.046448127238115" lon="19.945822808396965">
            <ele>202.5212457049638</ele>
            <time>2026-08-16T11:18:16Z</time>
        </trkpt>        <trkpt lat="50.04641870580986" lon="19.945750951380095">
            <ele>202.52133111283183</ele>
            <time>2026-08-16T11:18:17Z</time>
        </trkpt>        <trkpt lat="50.04638899969617" lon="19.94567912332503">
            <ele>202.51401963364333</ele>
            <time>2026-08-16T11:18:18Z</time>
        </trkpt>        <trkpt lat="50.046358862780885" lon="19.945607413031063">
            <ele>202.5040249414742</ele>
            <time>2026-08-16T11:18:19Z</time>
        </trkpt>        <trkpt lat="50.04632857166307" lon="19.945535610801244">
            <ele>202.4965546708554</ele>
            <time>2026-08-16T11:18:20Z</time>
        </trkpt>        <trkpt lat="50.046298494474456" lon="19.945463317321153">
            <ele>202.49602522235364</ele>
            <time>2026-08-16T11:18:21Z</time>
        </trkpt>        <trkpt lat="50.04626871508638" lon="19.945390601911274">
            <ele>202.50535916537046</ele>
            <time>2026-08-16T11:18:22Z</time>
        </trkpt>        <trkpt lat="50.046239094586724" lon="19.945317942950744">
            <ele>202.5256060231477</ele>
            <time>2026-08-16T11:18:23Z</time>
        </trkpt>        <trkpt lat="50.046209698004326" lon="19.945245485946476">
            <ele>202.55588636081666</ele>
            <time>2026-08-16T11:18:25Z</time>
        </trkpt>        <trkpt lat="50.046180566565944" lon="19.945173540546374">
            <ele>202.59359163045883</ele>
            <time>2026-08-16T11:18:26Z</time>
        </trkpt>        <trkpt lat="50.046151129898995" lon="19.945102197611703">
            <ele>202.63524670526385</ele>
            <time>2026-08-16T11:18:27Z</time>
        </trkpt>        <trkpt lat="50.046121177176936" lon="19.945031172496513">
            <ele>202.67686079163104</ele>
            <time>2026-08-16T11:18:28Z</time>
        </trkpt>        <trkpt lat="50.0460913031496" lon="19.94495980106681">
            <ele>202.71447096858174</ele>
            <time>2026-08-16T11:18:29Z</time>
        </trkpt>        <trkpt lat="50.04606208199206" lon="19.94488771833896">
            <ele>202.7447678297758</ele>
            <time>2026-08-16T11:18:30Z</time>
        </trkpt>        <trkpt lat="50.04603361757953" lon="19.94481518091166">
            <ele>202.76589040271938</ele>
            <time>2026-08-16T11:18:31Z</time>
        </trkpt>        <trkpt lat="50.04600568830245" lon="19.944742828835967">
            <ele>202.77814021427184</ele>
            <time>2026-08-16T11:18:32Z</time>
        </trkpt>        <trkpt lat="50.04597822195582" lon="19.944671127514262">
            <ele>202.78397869225591</ele>
            <time>2026-08-16T11:18:33Z</time>
        </trkpt>        <trkpt lat="50.04595194001303" lon="19.944601591580742">
            <ele>202.7872936958447</ele>
            <time>2026-08-16T11:18:34Z</time>
        </trkpt>        <trkpt lat="50.04592772363325" lon="19.94453530421283">
            <ele>202.79243545234203</ele>
            <time>2026-08-16T11:18:35Z</time>
        </trkpt>        <trkpt lat="50.045904920662984" lon="19.944470477724824">
            <ele>202.80308987852186</ele>
            <time>2026-08-16T11:18:36Z</time>
        </trkpt>        <trkpt lat="50.04588236622747" lon="19.94440343748807">
            <ele>202.8212336646393</ele>
            <time>2026-08-16T11:18:37Z</time>
        </trkpt>        <trkpt lat="50.04585934102293" lon="19.944331928797236">
            <ele>202.84694598522037</ele>
            <time>2026-08-16T11:18:38Z</time>
        </trkpt>        <trkpt lat="50.04583565569241" lon="19.94425649996911">
            <ele>202.87919993512332</ele>
            <time>2026-08-16T11:18:39Z</time>
        </trkpt>        <trkpt lat="50.045811851724665" lon="19.94417934287882">
            <ele>202.91687317751348</ele>
            <time>2026-08-16T11:18:40Z</time>
        </trkpt>        <trkpt lat="50.04578856663054" lon="19.94410229742275">
            <ele>202.95957287121564</ele>
            <time>2026-08-16T11:18:41Z</time>
        </trkpt>        <trkpt lat="50.04576617147156" lon="19.94402540871072">
            <ele>203.00821451935917</ele>
            <time>2026-08-16T11:18:42Z</time>
        </trkpt>        <trkpt lat="50.0457445836508" lon="19.943948388782033">
            <ele>203.06482121814042</ele>
            <time>2026-08-16T11:18:43Z</time>
        </trkpt>        <trkpt lat="50.045723813120475" lon="19.94387118695582">
            <ele>203.13125205226243</ele>
            <time>2026-08-16T11:18:44Z</time>
        </trkpt>        <trkpt lat="50.04570378572631" lon="19.9437939281605">
            <ele>203.20778209064156</ele>
            <time>2026-08-16T11:18:45Z</time>
        </trkpt>        <trkpt lat="50.04568435937418" lon="19.943717005896698">
            <ele>203.29244201630354</ele>
            <time>2026-08-16T11:18:46Z</time>
        </trkpt>        <trkpt lat="50.04566493083346" lon="19.94364065355001">
            <ele>203.3808789011091</ele>
            <time>2026-08-16T11:18:47Z</time>
        </trkpt>        <trkpt lat="50.04564506915627" lon="19.943563990271286">
            <ele>203.4668105468154</ele>
            <time>2026-08-16T11:18:48Z</time>
        </trkpt>        <trkpt lat="50.04562585717694" lon="19.943487280328508">
            <ele>203.54347700998187</ele>
            <time>2026-08-16T11:18:49Z</time>
        </trkpt>        <trkpt lat="50.04560815784021" lon="19.943410312186472">
            <ele>203.60523208789527</ele>
            <time>2026-08-16T11:18:50Z</time>
        </trkpt>        <trkpt lat="50.04559223728066" lon="19.943332389754886">
            <ele>203.64830698817968</ele>
            <time>2026-08-16T11:18:51Z</time>
        </trkpt>        <trkpt lat="50.04557776192827" lon="19.94325366137059">
            <ele>203.67107016127557</ele>
            <time>2026-08-16T11:18:52Z</time>
        </trkpt>        <trkpt lat="50.045563954144974" lon="19.943174246993138">
            <ele>203.67402223311365</ele>
            <time>2026-08-16T11:18:53Z</time>
        </trkpt>        <trkpt lat="50.045551692719876" lon="19.94309482441724">
            <ele>203.65933753270656</ele>
            <time>2026-08-16T11:18:54Z</time>
        </trkpt>        <trkpt lat="50.04554140183632" lon="19.943015949990713">
            <ele>203.6303449878469</ele>
            <time>2026-08-16T11:18:55Z</time>
        </trkpt>        <trkpt lat="50.045532462800814" lon="19.942937093410375">
            <ele>203.5911428378895</ele>
            <time>2026-08-16T11:18:56Z</time>
        </trkpt>        <trkpt lat="50.0455241375638" lon="19.942856632181215">
            <ele>203.54624933563173</ele>
            <time>2026-08-16T11:18:57Z</time>
        </trkpt>        <trkpt lat="50.045515165880154" lon="19.94277478120464">
            <ele>203.5003524310887</ele>
            <time>2026-08-16T11:18:58Z</time>
        </trkpt>        <trkpt lat="50.04550532783898" lon="19.942691365700558">
            <ele>203.45809588115662</ele>
            <time>2026-08-16T11:18:59Z</time>
        </trkpt>        <trkpt lat="50.04549538974609" lon="19.942605907862838">
            <ele>203.4238263675943</ele>
            <time>2026-08-16T11:19:00Z</time>
        </trkpt>        <trkpt lat="50.04548608572625" lon="19.94251880979119">
            <ele>203.40123038180172</ele>
            <time>2026-08-16T11:19:01Z</time>
        </trkpt>        <trkpt lat="50.045477956822566" lon="19.942429383054343">
            <ele>203.3927360093221</ele>
            <time>2026-08-16T11:19:02Z</time>
        </trkpt>        <trkpt lat="50.04547150121525" lon="19.94233971274403">
            <ele>203.39903122466058</ele>
            <time>2026-08-16T11:19:03Z</time>
        </trkpt>        <trkpt lat="50.04546695255754" lon="19.942252548517974">
            <ele>203.41917053982615</ele>
            <time>2026-08-16T11:19:04Z</time>
        </trkpt>        <trkpt lat="50.045464080002915" lon="19.942166799137116">
            <ele>203.45093248877674</ele>
            <time>2026-08-16T11:19:05Z</time>
        </trkpt>        <trkpt lat="50.04546226850833" lon="19.942080908280435">
            <ele>203.49115141294897</ele>
            <time>2026-08-16T11:19:06Z</time>
        </trkpt>        <trkpt lat="50.04546113159025" lon="19.941994981385317">
            <ele>203.53611597791314</ele>
            <time>2026-08-16T11:19:07Z</time>
        </trkpt>        <trkpt lat="50.04546064920221" lon="19.941909437573468">
            <ele>203.58188625890762</ele>
            <time>2026-08-16T11:19:08Z</time>
        </trkpt>        <trkpt lat="50.04546084732753" lon="19.9418246597602">
            <ele>203.62445576302707</ele>
            <time>2026-08-16T11:19:09Z</time>
        </trkpt>        <trkpt lat="50.0454616668868" lon="19.941740407190075">
            <ele>203.6598770674318</ele>
            <time>2026-08-16T11:19:10Z</time>
        </trkpt>        <trkpt lat="50.04546269709338" lon="19.941655805689507">
            <ele>203.68451128713787</ele>
            <time>2026-08-16T11:19:11Z</time>
        </trkpt>        <trkpt lat="50.045463733309916" lon="19.941570765563764">
            <ele>203.69554148893803</ele>
            <time>2026-08-16T11:19:12Z</time>
        </trkpt>        <trkpt lat="50.04546513804417" lon="19.941485552567098">
            <ele>203.6915283901617</ele>
            <time>2026-08-16T11:19:12Z</time>
        </trkpt>        <trkpt lat="50.045466574286124" lon="19.94139985983886">
            <ele>203.67241576872766</ele>
            <time>2026-08-16T11:19:13Z</time>
        </trkpt>        <trkpt lat="50.04546766164018" lon="19.941313948770475">
            <ele>203.63926958106458</ele>
            <time>2026-08-16T11:19:14Z</time>
        </trkpt>        <trkpt lat="50.04546854598555" lon="19.941228016962523">
            <ele>203.5940582230687</ele>
            <time>2026-08-16T11:19:15Z</time>
        </trkpt>        <trkpt lat="50.04546949944399" lon="19.941142272174122">
            <ele>203.53940733429044</ele>
            <time>2026-08-16T11:19:16Z</time>
        </trkpt>        <trkpt lat="50.04547141626056" lon="19.94105682422245">
            <ele>203.47837046999484</ele>
            <time>2026-08-16T11:19:17Z</time>
        </trkpt>        <trkpt lat="50.04547473691163" lon="19.940971354250106">
            <ele>203.41415758244693</ele>
            <time>2026-08-16T11:19:18Z</time>
        </trkpt>        <trkpt lat="50.04547883358054" lon="19.940885590798853">
            <ele>203.3497408600524</ele>
            <time>2026-08-16T11:19:19Z</time>
        </trkpt>        <trkpt lat="50.045483326461984" lon="19.94080020836739">
            <ele>203.28753186482936</ele>
            <time>2026-08-16T11:19:20Z</time>
        </trkpt>        <trkpt lat="50.04548893474977" lon="19.94071615388334">
            <ele>203.22923594526947</ele>
            <time>2026-08-16T11:19:21Z</time>
        </trkpt>        <trkpt lat="50.04549604925218" lon="19.940632548886562">
            <ele>203.17581134755164</ele>
            <time>2026-08-16T11:19:22Z</time>
        </trkpt>        <trkpt lat="50.04550438165588" lon="19.940548342138136">
            <ele>203.1276219189167</ele>
            <time>2026-08-16T11:19:23Z</time>
        </trkpt>        <trkpt lat="50.04551351996714" lon="19.940463615577315">
            <ele>203.08480659220368</ele>
            <time>2026-08-16T11:19:24Z</time>
        </trkpt>        <trkpt lat="50.04552329732784" lon="19.940378655432532">
            <ele>203.04762671515346</ele>
            <time>2026-08-16T11:19:25Z</time>
        </trkpt>        <trkpt lat="50.04553373939201" lon="19.940293582280166">
            <ele>203.0166505742818</ele>
            <time>2026-08-16T11:19:26Z</time>
        </trkpt>        <trkpt lat="50.045544917826305" lon="19.94020858407032">
            <ele>202.99278461374342</ele>
            <time>2026-08-16T11:19:27Z</time>
        </trkpt>        <trkpt lat="50.045556766252126" lon="19.940124247030628">
            <ele>202.97710329387337</ele>
            <time>2026-08-16T11:19:28Z</time>
        </trkpt>        <trkpt lat="50.04556935854008" lon="19.940041035154632">
            <ele>202.97042206022888</ele>
            <time>2026-08-16T11:19:29Z</time>
        </trkpt>        <trkpt lat="50.04558301723294" lon="19.939958695434107">
            <ele>202.97265997808427</ele>
            <time>2026-08-16T11:19:30Z</time>
        </trkpt>        <trkpt lat="50.04559761617584" lon="19.93987692313157">
            <ele>202.98201700113714</ele>
            <time>2026-08-16T11:19:31Z</time>
        </trkpt>        <trkpt lat="50.045613130840984" lon="19.93979519541498">
            <ele>202.99410245846957</ele>
            <time>2026-08-16T11:19:32Z</time>
        </trkpt>        <trkpt lat="50.04562969674794" lon="19.939713108176957">
            <ele>203.00203680153936</ele>
            <time>2026-08-16T11:19:33Z</time>
        </trkpt>        <trkpt lat="50.04564721291483" lon="19.939630916866108">
            <ele>202.9982661679387</ele>
            <time>2026-08-16T11:19:34Z</time>
        </trkpt>        <trkpt lat="50.045665635167644" lon="19.939549255069362">
            <ele>202.97681254614145</ele>
            <time>2026-08-16T11:19:35Z</time>
        </trkpt>        <trkpt lat="50.04568506002984" lon="19.93946886995028">
            <ele>202.93471564445645</ele>
            <time>2026-08-16T11:19:36Z</time>
        </trkpt>        <trkpt lat="50.04570529917385" lon="19.939389747397858">
            <ele>202.87301055155694</ele>
            <time>2026-08-16T11:19:37Z</time>
        </trkpt>        <trkpt lat="50.04572618124027" lon="19.939311187186583">
            <ele>202.79673902131617</ele>
            <time>2026-08-16T11:19:38Z</time>
        </trkpt>        <trkpt lat="50.04574807747245" lon="19.939233065514433">
            <ele>202.71312062628567</ele>
            <time>2026-08-16T11:19:39Z</time>
        </trkpt>        <trkpt lat="50.04577130509156" lon="19.93915690547809">
            <ele>202.629270888865</ele>
            <time>2026-08-16T11:19:40Z</time>
        </trkpt>        <trkpt lat="50.04579567716562" lon="19.939083705178284">
            <ele>202.55085157509893</ele>
            <time>2026-08-16T11:19:41Z</time>
        </trkpt>        <trkpt lat="50.04582097450727" lon="19.93901274830916">
            <ele>202.48133372236043</ele>
            <time>2026-08-16T11:19:42Z</time>
        </trkpt>        <trkpt lat="50.0458478735557" lon="19.938942330963943">
            <ele>202.42179498448968</ele>
            <time>2026-08-16T11:19:43Z</time>
        </trkpt>        <trkpt lat="50.04587766201754" lon="19.938870823045875">
            <ele>202.3715503225103</ele>
            <time>2026-08-16T11:19:44Z</time>
        </trkpt>        <trkpt lat="50.04591005507698" lon="19.938799918769462">
            <ele>202.329030088149</ele>
            <time>2026-08-16T11:19:45Z</time>
        </trkpt>        <trkpt lat="50.04594398831844" lon="19.938731912966173">
            <ele>202.2923796279356</ele>
            <time>2026-08-16T11:19:46Z</time>
        </trkpt>        <trkpt lat="50.045979163135144" lon="19.938666364647823">
            <ele>202.25986432656646</ele>
            <time>2026-08-16T11:19:47Z</time>
        </trkpt>        <trkpt lat="50.04601534338782" lon="19.938602108675763">
            <ele>202.23011117521673</ele>
            <time>2026-08-16T11:19:48Z</time>
        </trkpt>        <trkpt lat="50.046052220125084" lon="19.938538682898276">
            <ele>202.20219786278903</ele>
            <time>2026-08-16T11:19:49Z</time>
        </trkpt>        <trkpt lat="50.04609005356293" lon="19.938476617295425">
            <ele>202.1756179817021</ele>
            <time>2026-08-16T11:19:50Z</time>
        </trkpt>        <trkpt lat="50.04612915457612" lon="19.938416367508946">
            <ele>202.15004658140242</ele>
            <time>2026-08-16T11:19:51Z</time>
        </trkpt>        <trkpt lat="50.04616900533519" lon="19.938357692241613">
            <ele>202.12485625687987</ele>
            <time>2026-08-16T11:19:52Z</time>
        </trkpt>        <trkpt lat="50.046209487890685" lon="19.938300457290364">
            <ele>202.09869629889727</ele>
            <time>2026-08-16T11:19:53Z</time>
        </trkpt>        <trkpt lat="50.0462511688862" lon="19.938245080683583">
            <ele>202.069471382536</ele>
            <time>2026-08-16T11:19:54Z</time>
        </trkpt>        <trkpt lat="50.04629441471353" lon="19.938192063017212">
            <ele>202.03461262304336</ele>
            <time>2026-08-16T11:19:55Z</time>
        </trkpt>        <trkpt lat="50.04633929485718" lon="19.938141226384136">
            <ele>201.9914941927418</ele>
            <time>2026-08-16T11:19:56Z</time>
        </trkpt>        <trkpt lat="50.04638540478186" lon="19.938091564646534">
            <ele>201.93805560749024</ele>
            <time>2026-08-16T11:19:57Z</time>
        </trkpt>        <trkpt lat="50.04643211583316" lon="19.938042227062603">
            <ele>201.87342030741274</ele>
            <time>2026-08-16T11:19:58Z</time>
        </trkpt>        <trkpt lat="50.046479476671806" lon="19.93799323284319">
            <ele>201.79816362913698</ele>
            <time>2026-08-16T11:19:59Z</time>
        </trkpt>        <trkpt lat="50.04652749031841" lon="19.937944370823967">
            <ele>201.71436809562147</ele>
            <time>2026-08-16T11:20:00Z</time>
        </trkpt>        <trkpt lat="50.04657572830938" lon="19.937893620563973">
            <ele>201.62549871765077</ele>
            <time>2026-08-16T11:20:01Z</time>
        </trkpt>        <trkpt lat="50.046623609689156" lon="19.937840745919775">
            <ele>201.53589572384953</ele>
            <time>2026-08-16T11:20:02Z</time>
        </trkpt>        <trkpt lat="50.0466736582359" lon="19.937788813408428">
            <ele>201.45015916693956</ele>
            <time>2026-08-16T11:20:03Z</time>
        </trkpt>        <trkpt lat="50.0467262357723" lon="19.937735927935645">
            <ele>201.3726512612775</ele>
            <time>2026-08-16T11:20:04Z</time>
        </trkpt>        <trkpt lat="50.0467778973232" lon="19.9376814138389">
            <ele>201.30696594715118</ele>
            <time>2026-08-16T11:20:05Z</time>
        </trkpt>        <trkpt lat="50.0468291258161" lon="19.93762814449107">
            <ele>201.2555481782183</ele>
            <time>2026-08-16T11:20:06Z</time>
        </trkpt>        <trkpt lat="50.04688181967887" lon="19.937574678637">
            <ele>201.21969596575946</ele>
            <time>2026-08-16T11:20:07Z</time>
        </trkpt>        <trkpt lat="50.04693710918761" lon="19.937522648711077">
            <ele>201.19967432320118</ele>
            <time>2026-08-16T11:20:08Z</time>
        </trkpt>        <trkpt lat="50.04699422770153" lon="19.93747308241058">
            <ele>201.19490418490022</ele>
            <time>2026-08-16T11:20:09Z</time>
        </trkpt>        <trkpt lat="50.04705073600915" lon="19.937424335234148">
            <ele>201.20426878612489</ele>
            <time>2026-08-16T11:20:10Z</time>
        </trkpt>        <trkpt lat="50.04710681569803" lon="19.93737452660271">
            <ele>201.22638264950365</ele>
            <time>2026-08-16T11:20:11Z</time>
        </trkpt>        <trkpt lat="50.04716361484773" lon="19.937322060672006">
            <ele>201.25985720939934</ele>
            <time>2026-08-16T11:20:12Z</time>
        </trkpt>        <trkpt lat="50.047218734409135" lon="19.937270998207236">
            <ele>201.3035013517365</ele>
            <time>2026-08-16T11:20:13Z</time>
        </trkpt>        <trkpt lat="50.04727387235361" lon="19.937221284465693">
            <ele>201.35641969926655</ele>
            <time>2026-08-16T11:20:14Z</time>
        </trkpt>        <trkpt lat="50.047330417950704" lon="19.937169877808902">
            <ele>201.41805164609104</ele>
            <time>2026-08-16T11:20:15Z</time>
        </trkpt>        <trkpt lat="50.047385794158465" lon="19.93711981526987">
            <ele>201.48808357585222</ele>
            <time>2026-08-16T11:20:16Z</time>
        </trkpt>        <trkpt lat="50.047441213513906" lon="19.93707149506153">
            <ele>201.56619113311172</ele>
            <time>2026-08-16T11:20:17Z</time>
        </trkpt>        <trkpt lat="50.04749644811743" lon="19.93702382092458">
            <ele>201.65166169777513</ele>
            <time>2026-08-16T11:20:18Z</time>
        </trkpt>        <trkpt lat="50.047552016392736" lon="19.93697677313475">
            <ele>201.7431662576273</ele>
            <time>2026-08-16T11:20:19Z</time>
        </trkpt>        <trkpt lat="50.047608510803094" lon="19.936928662850715">
            <ele>201.83882870711386</ele>
            <time>2026-08-16T11:20:20Z</time>
        </trkpt>        <trkpt lat="50.047664688572866" lon="19.936882153348485">
            <ele>201.9363735197112</ele>
            <time>2026-08-16T11:20:21Z</time>
        </trkpt>        <trkpt lat="50.04772108498319" lon="19.936838700011396">
            <ele>202.0332431429997</ele>
            <time>2026-08-16T11:20:22Z</time>
        </trkpt>        <trkpt lat="50.047775383602556" lon="19.936793154541654">
            <ele>202.1267038313672</ele>
            <time>2026-08-16T11:20:23Z</time>
        </trkpt>        <trkpt lat="50.0478265972573" lon="19.93674407292156">
            <ele>202.21378999296576</ele>
            <time>2026-08-16T11:20:24Z</time>
        </trkpt>        <trkpt lat="50.04787743645221" lon="19.936705478027363">
            <ele>202.29101014789194</ele>
            <time>2026-08-16T11:20:25Z</time>
        </trkpt>        <trkpt lat="50.04792538613707" lon="19.9366835605268">
            <ele>202.35415466316044</ele>
            <time>2026-08-16T11:20:26Z</time>
        </trkpt>        <trkpt lat="50.04796562167008" lon="19.936679119934173">
            <ele>202.39864664152265</ele>
            <time>2026-08-16T11:20:27Z</time>
        </trkpt>        <trkpt lat="50.04799383223283" lon="19.93670102099743">
            <ele>202.42051583807915</ele>
            <time>2026-08-16T11:20:28Z</time>
        </trkpt>        <trkpt lat="50.04800411922125" lon="19.936745716659495">
            <ele>202.41773260571063</ele>
            <time>2026-08-16T11:20:29Z</time>
        </trkpt>        <trkpt lat="50.04799331483087" lon="19.93679840628063">
            <ele>202.39170608110726</ele>
            <time>2026-08-16T11:20:31Z</time>
        </trkpt>        <trkpt lat="50.04796522194365" lon="19.936845523701983">
            <ele>202.34889884106815</ele>
            <time>2026-08-16T11:20:32Z</time>
        </trkpt>        <trkpt lat="50.04792735367633" lon="19.9368829484715">
            <ele>202.30039326939732</ele>
            <time>2026-08-16T11:20:33Z</time>
        </trkpt>        <trkpt lat="50.0478854846717" lon="19.936912927603373">
            <ele>202.25976378563792</ele>
            <time>2026-08-16T11:20:34Z</time>
        </trkpt>        <trkpt lat="50.0478429293868" lon="19.936939059152422">
            <ele>202.24040449596941</ele>
            <time>2026-08-16T11:20:35Z</time>
        </trkpt>        <trkpt lat="50.047801003719336" lon="19.93696386934961">
            <ele>202.25305156968534</ele>
            <time>2026-08-16T11:20:36Z</time>
        </trkpt>        <trkpt lat="50.04775999055302" lon="19.936989700760567">
            <ele>202.30354450456798</ele>
            <time>2026-08-16T11:20:37Z</time>
        </trkpt>        <trkpt lat="50.04772025820632" lon="19.937017681021025">
            <ele>202.3921848759055</ele>
            <time>2026-08-16T11:20:38Z</time>
        </trkpt>        <trkpt lat="50.04768191554218" lon="19.93704720872342">
            <ele>202.51504229567945</ele>
            <time>2026-08-16T11:20:39Z</time>
        </trkpt>        <trkpt lat="50.04764453495663" lon="19.937077445718643">
            <ele>202.66568853799254</ele>
            <time>2026-08-16T11:20:40Z</time>
        </trkpt>        <trkpt lat="50.04760779959541" lon="19.937108143613624">
            <ele>202.83672515302896</ele>
            <time>2026-08-16T11:20:41Z</time>
        </trkpt>        <trkpt lat="50.0475714735656" lon="19.93713891417056">
            <ele>203.02111128158867</ele>
            <time>2026-08-16T11:20:42Z</time>
        </trkpt>        <trkpt lat="50.04753544823924" lon="19.937169629403364">
            <ele>203.21296723000705</ele>
            <time>2026-08-16T11:20:43Z</time>
        </trkpt>        <trkpt lat="50.04749983186121" lon="19.937200526133207">
            <ele>203.40787137951702</ele>
            <time>2026-08-16T11:20:44Z</time>
        </trkpt>        <trkpt lat="50.04746475370169" lon="19.93723149968485">
            <ele>203.6028686305508</ele>
            <time>2026-08-16T11:20:45Z</time>
        </trkpt>        <trkpt lat="50.04743045742587" lon="19.93726225859227">
            <ele>203.79612706322223</ele>
            <time>2026-08-16T11:20:46Z</time>
        </trkpt>        <trkpt lat="50.04739718791739" lon="19.937292448289483">
            <ele>203.98637548275292</ele>
            <time>2026-08-16T11:20:47Z</time>
        </trkpt>        <trkpt lat="50.0473650733431" lon="19.937322144404614">
            <ele>204.17249119933695</ele>
            <time>2026-08-16T11:20:48Z</time>
        </trkpt>        <trkpt lat="50.047334567942436" lon="19.937351764126685">
            <ele>204.35335520561785</ele>
            <time>2026-08-16T11:20:49Z</time>
        </trkpt>        <trkpt lat="50.047306180783345" lon="19.937381635350985">
            <ele>204.5278621930629</ele>
            <time>2026-08-16T11:20:50Z</time>
        </trkpt>        <trkpt lat="50.04728080185918" lon="19.937412311706353">
            <ele>204.69497126433998</ele>
            <time>2026-08-16T11:20:51Z</time>
        </trkpt>        <trkpt lat="50.047261312863164" lon="19.937444423822605">
            <ele>204.85382971912622</ele>
            <time>2026-08-16T11:20:52Z</time>
        </trkpt>        <trkpt lat="50.04725289440148" lon="19.937477524364358">
            <ele>205.00386474002153</ele>
            <time>2026-08-16T11:20:53Z</time>
        </trkpt>        <trkpt lat="50.047259973419486" lon="19.93750815712646">
            <ele>205.14471374545246</ele>
            <time>2026-08-16T11:20:54Z</time>
        </trkpt>        <trkpt lat="50.04728153246359" lon="19.93752903389423">
            <ele>205.27614755555987</ele>
            <time>2026-08-16T11:20:54Z</time>
        </trkpt>        <trkpt lat="50.04731259706248" lon="19.937533556623656">
            <ele>205.39806974027306</ele>
            <time>2026-08-16T11:20:55Z</time>
        </trkpt>        <trkpt lat="50.047348481910355" lon="19.937520960528104">
            <ele>205.5106005249545</ele>
            <time>2026-08-16T11:20:56Z</time>
        </trkpt>        <trkpt lat="50.047385992217514" lon="19.937495577384524">
            <ele>205.61415981594473</ele>
            <time>2026-08-16T11:20:57Z</time>
        </trkpt>        <trkpt lat="50.04742411131773" lon="19.937462834494312">
            <ele>205.70940320473164</ele>
            <time>2026-08-16T11:20:58Z</time>
        </trkpt>        <trkpt lat="50.047463318622626" lon="19.937427066212813">
            <ele>205.7971041109413</ele>
            <time>2026-08-16T11:20:59Z</time>
        </trkpt>        <trkpt lat="50.04750416321536" lon="19.937390571190335">
            <ele>205.87798918038607</ele>
            <time>2026-08-16T11:21:00Z</time>
        </trkpt>        <trkpt lat="50.047546818181864" lon="19.937354479371614">
            <ele>205.95247481111437</ele>
            <time>2026-08-16T11:21:01Z</time>
        </trkpt>        <trkpt lat="50.047591231469426" lon="19.937320333319825">
            <ele>206.02046236302704</ele>
            <time>2026-08-16T11:21:02Z</time>
        </trkpt>        <trkpt lat="50.047637230903106" lon="19.937288688130753">
            <ele>206.0813080770895</ele>
            <time>2026-08-16T11:21:03Z</time>
        </trkpt>        <trkpt lat="50.047684416524675" lon="19.937258197857055">
            <ele>206.1339475493878</ele>
            <time>2026-08-16T11:21:04Z</time>
        </trkpt>        <trkpt lat="50.04773239212004" lon="19.93722793199738">
            <ele>206.17717744782567</ele>
            <time>2026-08-16T11:21:05Z</time>
        </trkpt>        <trkpt lat="50.0477810265166" lon="19.937198056996387">
            <ele>206.21014518849552</ele>
            <time>2026-08-16T11:21:06Z</time>
        </trkpt>        <trkpt lat="50.04783028959916" lon="19.937167914266496">
            <ele>206.23285416606814</ele>
            <time>2026-08-16T11:21:07Z</time>
        </trkpt>        <trkpt lat="50.04787989582409" lon="19.937136013570854">
            <ele>206.24639529548585</ele>
            <time>2026-08-16T11:21:08Z</time>
        </trkpt>        <trkpt lat="50.04792935841294" lon="19.93710098261704">
            <ele>206.25300762895495</ele>
            <time>2026-08-16T11:21:09Z</time>
        </trkpt>        <trkpt lat="50.04797862828944" lon="19.93706242923389">
            <ele>206.25590130034834</ele>
            <time>2026-08-16T11:21:10Z</time>
        </trkpt>        <trkpt lat="50.04802824873672" lon="19.937021943944536">
            <ele>206.25861280225217</ele>
            <time>2026-08-16T11:21:11Z</time>
        </trkpt>        <trkpt lat="50.04807880023251" lon="19.93698178423889">
            <ele>206.2642644336447</ele>
            <time>2026-08-16T11:21:12Z</time>
        </trkpt>        <trkpt lat="50.04813034388309" lon="19.936943197327597">
            <ele>206.27509420644492</ele>
            <time>2026-08-16T11:21:13Z</time>
        </trkpt>        <trkpt lat="50.04818273117935" lon="19.936906299050268">
            <ele>206.29212640225887</ele>
            <time>2026-08-16T11:21:14Z</time>
        </trkpt>        <trkpt lat="50.048235511955944" lon="19.936869771166037">
            <ele>206.31508365366608</ele>
            <time>2026-08-16T11:21:15Z</time>
        </trkpt>        <trkpt lat="50.04828811637878" lon="19.936832026749983">
            <ele>206.3427621787414</ele>
            <time>2026-08-16T11:21:16Z</time>
        </trkpt>        <trkpt lat="50.0483403657857" lon="19.936792523240154">
            <ele>206.3735645422712</ele>
            <time>2026-08-16T11:21:17Z</time>
        </trkpt>        <trkpt lat="50.048392347119496" lon="19.936751387819378">
            <ele>206.40596338175237</ele>
            <time>2026-08-16T11:21:18Z</time>
        </trkpt>        <trkpt lat="50.04844423903542" lon="19.936709175581008">
            <ele>206.43897069618106</ele>
            <time>2026-08-16T11:21:19Z</time>
        </trkpt>        <trkpt lat="50.04849636786492" lon="19.936666400195676">
            <ele>206.47241321019828</ele>
            <time>2026-08-16T11:21:20Z</time>
        </trkpt>        <trkpt lat="50.04854877262897" lon="19.936623823591503">
            <ele>206.50679071620107</ele>
            <time>2026-08-16T11:21:21Z</time>
        </trkpt>        <trkpt lat="50.04860128739711" lon="19.936582119567316">
            <ele>206.5429264958948</ele>
            <time>2026-08-16T11:21:22Z</time>
        </trkpt>        <trkpt lat="50.048653844225235" lon="19.9365405603497">
            <ele>206.58163367584348</ele>
            <time>2026-08-16T11:21:23Z</time>
        </trkpt>        <trkpt lat="50.048706044476695" lon="19.936497558662495">
            <ele>206.62337276898324</ele>
            <time>2026-08-16T11:21:24Z</time>
        </trkpt>        <trkpt lat="50.0487575027748" lon="19.936452355658897">
            <ele>206.66802922822535</ele>
            <time>2026-08-16T11:21:25Z</time>
        </trkpt>        <trkpt lat="50.0488085267394" lon="19.93640567905824">
            <ele>206.7150032259524</ele>
            <time>2026-08-16T11:21:26Z</time>
        </trkpt>        <trkpt lat="50.048859366777016" lon="19.936358778074187">
            <ele>206.76346648484468</ele>
            <time>2026-08-16T11:21:27Z</time>
        </trkpt>        <trkpt lat="50.04891020727342" lon="19.936311695999606">
            <ele>206.81260695122182</ele>
            <time>2026-08-16T11:21:28Z</time>
        </trkpt>        <trkpt lat="50.04896121902703" lon="19.936263656345115">
            <ele>206.86187074519694</ele>
            <time>2026-08-16T11:21:29Z</time>
        </trkpt>        <trkpt lat="50.04901212058204" lon="19.936214541274467">
            <ele>206.9111205637455</ele>
            <time>2026-08-16T11:21:30Z</time>
        </trkpt>        <trkpt lat="50.04906306578886" lon="19.936165016534442">
            <ele>206.96058603934944</ele>
            <time>2026-08-16T11:21:31Z</time>
        </trkpt>        <trkpt lat="50.049116400519516" lon="19.936120979388324">
            <ele>207.01066937856376</ele>
            <time>2026-08-16T11:21:32Z</time>
        </trkpt>        <trkpt lat="50.04917388525656" lon="19.936089819362305">
            <ele>207.0617265207693</ele>
            <time>2026-08-16T11:21:33Z</time>
        </trkpt>        <trkpt lat="50.049231513227134" lon="19.93605996426019">
            <ele>207.11383384093642</ele>
            <time>2026-08-16T11:21:34Z</time>
        </trkpt>        <trkpt lat="50.049286541642154" lon="19.936023278182933">
            <ele>207.166580459103</ele>
            <time>2026-08-16T11:21:35Z</time>
        </trkpt>        <trkpt lat="50.04933984098058" lon="19.935985243620575">
            <ele>207.21897561848164</ele>
            <time>2026-08-16T11:21:36Z</time>
        </trkpt>        <trkpt lat="50.04939184855763" lon="19.935946774031155">
            <ele>207.26945382449776</ele>
            <time>2026-08-16T11:21:37Z</time>
        </trkpt>        <trkpt lat="50.04944322025805" lon="19.935910269968304">
            <ele>207.31601941771805</ele>
            <time>2026-08-16T11:21:38Z</time>
        </trkpt>        <trkpt lat="50.0494940798073" lon="19.935876447268335">
            <ele>207.35664780531079</ele>
            <time>2026-08-16T11:21:39Z</time>
        </trkpt>        <trkpt lat="50.04954398279563" lon="19.935843451792973">
            <ele>207.3897841218859</ele>
            <time>2026-08-16T11:21:40Z</time>
        </trkpt>        <trkpt lat="50.049592424668745" lon="19.93581096471182">
            <ele>207.41469974350184</ele>
            <time>2026-08-16T11:21:41Z</time>
        </trkpt>        <trkpt lat="50.04963957637586" lon="19.935781537992966">
            <ele>207.43177851568907</ele>
            <time>2026-08-16T11:21:42Z</time>
        </trkpt>        <trkpt lat="50.049685277918734" lon="19.935756657454018">
            <ele>207.44260464515537</ele>
            <time>2026-08-16T11:21:43Z</time>
        </trkpt>        <trkpt lat="50.04972845943557" lon="19.935734282407292">
            <ele>207.44955222308636</ele>
            <time>2026-08-16T11:21:44Z</time>
        </trkpt>        <trkpt lat="50.04976806525601" lon="19.935712265602763">
            <ele>207.4552052486688</ele>
            <time>2026-08-16T11:21:45Z</time>
        </trkpt>        <trkpt lat="50.049804219085196" lon="19.93569118234487">
            <ele>207.4620076334104</ele>
            <time>2026-08-16T11:21:46Z</time>
        </trkpt>        <trkpt lat="50.04983753667745" lon="19.93567289784916">
            <ele>207.4720953013748</ele>
            <time>2026-08-16T11:21:47Z</time>
        </trkpt>        <trkpt lat="50.04986823907497" lon="19.935658976594084">
            <ele>207.48729647882283</ele>
            <time>2026-08-16T11:21:48Z</time>
        </trkpt>        <trkpt lat="50.04989589424517" lon="19.9356497639175">
            <ele>207.5093770492822</ele>
            <time>2026-08-16T11:21:49Z</time>
        </trkpt>        <trkpt lat="50.04991899518201" lon="19.935641787412223">
            <ele>207.5403633369133</ele>
            <time>2026-08-16T11:21:50Z</time>
        </trkpt>        <trkpt lat="50.04993529313748" lon="19.935627214676813">
            <ele>207.5826953528449</ele>
            <time>2026-08-16T11:21:51Z</time>
        </trkpt>        <trkpt lat="50.049942673341924" lon="19.935599080538353">
            <ele>207.6391324084252</ele>
            <time>2026-08-16T11:21:52Z</time>
        </trkpt>        <trkpt lat="50.049939800630405" lon="19.935555981082473">
            <ele>207.7124719331041</ele>
            <time>2026-08-16T11:21:53Z</time>
        </trkpt>        <trkpt lat="50.049927133981235" lon="19.935500621270936">
            <ele>207.8051327439025</ele>
            <time>2026-08-16T11:21:54Z</time>
        </trkpt>        <trkpt lat="50.04990759556636" lon="19.93543681007491">
            <ele>207.91854976676404</ele>
            <time>2026-08-16T11:21:55Z</time>
        </trkpt>        <trkpt lat="50.049884367638484" lon="19.935367558528046">
            <ele>208.05267126951367</ele>
            <time>2026-08-16T11:21:56Z</time>
        </trkpt>        <trkpt lat="50.049859571807254" lon="19.93529458032269">
            <ele>208.20575799234211</ele>
            <time>2026-08-16T11:21:57Z</time>
        </trkpt>        <trkpt lat="50.049834665643566" lon="19.935219256016985">
            <ele>208.37433503940701</ele>
            <time>2026-08-16T11:21:58Z</time>
        </trkpt>        <trkpt lat="50.04981012945944" lon="19.935143094238434">
            <ele>208.5534972716123</ele>
            <time>2026-08-16T11:21:59Z</time>
        </trkpt>        <trkpt lat="50.04978563112661" lon="19.935067128181057">
            <ele>208.7375161740929</ele>
            <time>2026-08-16T11:22:00Z</time>
        </trkpt>        <trkpt lat="50.049760900907536" lon="19.93499173440463">
            <ele>208.92040667310357</ele>
            <time>2026-08-16T11:22:01Z</time>
        </trkpt>        <trkpt lat="50.049736184778816" lon="19.934916698641924">
            <ele>209.09647572785616</ele>
            <time>2026-08-16T11:22:02Z</time>
        </trkpt>        <trkpt lat="50.049711695484184" lon="19.93484152190899">
            <ele>209.26077869907022</ele>
            <time>2026-08-16T11:22:03Z</time>
        </trkpt>        <trkpt lat="50.04968738093285" lon="19.934766114060526">
            <ele>209.4092276217416</ele>
            <time>2026-08-16T11:22:04Z</time>
        </trkpt>        <trkpt lat="50.04966311801925" lon="19.93469033344049">
            <ele>209.5384973101318</ele>
            <time>2026-08-16T11:22:05Z</time>
        </trkpt>        <trkpt lat="50.04963869937956" lon="19.934614112807356">
            <ele>209.64599003829062</ele>
            <time>2026-08-16T11:22:06Z</time>
        </trkpt>        <trkpt lat="50.04961389738962" lon="19.934537400447997">
            <ele>209.72991705685854</ele>
            <time>2026-08-16T11:22:07Z</time>
        </trkpt>        <trkpt lat="50.04958882771688" lon="19.9344598748289">
            <ele>209.78956546727568</ele>
            <time>2026-08-16T11:22:08Z</time>
        </trkpt>        <trkpt lat="50.04956370445437" lon="19.9343815152506">
            <ele>209.82560117729008</ele>
            <time>2026-08-16T11:22:09Z</time>
        </trkpt>        <trkpt lat="50.049538544271364" lon="19.934302451116668">
            <ele>209.84038734901696</ele>
            <time>2026-08-16T11:22:10Z</time>
        </trkpt>        <trkpt lat="50.04951331348632" lon="19.93422296902317">
            <ele>209.83809076994658</ele>
            <time>2026-08-16T11:22:11Z</time>
        </trkpt>        <trkpt lat="50.04948788369191" lon="19.934143444841112">
            <ele>209.82401912659407</ele>
            <time>2026-08-16T11:22:12Z</time>
        </trkpt>        <trkpt lat="50.04946256949979" lon="19.93406391706928">
            <ele>209.8036037525162</ele>
            <time>2026-08-16T11:22:13Z</time>
        </trkpt>        <trkpt lat="50.04943773112205" lon="19.933984355759826">
            <ele>209.78159964922816</ele>
            <time>2026-08-16T11:22:14Z</time>
        </trkpt>        <trkpt lat="50.049413235769556" lon="19.933904812588484">
            <ele>209.76142173353583</ele>
            <time>2026-08-16T11:22:15Z</time>
        </trkpt>        <trkpt lat="50.04938887512052" lon="19.933825514871927">
            <ele>209.7447815015912</ele>
            <time>2026-08-16T11:22:16Z</time>
        </trkpt>        <trkpt lat="50.04936451075913" lon="19.933746790182308">
            <ele>209.7319659581408</ele>
            <time>2026-08-16T11:22:17Z</time>
        </trkpt>        <trkpt lat="50.04933999571256" lon="19.933668755467437">
            <ele>209.7224951768294</ele>
            <time>2026-08-16T11:22:18Z</time>
        </trkpt>        <trkpt lat="50.04931544873032" lon="19.933591262543633">
            <ele>209.71572854090482</ele>
            <time>2026-08-16T11:22:19Z</time>
        </trkpt>        <trkpt lat="50.049290656515076" lon="19.933514631238072">
            <ele>209.71136429626495</ele>
            <time>2026-08-16T11:22:20Z</time>
        </trkpt>        <trkpt lat="50.0492644406722" lon="19.933440132337367">
            <ele>209.70972066000104</ele>
            <time>2026-08-16T11:22:21Z</time>
        </trkpt>        <trkpt lat="50.049235217710255" lon="19.93336964852761">
            <ele>209.71156452130526</ele>
            <time>2026-08-16T11:22:22Z</time>
        </trkpt>        <trkpt lat="50.04920160123226" lon="19.9333052027067">
            <ele>209.71756345778704</ele>
            <time>2026-08-16T11:22:23Z</time>
        </trkpt>        <trkpt lat="50.049164710980115" lon="19.933245326773196">
            <ele>209.72769384272397</ele>
            <time>2026-08-16T11:22:24Z</time>
        </trkpt>        <trkpt lat="50.049127546089224" lon="19.93318699535877">
            <ele>209.74073332827538</ele>
            <time>2026-08-16T11:22:25Z</time>
        </trkpt>        <trkpt lat="50.04909154182775" lon="19.933129173039138">
            <ele>209.75393280293792</ele>
            <time>2026-08-16T11:22:26Z</time>
        </trkpt>        <trkpt lat="50.049056589883556" lon="19.933071644239227">
            <ele>209.76323502324522</ele>
            <time>2026-08-16T11:22:27Z</time>
        </trkpt>        <trkpt lat="50.049020822028915" lon="19.93301663597776">
            <ele>209.76407533604652</ele>
            <time>2026-08-16T11:22:28Z</time>
        </trkpt>        <trkpt lat="50.04898260213926" lon="19.932967620579667">
            <ele>209.7522940011695</ele>
            <time>2026-08-16T11:22:29Z</time>
        </trkpt>        <trkpt lat="50.0489424643364" lon="19.93292764589465">
            <ele>209.7249715961516</ele>
            <time>2026-08-16T11:22:30Z</time>
        </trkpt>        <trkpt lat="50.0489000274522" lon="19.932902259809275">
            <ele>209.68116848450154</ele>
            <time>2026-08-16T11:22:31Z</time>
        </trkpt>        <trkpt lat="50.04885591954987" lon="19.93289844038616">
            <ele>209.62209258414805</ele>
            <time>2026-08-16T11:22:32Z</time>
        </trkpt>        <trkpt lat="50.04881184802824" lon="19.93291527204555">
            <ele>209.55064104218036</ele>
            <time>2026-08-16T11:22:33Z</time>
        </trkpt>        <trkpt lat="50.04876831223315" lon="19.93294507323459">
            <ele>209.4707661923021</ele>
            <time>2026-08-16T11:22:34Z</time>
        </trkpt>        <trkpt lat="50.048725363494356" lon="19.93298073377002">
            <ele>209.3866957789287</ele>
            <time>2026-08-16T11:22:35Z</time>
        </trkpt>        <trkpt lat="50.048682983917885" lon="19.933017971012372">
            <ele>209.3019796544686</ele>
            <time>2026-08-16T11:22:37Z</time>
        </trkpt>        <trkpt lat="50.04864160944833" lon="19.933055654771355">
            <ele>209.2194476639852</ele>
            <time>2026-08-16T11:22:38Z</time>
        </trkpt>        <trkpt lat="50.048600895005904" lon="19.933093586048617">
            <ele>209.1402533231303</ele>
            <time>2026-08-16T11:22:39Z</time>
        </trkpt>        <trkpt lat="50.04856064969222" lon="19.933131849281814">
            <ele>209.06420081853867</ele>
            <time>2026-08-16T11:22:40Z</time>
        </trkpt>        <trkpt lat="50.048520745073006" lon="19.93317119595846">
            <ele>208.98959869425744</ele>
            <time>2026-08-16T11:22:41Z</time>
        </trkpt>        <trkpt lat="50.048480897300024" lon="19.93321149979259">
            <ele>208.91337755974382</ele>
            <time>2026-08-16T11:22:42Z</time>
        </trkpt>        <trkpt lat="50.04844033677225" lon="19.933251237050655">
            <ele>208.83155164308846</ele>
            <time>2026-08-16T11:22:43Z</time>
        </trkpt>        <trkpt lat="50.04839870017524" lon="19.93328823582261">
            <ele>208.74030138086528</ele>
            <time>2026-08-16T11:22:44Z</time>
        </trkpt>        <trkpt lat="50.04835886104787" lon="19.93331848173318">
            <ele>208.6371544180438</ele>
            <time>2026-08-16T11:22:45Z</time>
        </trkpt>        <trkpt lat="50.04832487972377" lon="19.933341435724348">
            <ele>208.5217081811279</ele>
            <time>2026-08-16T11:22:46Z</time>
        </trkpt>        <trkpt lat="50.04829509219593" lon="19.93336296662594">
            <ele>208.39610480889678</ele>
            <time>2026-08-16T11:22:47Z</time>
        </trkpt>        <trkpt lat="50.04826318494116" lon="19.933388549217316">
            <ele>208.2649996774271</ele>
            <time>2026-08-16T11:22:48Z</time>
        </trkpt>        <trkpt lat="50.048224766045514" lon="19.933418804121303">
            <ele>208.13456459343433</ele>
            <time>2026-08-16T11:22:49Z</time>
        </trkpt>        <trkpt lat="50.0481797816401" lon="19.933453056984153">
            <ele>208.01119228452444</ele>
            <time>2026-08-16T11:22:50Z</time>
        </trkpt>        <trkpt lat="50.04813070503144" lon="19.933492474866988">
            <ele>207.90040284674615</ele>
            <time>2026-08-16T11:22:51Z</time>
        </trkpt>        <trkpt lat="50.048076767261186" lon="19.933533578745937">
            <ele>207.8057341920212</ele>
            <time>2026-08-16T11:22:52Z</time>
        </trkpt>        <trkpt lat="50.04802003223012" lon="19.93357442524351">
            <ele>207.72814170178026</ele>
            <time>2026-08-16T11:22:53Z</time>
        </trkpt>        <trkpt lat="50.04796452703483" lon="19.933616725887134">
            <ele>207.66655417904258</ele>
            <time>2026-08-16T11:22:54Z</time>
        </trkpt>        <trkpt lat="50.04791017785767" lon="19.933660071582732">
            <ele>207.6188621316105</ele>
            <time>2026-08-16T11:22:55Z</time>
        </trkpt>        <trkpt lat="50.0478567683336" lon="19.93370337060457">
            <ele>207.5828118044883</ele>
            <time>2026-08-16T11:22:56Z</time>
        </trkpt>        <trkpt lat="50.04780387881298" lon="19.933745980190647">
            <ele>207.55695111025125</ele>
            <time>2026-08-16T11:22:57Z</time>
        </trkpt>        <trkpt lat="50.04775107393836" lon="19.933789318764475">
            <ele>207.54119460843503</ele>
            <time>2026-08-16T11:22:58Z</time>
        </trkpt>        <trkpt lat="50.047698304016706" lon="19.933834200497014">
            <ele>207.53660401608795</ele>
            <time>2026-08-16T11:22:59Z</time>
        </trkpt>        <trkpt lat="50.047644558829724" lon="19.9338825609888">
            <ele>207.54473047424108</ele>
            <time>2026-08-16T11:23:00Z</time>
        </trkpt>        <trkpt lat="50.04758831373491" lon="19.933932983570113">
            <ele>207.56702129822224</ele>
            <time>2026-08-16T11:23:01Z</time>
        </trkpt>        <trkpt lat="50.04752983887154" lon="19.93398189424105">
            <ele>207.60430793371052</ele>
            <time>2026-08-16T11:23:02Z</time>
        </trkpt>        <trkpt lat="50.047470127035105" lon="19.934028572036993">
            <ele>207.65638343337923</ele>
            <time>2026-08-16T11:23:03Z</time>
        </trkpt>        <trkpt lat="50.04741020892908" lon="19.934073331916153">
            <ele>207.72185629140586</ele>
            <time>2026-08-16T11:23:04Z</time>
        </trkpt>        <trkpt lat="50.04735046815218" lon="19.934117177947094">
            <ele>207.79811836127192</ele>
            <time>2026-08-16T11:23:05Z</time>
        </trkpt>        <trkpt lat="50.04729108489717" lon="19.934161108453356">
            <ele>207.88138086907566</ele>
            <time>2026-08-16T11:23:06Z</time>
        </trkpt>        <trkpt lat="50.047232370880934" lon="19.93420594392405">
            <ele>207.96692158468068</ele>
            <time>2026-08-16T11:23:07Z</time>
        </trkpt>        <trkpt lat="50.047175043681364" lon="19.934252550822393">
            <ele>208.0494034467265</ele>
            <time>2026-08-16T11:23:08Z</time>
        </trkpt>        <trkpt lat="50.04711948097394" lon="19.93430200651167">
            <ele>208.12325559649616</ele>
            <time>2026-08-16T11:23:09Z</time>
        </trkpt>        <trkpt lat="50.0470659385759" lon="19.934357249197834">
            <ele>208.18321282137185</ele>
            <time>2026-08-16T11:23:10Z</time>
        </trkpt>        <trkpt lat="50.04701517363828" lon="19.934419934304586">
            <ele>208.22492656763643</ele>
            <time>2026-08-16T11:23:11Z</time>
        </trkpt>        <trkpt lat="50.04696443137639" lon="19.93448188822311">
            <ele>208.24567140918225</ele>
            <time>2026-08-16T11:23:12Z</time>
        </trkpt>        <trkpt lat="50.046910795470524" lon="19.934535760091556">
            <ele>208.2450297512114</ele>
            <time>2026-08-16T11:23:13Z</time>
        </trkpt>        <trkpt lat="50.0468550271489" lon="19.9345839350418">
            <ele>208.22506455797702</ele>
            <time>2026-08-16T11:23:14Z</time>
        </trkpt>        <trkpt lat="50.04679956662851" lon="19.93463064915855">
            <ele>208.1901059895754</ele>
            <time>2026-08-16T11:23:15Z</time>
        </trkpt>        <trkpt lat="50.04674487292743" lon="19.934677387330197">
            <ele>208.14623259194195</ele>
            <time>2026-08-16T11:23:16Z</time>
        </trkpt>        <trkpt lat="50.04669004702541" lon="19.93472338091141">
            <ele>208.10004767403007</ele>
            <time>2026-08-16T11:23:17Z</time>
        </trkpt>        <trkpt lat="50.04663556687153" lon="19.934768340875127">
            <ele>208.05727755092084</ele>
            <time>2026-08-16T11:23:18Z</time>
        </trkpt>        <trkpt lat="50.04658363821323" lon="19.934814751221037">
            <ele>208.02186606265604</ele>
            <time>2026-08-16T11:23:19Z</time>
        </trkpt>        <trkpt lat="50.04653445222009" lon="19.934862872760036">
            <ele>207.99537999369204</ele>
            <time>2026-08-16T11:23:20Z</time>
        </trkpt>        <trkpt lat="50.04648664241038" lon="19.934911388206796">
            <ele>207.9768306547776</ele>
            <time>2026-08-16T11:23:21Z</time>
        </trkpt>        <trkpt lat="50.046440745473134" lon="19.934960461789846">
            <ele>207.96332111302763</ele>
            <time>2026-08-16T11:23:22Z</time>
        </trkpt>        <trkpt lat="50.04639675808047" lon="19.935008893014235">
            <ele>207.95107554737478</ele>
            <time>2026-08-16T11:23:23Z</time>
        </trkpt>        <trkpt lat="50.046354251341214" lon="19.935054730542994">
            <ele>207.93640721403062</ele>
            <time>2026-08-16T11:23:24Z</time>
        </trkpt>        <trkpt lat="50.04631363182953" lon="19.93509687202905">
            <ele>207.91675263457</ele>
            <time>2026-08-16T11:23:25Z</time>
        </trkpt>        <trkpt lat="50.04627664523205" lon="19.935135842980607">
            <ele>207.89137473516166</ele>
            <time>2026-08-16T11:23:26Z</time>
        </trkpt>        <trkpt lat="50.04624430574298" lon="19.93517261223328">
            <ele>207.86118274647743</ele>
            <time>2026-08-16T11:23:27Z</time>
        </trkpt>        <trkpt lat="50.04621628867597" lon="19.93520722997977">
            <ele>207.82804859243333</ele>
            <time>2026-08-16T11:23:28Z</time>
        </trkpt>        <trkpt lat="50.046191578315415" lon="19.93524012103072">
            <ele>207.79412279929966</ele>
            <time>2026-08-16T11:23:29Z</time>
        </trkpt>        <trkpt lat="50.04616851647046" lon="19.935272511408357">
            <ele>207.761145548895</ele>
            <time>2026-08-16T11:23:30Z</time>
        </trkpt>        <trkpt lat="50.04614556736345" lon="19.93530594922739">
            <ele>207.72997344471514</ele>
            <time>2026-08-16T11:23:30Z</time>
        </trkpt>        <trkpt lat="50.04612120430011" lon="19.935341452866762">
            <ele>207.7006727308035</ele>
            <time>2026-08-16T11:23:31Z</time>
        </trkpt>        <trkpt lat="50.04609379734076" lon="19.935377243449185">
            <ele>207.67299134097993</ele>
            <time>2026-08-16T11:23:32Z</time>
        </trkpt>        <trkpt lat="50.04606347591443" lon="19.935412093186542">
            <ele>207.64672721922398</ele>
            <time>2026-08-16T11:23:33Z</time>
        </trkpt>        <trkpt lat="50.04603243365533" lon="19.935447634888686">
            <ele>207.6218216829002</ele>
            <time>2026-08-16T11:23:34Z</time>
        </trkpt>        <trkpt lat="50.04600218100631" lon="19.935485123417962">
            <ele>207.59832811262459</ele>
            <time>2026-08-16T11:23:35Z</time>
        </trkpt>        <trkpt lat="50.04597261584185" lon="19.935524100771776">
            <ele>207.57637964654714</ele>
            <time>2026-08-16T11:23:36Z</time>
        </trkpt>        <trkpt lat="50.04594321531481" lon="19.9355641585142">
            <ele>207.55614923592657</ele>
            <time>2026-08-16T11:23:37Z</time>
        </trkpt>        <trkpt lat="50.045913661800654" lon="19.935605624676157">
            <ele>207.53779307194054</ele>
            <time>2026-08-16T11:23:38Z</time>
        </trkpt>        <trkpt lat="50.04588396601607" lon="19.935649025074355">
            <ele>207.52137224841863</ele>
            <time>2026-08-16T11:23:39Z</time>
        </trkpt>        <trkpt lat="50.04585414671565" lon="19.93569591851171">
            <ele>207.50677096191794</ele>
            <time>2026-08-16T11:23:40Z</time>
        </trkpt>        <trkpt lat="50.045824457003725" lon="19.93574797673991">
            <ele>207.49367221072316</ele>
            <time>2026-08-16T11:23:41Z</time>
        </trkpt>        <trkpt lat="50.04579499203185" lon="19.93580541879736">
            <ele>207.48159358743578</ele>
            <time>2026-08-16T11:23:42Z</time>
        </trkpt>        <trkpt lat="50.045764665189246" lon="19.935866974388624">
            <ele>207.46999936643988</ele>
            <time>2026-08-16T11:23:43Z</time>
        </trkpt>        <trkpt lat="50.045732158683066" lon="19.935930543108377">
            <ele>207.45856009796262</ele>
            <time>2026-08-16T11:23:44Z</time>
        </trkpt>        <trkpt lat="50.045697432152274" lon="19.935994110965527">
            <ele>207.44743328727782</ele>
            <time>2026-08-16T11:23:45Z</time>
        </trkpt>        <trkpt lat="50.04566220058985" lon="19.936057108326278">
            <ele>207.43728664517403</ele>
            <time>2026-08-16T11:23:46Z</time>
        </trkpt>        <trkpt lat="50.045628683606" lon="19.93612058004864">
            <ele>207.4290031241253</ele>
            <time>2026-08-16T11:23:47Z</time>
        </trkpt>        <trkpt lat="50.04559782546801" lon="19.936185026347157">
            <ele>207.42328110616654</ele>
            <time>2026-08-16T11:23:48Z</time>
        </trkpt>        <trkpt lat="50.04556937382203" lon="19.936249637610995">
            <ele>207.42025425098836</ele>
            <time>2026-08-16T11:23:49Z</time>
        </trkpt>        <trkpt lat="50.045542730237266" lon="19.936313334922804">
            <ele>207.41913937125355</ele>
            <time>2026-08-16T11:23:50Z</time>
        </trkpt>        <trkpt lat="50.045517044165265" lon="19.936375130201835">
            <ele>207.4181476868689</ele>
            <time>2026-08-16T11:23:51Z</time>
        </trkpt>        <trkpt lat="50.04549136394687" lon="19.936434287777896">
            <ele>207.4148046951741</ele>
            <time>2026-08-16T11:23:52Z</time>
        </trkpt>        <trkpt lat="50.04546504093349" lon="19.93649013916679">
            <ele>207.40642420947552</ele>
            <time>2026-08-16T11:23:53Z</time>
        </trkpt>        <trkpt lat="50.04543854465968" lon="19.93654273516491">
            <ele>207.3905893433839</ele>
            <time>2026-08-16T11:23:54Z</time>
        </trkpt>        <trkpt lat="50.04541344365865" lon="19.93659343681134">
            <ele>207.36569275613874</ele>
            <time>2026-08-16T11:23:55Z</time>
        </trkpt>        <trkpt lat="50.045391207596374" lon="19.93664222920214">
            <ele>207.33130524866283</ele>
            <time>2026-08-16T11:23:56Z</time>
        </trkpt>        <trkpt lat="50.04537237789487" lon="19.936685886393402">
            <ele>207.28821074776351</ele>
            <time>2026-08-16T11:23:57Z</time>
        </trkpt>        <trkpt lat="50.045357842199536" lon="19.93672002418291">
            <ele>207.2383225923404</ele>
            <time>2026-08-16T11:23:58Z</time>
        </trkpt>        <trkpt lat="50.045350454460646" lon="19.936742518407073">
            <ele>207.1845129719004</ele>
            <time>2026-08-16T11:23:59Z</time>
        </trkpt>        <trkpt lat="50.04535304865681" lon="19.936752368289646">
            <ele>207.130342528224</ele>
            <time>2026-08-16T11:24:00Z</time>
        </trkpt>        <trkpt lat="50.04536467697377" lon="19.93674537522611">
            <ele>207.0797642087564</ele>
            <time>2026-08-16T11:24:01Z</time>
        </trkpt>        <trkpt lat="50.04538155344938" lon="19.936719705381755">
            <ele>207.0367185184732</ele>
            <time>2026-08-16T11:24:02Z</time>
        </trkpt>        <trkpt lat="50.04540038108609" lon="19.93668000371628">
            <ele>207.0046774847433</ele>
            <time>2026-08-16T11:24:03Z</time>
        </trkpt>        <trkpt lat="50.04541917784986" lon="19.93663330446067">
            <ele>206.98628604318947</ele>
            <time>2026-08-16T11:24:04Z</time>
        </trkpt>        <trkpt lat="50.045437464640315" lon="19.936584805479455">
            <ele>206.98299239296466</ele>
            <time>2026-08-16T11:24:05Z</time>
        </trkpt>        <trkpt lat="50.04545580568418" lon="19.936536374311736">
            <ele>206.99479694571346</ele>
            <time>2026-08-16T11:24:06Z</time>
        </trkpt>        <trkpt lat="50.04547494257308" lon="19.93648828290681">
            <ele>207.0204199347645</ele>
            <time>2026-08-16T11:24:07Z</time>
        </trkpt>        <trkpt lat="50.045495203219595" lon="19.936440142107735">
            <ele>207.05760994181037</ele>
            <time>2026-08-16T11:24:08Z</time>
        </trkpt>        <trkpt lat="50.04551615373766" lon="19.93639137732492">
            <ele>207.10344680119306</ele>
            <time>2026-08-16T11:24:09Z</time>
        </trkpt>        <trkpt lat="50.045537334678855" lon="19.9363413154565">
            <ele>207.15473861899227</ele>
            <time>2026-08-16T11:24:10Z</time>
        </trkpt>        <trkpt lat="50.04555899415659" lon="19.9362896514244">
            <ele>207.20836604200304</ele>
            <time>2026-08-16T11:24:11Z</time>
        </trkpt>        <trkpt lat="50.045581205767085" lon="19.936236864844126">
            <ele>207.2615318838507</ele>
            <time>2026-08-16T11:24:12Z</time>
        </trkpt>        <trkpt lat="50.045603880407214" lon="19.93618373434517">
            <ele>207.3119539283216</ele>
            <time>2026-08-16T11:24:13Z</time>
        </trkpt>        <trkpt lat="50.04562724010376" lon="19.936130729695016">
            <ele>207.35790895298123</ele>
            <time>2026-08-16T11:24:14Z</time>
        </trkpt>        <trkpt lat="50.04565145147708" lon="19.936078276988287">
            <ele>207.39811174664646</ele>
            <time>2026-08-16T11:24:15Z</time>
        </trkpt>        <trkpt lat="50.04567623796191" lon="19.936026684292557">
            <ele>207.43153448402882</ele>
            <time>2026-08-16T11:24:16Z</time>
        </trkpt>        <trkpt lat="50.04570111740855" lon="19.93597623908686">
            <ele>207.45717892982066</ele>
            <time>2026-08-16T11:24:17Z</time>
        </trkpt>        <trkpt lat="50.04572537756575" lon="19.93592763997426">
            <ele>207.47387121245265</ele>
            <time>2026-08-16T11:24:18Z</time>
        </trkpt>        <trkpt lat="50.04574793166656" lon="19.93588208009555">
            <ele>207.48026338219643</ele>
            <time>2026-08-16T11:24:19Z</time>
        </trkpt>        <trkpt lat="50.04576749039003" lon="19.935840499838186">
            <ele>207.47514246683568</ele>
            <time>2026-08-16T11:24:20Z</time>
        </trkpt>        <trkpt lat="50.04578197573663" lon="19.935803629630623">
            <ele>207.45789717882872</ele>
            <time>2026-08-16T11:24:21Z</time>
        </trkpt>        <trkpt lat="50.04578894745541" lon="19.935771304697322">
            <ele>207.4289291696623</ele>
            <time>2026-08-16T11:24:22Z</time>
        </trkpt>        <trkpt lat="50.04578624433581" lon="19.935742991921803">
            <ele>207.3900788454339</ele>
            <time>2026-08-16T11:24:23Z</time>
        </trkpt>        <trkpt lat="50.04577288788874" lon="19.935720334294945">
            <ele>207.34481490775943</ele>
            <time>2026-08-16T11:24:24Z</time>
        </trkpt>        <trkpt lat="50.04575072906413" lon="19.935706393828326">
            <ele>207.29781543463469</ele>
            <time>2026-08-16T11:24:25Z</time>
        </trkpt>        <trkpt lat="50.04572393589789" lon="19.935699932174455">
            <ele>207.2543183779344</ele>
            <time>2026-08-16T11:24:26Z</time>
        </trkpt>        <trkpt lat="50.04569668128627" lon="19.935695116688365">
            <ele>207.21953000221401</ele>
            <time>2026-08-16T11:24:27Z</time>
        </trkpt>        <trkpt lat="50.045670760246686" lon="19.93568832674588">
            <ele>207.1979253143072</ele>
            <time>2026-08-16T11:24:28Z</time>
        </trkpt>        <trkpt lat="50.04564524163027" lon="19.93567927738275">
            <ele>207.19270310364664</ele>
            <time>2026-08-16T11:24:29Z</time>
        </trkpt>        <trkpt lat="50.04561748023306" lon="19.935667762282176">
            <ele>207.20569733716547</ele>
            <time>2026-08-16T11:24:30Z</time>
        </trkpt>        <trkpt lat="50.045585791912785" lon="19.935652739123192">
            <ele>207.23742392193526</ele>
            <time>2026-08-16T11:24:31Z</time>
        </trkpt>        <trkpt lat="50.04555143159865" lon="19.93563323864961">
            <ele>207.2871868973598</ele>
            <time>2026-08-16T11:24:32Z</time>
        </trkpt>        <trkpt lat="50.04551673807373" lon="19.93560880252916">
            <ele>207.35329899936914</ele>
            <time>2026-08-16T11:24:33Z</time>
        </trkpt>        <trkpt lat="50.045484186190286" lon="19.935579816178375">
            <ele>207.43330880533904</ele>
            <time>2026-08-16T11:24:34Z</time>
        </trkpt>        <trkpt lat="50.04545519112127" lon="19.93554801127424">
            <ele>207.52435591444373</ele>
            <time>2026-08-16T11:24:35Z</time>
        </trkpt>        <trkpt lat="50.045428431028704" lon="19.93551654435579">
            <ele>207.62354427203536</ele>
            <time>2026-08-16T11:24:36Z</time>
        </trkpt>        <trkpt lat="50.04540097345631" lon="19.93548912062808">
            <ele>207.7281873561442</ele>
            <time>2026-08-16T11:24:37Z</time>
        </trkpt>        <trkpt lat="50.045371153194544" lon="19.93546888325358">
            <ele>207.835995612666</ele>
            <time>2026-08-16T11:24:38Z</time>
        </trkpt>        <trkpt lat="50.04533935642515" lon="19.935456177323147">
            <ele>207.9450560444966</ele>
            <time>2026-08-16T11:24:39Z</time>
        </trkpt>        <trkpt lat="50.045306627810554" lon="19.93544875860534">
            <ele>208.05339968018234</ele>
            <time>2026-08-16T11:24:40Z</time>
        </trkpt>        <trkpt lat="50.045274034190754" lon="19.935445881535912">
            <ele>208.15831961482763</ele>
            <time>2026-08-16T11:24:41Z</time>
        </trkpt>        <trkpt lat="50.04524166151594" lon="19.93544803821571">
            <ele>208.25600467901677</ele>
            <time>2026-08-16T11:24:43Z</time>
        </trkpt>        <trkpt lat="50.04520777094105" lon="19.935451538710897">
            <ele>208.34104526322335</ele>
            <time>2026-08-16T11:24:44Z</time>
        </trkpt>        <trkpt lat="50.04517121670957" lon="19.935450733848487">
            <ele>208.40763115044683</ele>
            <time>2026-08-16T11:24:45Z</time>
        </trkpt>        <trkpt lat="50.04513218066766" lon="19.935444035490878">
            <ele>208.4495608182624</ele>
            <time>2026-08-16T11:24:46Z</time>
        </trkpt>        <trkpt lat="50.04509084442389" lon="19.935433012922015">
            <ele>208.46127565205097</ele>
            <time>2026-08-16T11:24:47Z</time>
        </trkpt>        <trkpt lat="50.045048240236454" lon="19.935419137701803">
            <ele>208.43871677294374</ele>
            <time>2026-08-16T11:24:48Z</time>
        </trkpt>        <trkpt lat="50.045005305735835" lon="19.935402629981088">
            <ele>208.37974175903946</ele>
            <time>2026-08-16T11:24:49Z</time>
        </trkpt>        <trkpt lat="50.04496280943806" lon="19.935382673946">
            <ele>208.28447155561298</ele>
            <time>2026-08-16T11:24:50Z</time>
        </trkpt>        <trkpt lat="50.044921398664776" lon="19.935359719360836">
            <ele>208.15544244647026</ele>
            <time>2026-08-16T11:24:51Z</time>
        </trkpt>        <trkpt lat="50.04488060358931" lon="19.935336930150623">
            <ele>207.99760749563575</ele>
            <time>2026-08-16T11:24:52Z</time>
        </trkpt>        <trkpt lat="50.044839900693994" lon="19.93531696115418">
            <ele>207.81830550916493</ele>
            <time>2026-08-16T11:24:53Z</time>
        </trkpt>        <trkpt lat="50.04479952179325" lon="19.935300198294893">
            <ele>207.62674204446375</ele>
            <time>2026-08-16T11:24:54Z</time>
        </trkpt>        <trkpt lat="50.04475966812898" lon="19.93528557661547">
            <ele>207.4332838933915</ele>
            <time>2026-08-16T11:24:55Z</time>
        </trkpt>        <trkpt lat="50.044720404176594" lon="19.935271533605686">
            <ele>207.2486769715324</ele>
            <time>2026-08-16T11:24:56Z</time>
        </trkpt>        <trkpt lat="50.04468186846869" lon="19.93525685629728">
            <ele>207.08279121667147</ele>
            <time>2026-08-16T11:24:57Z</time>
        </trkpt>        <trkpt lat="50.04464413223677" lon="19.935241275120404">
            <ele>206.9435068424791</ele>
            <time>2026-08-16T11:24:58Z</time>
        </trkpt>        <trkpt lat="50.044606675556544" lon="19.935225059694638">
            <ele>206.83635635115206</ele>
            <time>2026-08-16T11:24:59Z</time>
        </trkpt>        <trkpt lat="50.04456835522772" lon="19.935208285462505">
            <ele>206.76438204664737</ele>
            <time>2026-08-16T11:25:00Z</time>
        </trkpt>        <trkpt lat="50.04452804869461" lon="19.935191510562607">
            <ele>206.72816734947264</ele>
            <time>2026-08-16T11:25:01Z</time>
        </trkpt>        <trkpt lat="50.04448548581818" lon="19.93517558222073">
            <ele>206.7261555492878</ele>
            <time>2026-08-16T11:25:02Z</time>
        </trkpt>        <trkpt lat="50.04444088972342" lon="19.935161056978554">
            <ele>206.75497371237725</ele>
            <time>2026-08-16T11:25:03Z</time>
        </trkpt>        <trkpt lat="50.04439452640825" lon="19.935148089003064">
            <ele>206.80991757567972</ele>
            <time>2026-08-16T11:25:04Z</time>
        </trkpt>        <trkpt lat="50.044346998578256" lon="19.935136656638104">
            <ele>206.88546193670481</ele>
            <time>2026-08-16T11:25:05Z</time>
        </trkpt>        <trkpt lat="50.04429914252215" lon="19.935127395351017">
            <ele>206.975675676018</ele>
            <time>2026-08-16T11:25:06Z</time>
        </trkpt>        <trkpt lat="50.04425124639443" lon="19.935120654229124">
            <ele>207.07475354801863</ele>
            <time>2026-08-16T11:25:07Z</time>
        </trkpt>        <trkpt lat="50.04420324347074" lon="19.935114903527058">
            <ele>207.17746851593256</ele>
            <time>2026-08-16T11:25:08Z</time>
        </trkpt>        <trkpt lat="50.04415483893063" lon="19.935107410500265">
            <ele>207.27938786521554</ele>
            <time>2026-08-16T11:25:09Z</time>
        </trkpt>        <trkpt lat="50.044105243708394" lon="19.935096417721173">
            <ele>207.37699903734028</ele>
            <time>2026-08-16T11:25:10Z</time>
        </trkpt>        <trkpt lat="50.04405395826157" lon="19.93508257001856">
            <ele>207.46781808510423</ele>
            <time>2026-08-16T11:25:11Z</time>
        </trkpt>        <trkpt lat="50.0440013793718" lon="19.935069162469134">
            <ele>207.55051859281957</ele>
            <time>2026-08-16T11:25:12Z</time>
        </trkpt>        <trkpt lat="50.04394824590723" lon="19.935060030427618">
            <ele>207.62493559531868</ele>
            <time>2026-08-16T11:25:13Z</time>
        </trkpt>        <trkpt lat="50.043894953362305" lon="19.935057092664593">
            <ele>207.69149862695485</ele>
            <time>2026-08-16T11:25:14Z</time>
        </trkpt>        <trkpt lat="50.04384165647107" lon="19.93506003877015">
            <ele>207.75010238867253</ele>
            <time>2026-08-16T11:25:15Z</time>
        </trkpt>        <trkpt lat="50.043788292617016" lon="19.935067035541646">
            <ele>207.79933958500624</ele>
            <time>2026-08-16T11:25:16Z</time>
        </trkpt>        <trkpt lat="50.043734599802015" lon="19.935076613468986">
            <ele>207.83676823880523</ele>
            <time>2026-08-16T11:25:17Z</time>
        </trkpt>        <trkpt lat="50.04368049295749" lon="19.93508815632164">
            <ele>207.85977576766163</ele>
            <time>2026-08-16T11:25:18Z</time>
        </trkpt>        <trkpt lat="50.043626101831265" lon="19.935101016106096">
            <ele>207.86664808448404</ele>
            <time>2026-08-16T11:25:19Z</time>
        </trkpt>        <trkpt lat="50.043571341487414" lon="19.935114858181613">
            <ele>207.8579858345911</ele>
            <time>2026-08-16T11:25:20Z</time>
        </trkpt>        <trkpt lat="50.04351643822051" lon="19.93512983151996">
            <ele>207.83749906439334</ele>
            <time>2026-08-16T11:25:21Z</time>
        </trkpt>        <trkpt lat="50.04346178120237" lon="19.93514559104991">
            <ele>207.8109416142106</ele>
            <time>2026-08-16T11:25:22Z</time>
        </trkpt>        <trkpt lat="50.04340801739253" lon="19.935161457044803">
            <ele>207.7841354086995</ele>
            <time>2026-08-16T11:25:23Z</time>
        </trkpt>        <trkpt lat="50.04335563255223" lon="19.93517676534373">
            <ele>207.7614477109164</ele>
            <time>2026-08-16T11:25:24Z</time>
        </trkpt>        <trkpt lat="50.04330463905174" lon="19.935190007118948">
            <ele>207.74473291635513</ele>
            <time>2026-08-16T11:25:25Z</time>
        </trkpt>        <trkpt lat="50.0432553440165" lon="19.9352006307919">
            <ele>207.73293277155608</ele>
            <time>2026-08-16T11:25:26Z</time>
        </trkpt>        <trkpt lat="50.043207954835694" lon="19.935210657644337">
            <ele>207.72296806797385</ele>
            <time>2026-08-16T11:25:27Z</time>
        </trkpt>        <trkpt lat="50.04316213511191" lon="19.93522204268128">
            <ele>207.7114186650142</ele>
            <time>2026-08-16T11:25:28Z</time>
        </trkpt>        <trkpt lat="50.04311744237522" lon="19.93523520530149">
            <ele>207.69589305575937</ele>
            <time>2026-08-16T11:25:29Z</time>
        </trkpt>        <trkpt lat="50.0430740460049" lon="19.935250237991152">
            <ele>207.67586509045213</ele>
            <time>2026-08-16T11:25:30Z</time>
        </trkpt>        <trkpt lat="50.04303223042481" lon="19.93526713742086">
            <ele>207.65301158092916</ele>
            <time>2026-08-16T11:25:31Z</time>
        </trkpt>        <trkpt lat="50.04299169874361" lon="19.93528443906582">
            <ele>207.63069179281592</ele>
            <time>2026-08-16T11:25:32Z</time>
        </trkpt>        <trkpt lat="50.04295113626598" lon="19.935299222307844">
            <ele>207.61275106854737</ele>
            <time>2026-08-16T11:25:33Z</time>
        </trkpt>        <trkpt lat="50.04290986095656" lon="19.9353113648951">
            <ele>207.60244644340128</ele>
            <time>2026-08-16T11:25:34Z</time>
        </trkpt>        <trkpt lat="50.04286914555901" lon="19.93532446176078">
            <ele>207.60176470316947</ele>
            <time>2026-08-16T11:25:35Z</time>
        </trkpt>        <trkpt lat="50.042831538781414" lon="19.935342364668582">
            <ele>207.61093962658197</ele>
            <time>2026-08-16T11:25:36Z</time>
        </trkpt>        <trkpt lat="50.04280114076855" lon="19.93536892966737">
            <ele>207.628228248097</ele>
            <time>2026-08-16T11:25:37Z</time>
        </trkpt>        <trkpt lat="50.0427843740595" lon="19.93540809439994">
            <ele>207.64987550117075</ele>
            <time>2026-08-16T11:25:38Z</time>
        </trkpt>        <trkpt lat="50.042787616694646" lon="19.93545845799193">
            <ele>207.67041460145265</ele>
            <time>2026-08-16T11:25:39Z</time>
        </trkpt>        <trkpt lat="50.04281232333106" lon="19.93551312169546">
            <ele>207.68374033644795</ele>
            <time>2026-08-16T11:25:40Z</time>
        </trkpt>        <trkpt lat="50.04285347256729" lon="19.935567222463668">
            <ele>207.68448918964714</ele>
            <time>2026-08-16T11:25:41Z</time>
        </trkpt>        <trkpt lat="50.042903621261246" lon="19.935620512343828">
            <ele>207.66910116747022</ele>
            <time>2026-08-16T11:25:42Z</time>
        </trkpt>        <trkpt lat="50.04296452296455" lon="19.93566433475333">
            <ele>207.6367410402745</ele>
            <time>2026-08-16T11:25:43Z</time>
        </trkpt>        <trkpt lat="50.04303346355989" lon="19.93569728046626">
            <ele>207.58958228956908</ele>
            <time>2026-08-16T11:25:44Z</time>
        </trkpt>        <trkpt lat="50.043103405778446" lon="19.93573034148508">
            <ele>207.53156098444015</ele>
            <time>2026-08-16T11:25:45Z</time>
        </trkpt>        <trkpt lat="50.043174958541286" lon="19.935767760219072">
            <ele>207.4665064876899</ele>
            <time>2026-08-16T11:25:46Z</time>
        </trkpt>        <trkpt lat="50.04324785810033" lon="19.935810122062453">
            <ele>207.39694249723107</ele>
            <time>2026-08-16T11:25:47Z</time>
        </trkpt>        <trkpt lat="50.04332193114409" lon="19.935857063228163">
            <ele>207.32361391279846</ele>
            <time>2026-08-16T11:25:48Z</time>
        </trkpt>        <trkpt lat="50.04339585744313" lon="19.935910129147825">
            <ele>207.24552494753152</ele>
            <time>2026-08-16T11:25:49Z</time>
        </trkpt>        <trkpt lat="50.04346741310649" lon="19.935972449418173">
            <ele>207.16056880634278</ele>
            <time>2026-08-16T11:25:50Z</time>
        </trkpt>        <trkpt lat="50.04353428750474" lon="19.936046894895377">
            <ele>207.0665227919817</ele>
            <time>2026-08-16T11:25:51Z</time>
        </trkpt>        <trkpt lat="50.04359544585247" lon="19.93613222252032">
            <ele>206.96178071480244</ele>
            <time>2026-08-16T11:25:52Z</time>
        </trkpt>        <trkpt lat="50.043651578378025" lon="19.93622465164934">
            <ele>206.84565434791148</ele>
            <time>2026-08-16T11:25:53Z</time>
        </trkpt>        <trkpt lat="50.04370303352612" lon="19.936321852451954">
            <ele>206.71850214805454</ele>
            <time>2026-08-16T11:25:54Z</time>
        </trkpt>        <trkpt lat="50.0437506101201" lon="19.936422243765882">
            <ele>206.581721146591</ele>
            <time>2026-08-16T11:25:55Z</time>
        </trkpt>        <trkpt lat="50.043796924334686" lon="19.936522466604316">
            <ele>206.43766936287284</ele>
            <time>2026-08-16T11:25:56Z</time>
        </trkpt>        <trkpt lat="50.04384406066868" lon="19.936620309037462">
            <ele>206.28954802267253</ele>
            <time>2026-08-16T11:25:57Z</time>
        </trkpt>        <trkpt lat="50.043890205066575" lon="19.93671790488087">
            <ele>206.14110662788153</ele>
            <time>2026-08-16T11:25:58Z</time>
        </trkpt>        <trkpt lat="50.0439337958321" lon="19.936816220155663">
            <ele>205.99626011867076</ele>
            <time>2026-08-16T11:25:59Z</time>
        </trkpt>        <trkpt lat="50.04397429229011" lon="19.93691122024542">
            <ele>205.8586265873164</ele>
            <time>2026-08-16T11:26:00Z</time>
        </trkpt>        <trkpt lat="50.044008907028584" lon="19.937001766328002">
            <ele>205.73088087700307</ele>
            <time>2026-08-16T11:26:01Z</time>
        </trkpt>        <trkpt lat="50.04403852626524" lon="19.937090630091188">
            <ele>205.6143283136189</ele>
            <time>2026-08-16T11:26:02Z</time>
        </trkpt>        <trkpt lat="50.044065869785506" lon="19.93718118487795">
            <ele>205.5090813189745</ele>
            <time>2026-08-16T11:26:03Z</time>
        </trkpt>        <trkpt lat="50.04408890987869" lon="19.937278487015035">
            <ele>205.41447585914284</ele>
            <time>2026-08-16T11:26:04Z</time>
        </trkpt>        <trkpt lat="50.04410596642099" lon="19.937382075519242">
            <ele>205.32956301793456</ele>
            <time>2026-08-16T11:26:04Z</time>
        </trkpt>        <trkpt lat="50.04411953223879" lon="19.937488978607387">
            <ele>205.2537528127432</ele>
            <time>2026-08-16T11:26:05Z</time>
        </trkpt>        <trkpt lat="50.044132270531776" lon="19.93759964357453">
            <ele>205.18726905062795</ele>
            <time>2026-08-16T11:26:06Z</time>
        </trkpt>        <trkpt lat="50.04414384831049" lon="19.937715073223657">
            <ele>205.13116001710296</ele>
            <time>2026-08-16T11:26:07Z</time>
        </trkpt>        <trkpt lat="50.044152300817025" lon="19.93783420789256">
            <ele>205.08703321684152</ele>
            <time>2026-08-16T11:26:08Z</time>
        </trkpt>        <trkpt lat="50.04415817335397" lon="19.93795569538969">
            <ele>205.0567279504612</ele>
            <time>2026-08-16T11:26:09Z</time>
        </trkpt>        <trkpt lat="50.04416524856747" lon="19.938078193877914">
            <ele>205.04190637730062</ele>
            <time>2026-08-16T11:26:10Z</time>
        </trkpt>        <trkpt lat="50.04417775313523" lon="19.938199722587722">
            <ele>205.04366613645107</ele>
            <time>2026-08-16T11:26:11Z</time>
        </trkpt>        <trkpt lat="50.044195152743484" lon="19.9383194227035">
            <ele>205.06239284574986</ele>
            <time>2026-08-16T11:26:12Z</time>
        </trkpt>        <trkpt lat="50.044215135330774" lon="19.938437246135706">
            <ele>205.0976921292022</ele>
            <time>2026-08-16T11:26:13Z</time>
        </trkpt>        <trkpt lat="50.0442379590557" lon="19.93855291272868">
            <ele>205.1484052501619</ele>
            <time>2026-08-16T11:26:14Z</time>
        </trkpt>        <trkpt lat="50.04426253730428" lon="19.938667024446456">
            <ele>205.21282933466136</ele>
            <time>2026-08-16T11:26:15Z</time>
        </trkpt>        <trkpt lat="50.0442856818026" lon="19.93878335352413">
            <ele>205.2889733929187</ele>
            <time>2026-08-16T11:26:16Z</time>
        </trkpt>        <trkpt lat="50.04430379217693" lon="19.93890485829245">
            <ele>205.37485196441412</ele>
            <time>2026-08-16T11:26:17Z</time>
        </trkpt>        <trkpt lat="50.044315263408286" lon="19.93903130507683">
            <ele>205.4688087841496</ele>
            <time>2026-08-16T11:26:18Z</time>
        </trkpt>        <trkpt lat="50.044320363861885" lon="19.9391605517163">
            <ele>205.56979334820062</ele>
            <time>2026-08-16T11:26:19Z</time>
        </trkpt>        <trkpt lat="50.04431887120333" lon="19.939290672960023">
            <ele>205.6776355849579</ele>
            <time>2026-08-16T11:26:20Z</time>
        </trkpt>        <trkpt lat="50.044309586083415" lon="19.939419868865645">
            <ele>205.79322606697679</ele>
            <time>2026-08-16T11:26:21Z</time>
        </trkpt>        <trkpt lat="50.044293426947334" lon="19.939546840859588">
            <ele>205.91844191029668</ele>
            <time>2026-08-16T11:26:22Z</time>
        </trkpt>        <trkpt lat="50.0442768377284" lon="19.939672690758744">
            <ele>206.0558167481795</ele>
            <time>2026-08-16T11:26:23Z</time>
        </trkpt>        <trkpt lat="50.04426321820196" lon="19.93979722797197">
            <ele>206.20807621069252</ele>
            <time>2026-08-16T11:26:24Z</time>
        </trkpt>        <trkpt lat="50.044244968420365" lon="19.939918242142518">
            <ele>206.37756047118455</ele>
            <time>2026-08-16T11:26:25Z</time>
        </trkpt>        <trkpt lat="50.044213593087406" lon="19.940030976248714">
            <ele>206.5655685896054</ele>
            <time>2026-08-16T11:26:26Z</time>
        </trkpt>        <trkpt lat="50.04416959102401" lon="19.940130741335103">
            <ele>206.77189732529223</ele>
            <time>2026-08-16T11:26:27Z</time>
        </trkpt>        <trkpt lat="50.044119496901494" lon="19.94021959893553">
            <ele>206.99452577438205</ele>
            <time>2026-08-16T11:26:28Z</time>
        </trkpt>        <trkpt lat="50.04406791957677" lon="19.9403017515361">
            <ele>207.22942010778934</ele>
            <time>2026-08-16T11:26:29Z</time>
        </trkpt>        <trkpt lat="50.04401565938992" lon="19.940376061597863">
            <ele>207.47074171621352</ele>
            <time>2026-08-16T11:26:30Z</time>
        </trkpt>        <trkpt lat="50.04396423963786" lon="19.940441027975513">
            <ele>207.71124084014446</ele>
            <time>2026-08-16T11:26:31Z</time>
        </trkpt>        <trkpt lat="50.04391760813843" lon="19.940498931870636">
            <ele>207.94273094832897</ele>
            <time>2026-08-16T11:26:32Z</time>
        </trkpt>        <trkpt lat="50.043876058271906" lon="19.940552760353494">
            <ele>208.15685980021954</ele>
            <time>2026-08-16T11:26:33Z</time>
        </trkpt>        <trkpt lat="50.04383766736305" lon="19.9406043884828">
            <ele>208.3458866160363</ele>
            <time>2026-08-16T11:26:34Z</time>
        </trkpt>        <trkpt lat="50.04380235109336" lon="19.940654319282334">
            <ele>208.50318031571805</ele>
            <time>2026-08-16T11:26:35Z</time>
        </trkpt>        <trkpt lat="50.043768805486046" lon="19.940704139912572">
            <ele>208.62371155805886</ele>
            <time>2026-08-16T11:26:36Z</time>
        </trkpt>        <trkpt lat="50.0437364606143" lon="19.94075450537149">
            <ele>208.70435606781393</ele>
            <time>2026-08-16T11:26:37Z</time>
        </trkpt>        <trkpt lat="50.04370670761498" lon="19.940804971127157">
            <ele>208.7438594987616</ele>
            <time>2026-08-16T11:26:38Z</time>
        </trkpt>        <trkpt lat="50.04368064724873" lon="19.940856154609317">
            <ele>208.7427980573848</ele>
            <time>2026-08-16T11:26:39Z</time>
        </trkpt>        <trkpt lat="50.04365893378432" lon="19.94090879462546">
            <ele>208.70342369470745</ele>
            <time>2026-08-16T11:26:40Z</time>
        </trkpt>        <trkpt lat="50.043643745199795" lon="19.940965180841502">
            <ele>208.6295594787225</ele>
            <time>2026-08-16T11:26:41Z</time>
        </trkpt>        <trkpt lat="50.04363971988911" lon="19.941026744159064">
            <ele>208.52652708813548</ele>
            <time>2026-08-16T11:26:42Z</time>
        </trkpt>        <trkpt lat="50.043651140912345" lon="19.941090567709065">
            <ele>208.40076624136418</ele>
            <time>2026-08-16T11:26:43Z</time>
        </trkpt>        <trkpt lat="50.04367759184313" lon="19.94115272946058">
            <ele>208.25940209720284</ele>
            <time>2026-08-16T11:26:44Z</time>
        </trkpt>        <trkpt lat="50.04371426930577" lon="19.9412126313761">
            <ele>208.10971802007407</ele>
            <time>2026-08-16T11:26:45Z</time>
        </trkpt>        <trkpt lat="50.04375590327336" lon="19.94127323519489">
            <ele>207.9584263563156</ele>
            <time>2026-08-16T11:26:46Z</time>
        </trkpt>        <trkpt lat="50.043799250279015" lon="19.941336851136008">
            <ele>207.81109516415745</ele>
            <time>2026-08-16T11:26:47Z</time>
        </trkpt>        <trkpt lat="50.04384499558742" lon="19.941404999579312">
            <ele>207.6716463463381</ele>
            <time>2026-08-16T11:26:49Z</time>
        </trkpt>        <trkpt lat="50.04389311584112" lon="19.941478332416942">
            <ele>207.54293151013553</ele>
            <time>2026-08-16T11:26:50Z</time>
        </trkpt>        <trkpt lat="50.0439416268118" lon="19.941557231158583">
            <ele>207.42563521582633</ele>
            <time>2026-08-16T11:26:51Z</time>
        </trkpt>        <trkpt lat="50.04398826137292" lon="19.941641311532187">
            <ele>207.31921599712223</ele>
            <time>2026-08-16T11:26:52Z</time>
        </trkpt>        <trkpt lat="50.04403006204743" lon="19.941728046611427">
            <ele>207.22187282238156</ele>
            <time>2026-08-16T11:26:53Z</time>
        </trkpt>        <trkpt lat="50.044062019988004" lon="19.941811793445922">
            <ele>207.1308898786083</ele>
            <time>2026-08-16T11:26:54Z</time>
        </trkpt>        <trkpt lat="50.04408595396316" lon="19.941889096550753">
            <ele>207.04303316120058</ele>
            <time>2026-08-16T11:26:55Z</time>
        </trkpt>        <trkpt lat="50.04410780640803" lon="19.941958807737922">
            <ele>206.95495935995132</ele>
            <time>2026-08-16T11:26:56Z</time>
        </trkpt>        <trkpt lat="50.04412869681908" lon="19.942017796214664">
            <ele>206.86371013708413</ele>
            <time>2026-08-16T11:26:57Z</time>
        </trkpt>        <trkpt lat="50.04414900433749" lon="19.942067145121978">
            <ele>206.76713698543608</ele>
            <time>2026-08-16T11:26:58Z</time>
        </trkpt>        <trkpt lat="50.04416645260166" lon="19.942111771732765">
            <ele>206.66408661473542</ele>
            <time>2026-08-16T11:26:59Z</time>
        </trkpt>        <trkpt lat="50.04417819060716" lon="19.942153286664375">
            <ele>206.5544462343678</ele>
            <time>2026-08-16T11:27:00Z</time>
        </trkpt>        <trkpt lat="50.04418437754832" lon="19.94219085103677">
            <ele>206.43901539966464</ele>
            <time>2026-08-16T11:27:01Z</time>
        </trkpt>        <trkpt lat="50.04418707147275" lon="19.9422262438168">
            <ele>206.31913491338491</ele>
            <time>2026-08-16T11:27:02Z</time>
        </trkpt>        <trkpt lat="50.04418810079385" lon="19.942264471363714">
            <ele>206.19626757968217</ele>
            <time>2026-08-16T11:27:03Z</time>
        </trkpt>        <trkpt lat="50.04418838372512" lon="19.94230916709051">
            <ele>206.07183929439634</ele>
            <time>2026-08-16T11:27:03Z</time>
        </trkpt>        <trkpt lat="50.04418811998953" lon="19.942360446548655">
            <ele>205.9465129347518</ele>
            <time>2026-08-16T11:27:04Z</time>
        </trkpt>        <trkpt lat="50.04418786435631" lon="19.94241759403881">
            <ele>205.82072220742702</ele>
            <time>2026-08-16T11:27:05Z</time>
        </trkpt>        <trkpt lat="50.04418862047396" lon="19.94247904042019">
            <ele>205.69406123179942</ele>
            <time>2026-08-16T11:27:06Z</time>
        </trkpt>        <trkpt lat="50.04419127428575" lon="19.942543510673286">
            <ele>205.56535588018596</ele>
            <time>2026-08-16T11:27:07Z</time>
        </trkpt>        <trkpt lat="50.044195438647684" lon="19.94261042062105">
            <ele>205.43268673866987</ele>
            <time>2026-08-16T11:27:08Z</time>
        </trkpt>        <trkpt lat="50.04420025280373" lon="19.942678258962253">
            <ele>205.29351213853806</ele>
            <time>2026-08-16T11:27:09Z</time>
        </trkpt>        <trkpt lat="50.044206030639" lon="19.94274593780136">
            <ele>205.14485819078982</ele>
            <time>2026-08-16T11:27:10Z</time>
        </trkpt>        <trkpt lat="50.04421346633708" lon="19.942812925927687">
            <ele>204.98361472599208</ele>
            <time>2026-08-16T11:27:11Z</time>
        </trkpt>        <trkpt lat="50.04422202453026" lon="19.9428793327489">
            <ele>204.80694563593715</ele>
            <time>2026-08-16T11:27:12Z</time>
        </trkpt>        <trkpt lat="50.04423075647132" lon="19.94294540679794">
            <ele>204.61276276782155</ele>
            <time>2026-08-16T11:27:13Z</time>
        </trkpt>        <trkpt lat="50.044239479245604" lon="19.94301162316695">
            <ele>204.4003689745441</ele>
            <time>2026-08-16T11:27:14Z</time>
        </trkpt>        <trkpt lat="50.04424831546908" lon="19.943078185299772">
            <ele>204.1709736008197</ele>
            <time>2026-08-16T11:27:15Z</time>
        </trkpt>        <trkpt lat="50.044257469935964" lon="19.943143015436952">
            <ele>203.92762083932757</ele>
            <time>2026-08-16T11:27:16Z</time>
        </trkpt>        <trkpt lat="50.04426665906435" lon="19.943203475672618">
            <ele>203.67486478947103</ele>
            <time>2026-08-16T11:27:17Z</time>
        </trkpt>        <trkpt lat="50.04427478524761" lon="19.943257369383346">
            <ele>203.41830517351627</ele>
            <time>2026-08-16T11:27:18Z</time>
        </trkpt>        <trkpt lat="50.044281529743394" lon="19.943303805821035">
            <ele>203.16380112990737</ele>
            <time>2026-08-16T11:27:19Z</time>
        </trkpt>        <trkpt lat="50.04428790119202" lon="19.943344678247268">
            <ele>202.91679015476257</ele>
            <time>2026-08-16T11:27:20Z</time>
        </trkpt>        <trkpt lat="50.044294227387525" lon="19.943381649298285">
            <ele>202.68200972862542</ele>
            <time>2026-08-16T11:27:21Z</time>
        </trkpt>        <trkpt lat="50.044299324642175" lon="19.9434139906207">
            <ele>202.46338278241456</ele>
            <time>2026-08-16T11:27:22Z</time>
        </trkpt>        <trkpt lat="50.04430266338935" lon="19.94343975493051">
            <ele>202.2639819541946</ele>
            <time>2026-08-16T11:27:23Z</time>
        </trkpt>        <trkpt lat="50.04430496492566" lon="19.943456421552025">
            <ele>202.08605717960745</ele>
            <time>2026-08-16T11:27:24Z</time>
        </trkpt>        <trkpt lat="50.04430639915935" lon="19.943462853757634">
            <ele>201.93100632634014</ele>
            <time>2026-08-16T11:27:25Z</time>
        </trkpt>        <trkpt lat="50.04430700250446" lon="19.94346218696216">
            <ele>201.79933993518353</ele>
            <time>2026-08-16T11:27:26Z</time>
        </trkpt>        <trkpt lat="50.044307233183005" lon="19.943458972349376">
            <ele>201.6905540600419</ele>
            <time>2026-08-16T11:27:27Z</time>
        </trkpt>        <trkpt lat="50.04430727964396" lon="19.943455318222696">
            <ele>201.60308111272752</ele>
            <time>2026-08-16T11:27:28Z</time>
        </trkpt>        <trkpt lat="50.044307227966414" lon="19.943452082667633">
            <ele>201.53456476517022</ele>
            <time>2026-08-16T11:27:29Z</time>
        </trkpt>        <trkpt lat="50.04430709507246" lon="19.943449400922642">
            <ele>201.48218483105302</ele>
            <time>2026-08-16T11:27:30Z</time>
        </trkpt>        <trkpt lat="50.044306867458026" lon="19.943447126056302">
            <ele>201.442979644984</ele>
            <time>2026-08-16T11:27:31Z</time>
        </trkpt>        <trkpt lat="50.044306588333804" lon="19.9434453108491">
            <ele>201.41418325621635</ele>
            <time>2026-08-16T11:27:32Z</time>
        </trkpt>        <trkpt lat="50.044306290207835" lon="19.943443914603368">
            <ele>201.39341365359724</ele>
            <time>2026-08-16T11:27:33Z</time>
        </trkpt>        <trkpt lat="50.0443059924234" lon="19.943442836392496">
            <ele>201.37870907504112</ele>
            <time>2026-08-16T11:27:34Z</time>
        </trkpt>        <trkpt lat="50.04430569617604" lon="19.943441967400766">
            <ele>201.36847520247102</ele>
            <time>2026-08-16T11:27:35Z</time>
        </trkpt>        <trkpt lat="50.04430540326967" lon="19.943441267342596">
            <ele>201.3614204991609</ele>
            <time>2026-08-16T11:27:36Z</time>
        </trkpt>        <trkpt lat="50.044305136556176" lon="19.943440804206077">
            <ele>201.35650600027293</ele>
            <time>2026-08-16T11:27:37Z</time>
        </trkpt>        <trkpt lat="50.04430491754531" lon="19.94344062617839">
            <ele>201.35292049497366</ele>
            <time>2026-08-16T11:27:38Z</time>
        </trkpt>        <trkpt lat="50.044304781819456" lon="19.94344088584435">
            <ele>201.3501210482791</ele>
            <time>2026-08-16T11:27:39Z</time>
        </trkpt>        <trkpt lat="50.044304750656956" lon="19.94344170962288">
            <ele>201.34790360275656</ele>
            <time>2026-08-16T11:27:40Z</time>
        </trkpt>        <trkpt lat="50.044304817046964" lon="19.94344301160412">
            <ele>201.34644638374448</ele>
            <time>2026-08-16T11:27:41Z</time>
        </trkpt>        <trkpt lat="50.044305061841364" lon="19.943444931006834">
            <ele>201.346329158172</ele>
            <time>2026-08-16T11:27:42Z</time>
        </trkpt>        <trkpt lat="50.04430559166952" lon="19.94344738361684">
            <ele>201.34850987233222</ele>
            <time>2026-08-16T11:27:43Z</time>
        </trkpt>        <trkpt lat="50.04430658283628" lon="19.943450189451696">
            <ele>201.35420931968838</ele>
            <time>2026-08-16T11:27:44Z</time>
        </trkpt>        <trkpt lat="50.044308432996985" lon="19.943453640669258">
            <ele>201.36470369901508</ele>
            <time>2026-08-16T11:27:45Z</time>
        </trkpt>        <trkpt lat="50.0443113855841" lon="19.94345723511747">
            <ele>201.3810112401843</ele>
            <time>2026-08-16T11:27:46Z</time>
        </trkpt>        <trkpt lat="50.044313926435" lon="19.943459726418304">
            <ele>201.40341715794057</ele>
            <time>2026-08-16T11:27:47Z</time>
        </trkpt>        <trkpt lat="50.04431501183693" lon="19.94346100309351">
            <ele>201.43106113746762</ele>
            <time>2026-08-16T11:27:48Z</time>
        </trkpt>        <trkpt lat="50.04431547890568" lon="19.943461781616335">
            <ele>201.46191430278122</ele>
            <time>2026-08-16T11:27:49Z</time>
        </trkpt>        <trkpt lat="50.04431597280722" lon="19.94346253845294">
            <ele>201.4930276842788</ele>
            <time>2026-08-16T11:27:50Z</time>
        </trkpt>        <trkpt lat="50.04431707433358" lon="19.94346370694081">
            <ele>201.52099051512778</ele>
            <time>2026-08-16T11:27:51Z</time>
        </trkpt>        <trkpt lat="50.04431842406251" lon="19.943464112844563">
            <ele>201.5427538137883</ele>
            <time>2026-08-16T11:27:52Z</time>
        </trkpt>        <trkpt lat="50.04431944314948" lon="19.943463099637775">
            <ele>201.5564136551693</ele>
            <time>2026-08-16T11:27:53Z</time>
        </trkpt>        <trkpt lat="50.04432066924429" lon="19.94346132054558">
            <ele>201.56140739191324</ele>
            <time>2026-08-16T11:27:54Z</time>
        </trkpt>        <trkpt lat="50.04432146356849" lon="19.943459588582186">
            <ele>201.55830705538392</ele>
            <time>2026-08-16T11:27:55Z</time>
        </trkpt>        <trkpt lat="50.04432118852698" lon="19.943458526658805">
            <ele>201.5484816469252</ele>
            <time>2026-08-16T11:27:56Z</time>
        </trkpt>        <trkpt lat="50.04432056083768" lon="19.943457680091598">
            <ele>201.53358176723123</ele>
            <time>2026-08-16T11:27:57Z</time>
        </trkpt>        <trkpt lat="50.044319908436606" lon="19.943456878409343">
            <ele>201.51507608033717</ele>
            <time>2026-08-16T11:27:58Z</time>
        </trkpt>        <trkpt lat="50.044319278689144" lon="19.94345613701783">
            <ele>201.49411380570382</ele>
            <time>2026-08-16T11:27:59Z</time>
        </trkpt>        <trkpt lat="50.04431867267979" lon="19.943455469252626">
            <ele>201.47165701538324</ele>
            <time>2026-08-16T11:28:00Z</time>
        </trkpt>        <trkpt lat="50.044318103395554" lon="19.94345484434666">
            <ele>201.44864949863404</ele>
            <time>2026-08-16T11:28:01Z</time>
        </trkpt>        <trkpt lat="50.04431763032988" lon="19.943454179875744">
            <ele>201.4260750990361</ele>
            <time>2026-08-16T11:28:02Z</time>
        </trkpt>        <trkpt lat="50.04431734363692" lon="19.94345338913774">
            <ele>201.40493457950652</ele>
            <time>2026-08-16T11:28:03Z</time>
        </trkpt>        <trkpt lat="50.04431719700511" lon="19.94345253264802">
            <ele>201.38613311573863</ele>
            <time>2026-08-16T11:28:04Z</time>
        </trkpt>        <trkpt lat="50.04431704187878" lon="19.943451791300603">
            <ele>201.37023942451924</ele>
            <time>2026-08-16T11:28:05Z</time>
        </trkpt>        <trkpt lat="50.04431685847896" lon="19.943451194780383">
            <ele>201.35732457973063</ele>
            <time>2026-08-16T11:28:06Z</time>
        </trkpt>        <trkpt lat="50.04431672087984" lon="19.94345064184854">
            <ele>201.34710542391986</ele>
            <time>2026-08-16T11:28:07Z</time>
        </trkpt>        <trkpt lat="50.044316652027476" lon="19.94345004185873">
            <ele>201.3392198998481</ele>
            <time>2026-08-16T11:28:08Z</time>
        </trkpt>        <trkpt lat="50.044316661075094" lon="19.94344932739033">
            <ele>201.33339032530785</ele>
            <time>2026-08-16T11:28:09Z</time>
        </trkpt>        <trkpt lat="50.04431675635386" lon="19.9434486035424">
            <ele>201.32945036143064</ele>
            <time>2026-08-16T11:28:10Z</time>
        </trkpt>        <trkpt lat="50.044316943660604" lon="19.943448084260652">
            <ele>201.3273001499474</ele>
            <time>2026-08-16T11:28:11Z</time>
        </trkpt>        <trkpt lat="50.044317257082916" lon="19.943447935771182">
            <ele>201.32682846207172</ele>
            <time>2026-08-16T11:28:12Z</time>
        </trkpt>        <trkpt lat="50.04431767830986" lon="19.943448334101014">
            <ele>201.32781552523375</ele>
            <time>2026-08-16T11:28:13Z</time>
        </trkpt>        <trkpt lat="50.044318232894256" lon="19.943449457586976">
            <ele>201.32989578414708</ele>
            <time>2026-08-16T11:28:14Z</time>
        </trkpt>        <trkpt lat="50.04431909827933" lon="19.94345147378785">
            <ele>201.3326315060258</ele>
            <time>2026-08-16T11:28:15Z</time>
        </trkpt>        <trkpt lat="50.044320578679475" lon="19.943454684807758">
            <ele>201.33560701459646</ele>
            <time>2026-08-16T11:28:16Z</time>
        </trkpt>        <trkpt lat="50.044323247873265" lon="19.94345961353249">
            <ele>201.33846732228994</ele>
            <time>2026-08-16T11:28:17Z</time>
        </trkpt>        <trkpt lat="50.044328172766235" lon="19.943467293724737">
            <ele>201.34092224016786</ele>
            <time>2026-08-16T11:28:18Z</time>
        </trkpt>        <trkpt lat="50.04433625812096" lon="19.94347944924569">
            <ele>201.3427493851632</ele>
            <time>2026-08-16T11:28:19Z</time>
        </trkpt>        <trkpt lat="50.04434759878386" lon="19.943497314268193">
            <ele>201.3438113303855</ele>
            <time>2026-08-16T11:28:20Z</time>
        </trkpt>        <trkpt lat="50.04436231930786" lon="19.943520442078192">
            <ele>201.34408979676664</ele>
            <time>2026-08-16T11:28:21Z</time>
        </trkpt>        <trkpt lat="50.04438020369134" lon="19.943547825341913">
            <ele>201.34373611118644</ele>
            <time>2026-08-16T11:28:22Z</time>
        </trkpt>        <trkpt lat="50.0444005131007" lon="19.943579647169926">
            <ele>201.34314326476306</ele>
            <time>2026-08-16T11:28:23Z</time>
        </trkpt>        <trkpt lat="50.044422725375796" lon="19.943618683864432">
            <ele>201.34294955432415</ele>
            <time>2026-08-16T11:28:24Z</time>
        </trkpt>        <trkpt lat="50.04444482284386" lon="19.94366792088323">
            <ele>201.34386766143143</ele>
            <time>2026-08-16T11:28:25Z</time>
        </trkpt>        <trkpt lat="50.044463843480486" lon="19.943728027755576">
            <ele>201.34646490495652</ele>
            <time>2026-08-16T11:28:26Z</time>
        </trkpt>        <trkpt lat="50.044479468177066" lon="19.943797415928145">
            <ele>201.351086108014</ele>
            <time>2026-08-16T11:28:27Z</time>
        </trkpt>        <trkpt lat="50.04449389041159" lon="19.943872891913575">
            <ele>201.35791428294033</ele>
            <time>2026-08-16T11:28:28Z</time>
        </trkpt>        <trkpt lat="50.044508822210226" lon="19.943952302605933">
            <ele>201.36706751026213</ele>
            <time>2026-08-16T11:28:29Z</time>
        </trkpt>        <trkpt lat="50.04452459221873" lon="19.944034906359832">
            <ele>201.37869512289762</ele>
            <time>2026-08-16T11:28:30Z</time>
        </trkpt>        <trkpt lat="50.04454133767352" lon="19.944119900449838">
            <ele>201.39303981512785</ele>
            <time>2026-08-16T11:28:31Z</time>
        </trkpt>        <trkpt lat="50.04455956542823" lon="19.94420655720337">
            <ele>201.41038843244314</ele>
            <time>2026-08-16T11:28:32Z</time>
        </trkpt>        <trkpt lat="50.04457952172603" lon="19.944294651801204">
            <ele>201.4308819854632</ele>
            <time>2026-08-16T11:28:33Z</time>
        </trkpt>        <trkpt lat="50.04460068023268" lon="19.944383870392198">
            <ele>201.45432648714632</ele>
            <time>2026-08-16T11:28:34Z</time>
        </trkpt>        <trkpt lat="50.044623977109374" lon="19.944473520251336">
            <ele>201.48016578145325</ele>
            <time>2026-08-16T11:28:35Z</time>
        </trkpt>        <trkpt lat="50.04465033104042" lon="19.94456279506336">
            <ele>201.50755408592522</ele>
            <time>2026-08-16T11:28:36Z</time>
        </trkpt>        <trkpt lat="50.04467777139539" lon="19.94465338497703">
            <ele>201.53547604754567</ele>
            <time>2026-08-16T11:28:37Z</time>
        </trkpt>        <trkpt lat="50.04470385185685" lon="19.94474740001455">
            <ele>201.56295308563858</ele>
            <time>2026-08-16T11:28:38Z</time>
        </trkpt>        <trkpt lat="50.04473000118519" lon="19.944843047812476">
            <ele>201.58924179710448</ele>
            <time>2026-08-16T11:28:39Z</time>
        </trkpt>        <trkpt lat="50.04475942086604" lon="19.944937135100716">
            <ele>201.61391974333674</ele>
            <time>2026-08-16T11:28:40Z</time>
        </trkpt>        <trkpt lat="50.04479229625031" lon="19.945029010718862">
            <ele>201.63689562585205</ele>
            <time>2026-08-16T11:28:41Z</time>
        </trkpt>        <trkpt lat="50.04482569759811" lon="19.945120003801307">
            <ele>201.65830273926258</ele>
            <time>2026-08-16T11:28:42Z</time>
        </trkpt>        <trkpt lat="50.04485805868255" lon="19.945211337031402">
            <ele>201.67819228488952</ele>
            <time>2026-08-16T11:28:43Z</time>
        </trkpt>        <trkpt lat="50.044891603371155" lon="19.94530336224988">
            <ele>201.69622321147472</ele>
            <time>2026-08-16T11:28:44Z</time>
        </trkpt>        <trkpt lat="50.04492670059342" lon="19.945394909563156">
            <ele>201.71159523539245</ele>
            <time>2026-08-16T11:28:45Z</time>
        </trkpt>        <trkpt lat="50.04496116348021" lon="19.94548361804175">
            <ele>201.72320871707052</ele>
            <time>2026-08-16T11:28:46Z</time>
        </trkpt>        <trkpt lat="50.04499309452381" lon="19.945568096207772">
            <ele>201.72999579738826</ele>
            <time>2026-08-16T11:28:47Z</time>
        </trkpt>        <trkpt lat="50.04502316515928" lon="19.945650313897833">
            <ele>201.73147346451879</ele>
            <time>2026-08-16T11:28:48Z</time>
        </trkpt>        <trkpt lat="50.045055893815686" lon="19.945734352285974">
            <ele>201.7282974589616</ele>
            <time>2026-08-16T11:28:49Z</time>
        </trkpt>        <trkpt lat="50.04509317090562" lon="19.94582150146489">
            <ele>201.72231549583375</ele>
            <time>2026-08-16T11:28:50Z</time>
        </trkpt>        <trkpt lat="50.04513206355673" lon="19.945910630230983">
            <ele>201.71606671903282</ele>
            <time>2026-08-16T11:28:51Z</time>
        </trkpt>        <trkpt lat="50.04517138973009" lon="19.946001987734327">
            <ele>201.71215501241386</ele>
            <time>2026-08-16T11:28:52Z</time>
        </trkpt>        <trkpt lat="50.04521104779726" lon="19.946096269234047">
            <ele>201.7126719094813</ele>
            <time>2026-08-16T11:28:53Z</time>
        </trkpt>        <trkpt lat="50.045250803646795" lon="19.94619274571651">
            <ele>201.71868619695306</ele>
            <time>2026-08-16T11:28:54Z</time>
        </trkpt>        <trkpt lat="50.045291214105546" lon="19.946290084259683">
            <ele>201.7301184879616</ele>
            <time>2026-08-16T11:28:55Z</time>
        </trkpt>        <trkpt lat="50.0453328465238" lon="19.94638839682756">
            <ele>201.74623670056462</ele>
            <time>2026-08-16T11:28:56Z</time>
        </trkpt>        <trkpt lat="50.04537521662659" lon="19.946488450858983">
            <ele>201.7661233264953</ele>
            <time>2026-08-16T11:28:57Z</time>
        </trkpt>        <trkpt lat="50.04541749731023" lon="19.946589954626656">
            <ele>201.78890140075237</ele>
            <time>2026-08-16T11:28:58Z</time>
        </trkpt>        <trkpt lat="50.04545935711859" lon="19.946690504469164">
            <ele>201.81381935067475</ele>
            <time>2026-08-16T11:28:59Z</time>
        </trkpt>        <trkpt lat="50.045502038877984" lon="19.946789709127117">
            <ele>201.8402033476159</ele>
            <time>2026-08-16T11:29:00Z</time>
        </trkpt>        <trkpt lat="50.045545526843036" lon="19.946889791803237">
            <ele>201.86727198679</ele>
            <time>2026-08-16T11:29:01Z</time>
        </trkpt>        <trkpt lat="50.045588160110846" lon="19.94699191974751">
            <ele>201.89400433842093</ele>
            <time>2026-08-16T11:29:02Z</time>
        </trkpt>        <trkpt lat="50.04563006241568" lon="19.94709543997228">
            <ele>201.91930221766233</ele>
            <time>2026-08-16T11:29:03Z</time>
        </trkpt>        <trkpt lat="50.0456718034672" lon="19.947199451439484">
            <ele>201.94237796775997</ele>
            <time>2026-08-16T11:29:04Z</time>
        </trkpt>        <trkpt lat="50.04571402374218" lon="19.947302807978453">
            <ele>201.96302167139947</ele>
            <time>2026-08-16T11:29:05Z</time>
        </trkpt>        <trkpt lat="50.04575702201485" lon="19.94740479153015">
            <ele>201.981560125947</ele>
            <time>2026-08-16T11:29:06Z</time>
        </trkpt>        <trkpt lat="50.04580157339501" lon="19.947506894109402">
            <ele>201.99867554940283</ele>
            <time>2026-08-16T11:29:07Z</time>
        </trkpt>        <trkpt lat="50.04584681964001" lon="19.947611027181093">
            <ele>202.01517139188945</ele>
            <time>2026-08-16T11:29:08Z</time>
        </trkpt>        <trkpt lat="50.04589076004722" lon="19.947715620661672">
            <ele>202.03166233189404</ele>
            <time>2026-08-16T11:29:09Z</time>
        </trkpt>        <trkpt lat="50.045934733082866" lon="19.94781822527919">
            <ele>202.048356984742</ele>
            <time>2026-08-16T11:29:10Z</time>
        </trkpt>        <trkpt lat="50.045980158394265" lon="19.947919554207328">
            <ele>202.06506295036525</ele>
            <time>2026-08-16T11:29:11Z</time>
        </trkpt>        <trkpt lat="50.046025785175765" lon="19.94802083239607">
            <ele>202.0812609232962</ele>
            <time>2026-08-16T11:29:12Z</time>
        </trkpt>        <trkpt lat="50.046069835736375" lon="19.948122248126463">
            <ele>202.09609802719206</ele>
            <time>2026-08-16T11:29:13Z</time>
        </trkpt>        <trkpt lat="50.04611241977115" lon="19.948225300013632">
            <ele>202.1083096563816</ele>
            <time>2026-08-16T11:29:14Z</time>
        </trkpt>        <trkpt lat="50.04615456559473" lon="19.948330391214476">
            <ele>202.11623661778867</ele>
            <time>2026-08-16T11:29:15Z</time>
        </trkpt>        <trkpt lat="50.04619736884342" lon="19.948435828464522">
            <ele>202.1181141231209</ele>
            <time>2026-08-16T11:29:16Z</time>
        </trkpt>        <trkpt lat="50.04624035266844" lon="19.94854223638002">
            <ele>202.11251609865576</ele>
            <time>2026-08-16T11:29:17Z</time>
        </trkpt>        <trkpt lat="50.04628183171608" lon="19.948650784110384">
            <ele>202.09869806282222</ele>
            <time>2026-08-16T11:29:18Z</time>
        </trkpt>        <trkpt lat="50.04632154987917" lon="19.94876169349433">
            <ele>202.07683335337788</ele>
            <time>2026-08-16T11:29:19Z</time>
        </trkpt>        <trkpt lat="50.046359406516" lon="19.948874744700426">
            <ele>202.04814673494548</ele>
            <time>2026-08-16T11:29:20Z</time>
        </trkpt>        <trkpt lat="50.046397814857556" lon="19.948986956746822">
            <ele>202.01479101460427</ele>
            <time>2026-08-16T11:29:21Z</time>
        </trkpt>        <trkpt lat="50.04644008237936" lon="19.949095147283497">
            <ele>201.9795620115474</ele>
            <time>2026-08-16T11:29:22Z</time>
        </trkpt>        <trkpt lat="50.046485902238146" lon="19.94920014666273">
            <ele>201.94549461081624</ele>
            <time>2026-08-16T11:29:23Z</time>
        </trkpt>        <trkpt lat="50.04653381734675" lon="19.949303638082938">
            <ele>201.91521069034934</ele>
            <time>2026-08-16T11:29:24Z</time>
        </trkpt>        <trkpt lat="50.04658376940298" lon="19.94940584746347">
            <ele>201.89031939022243</ele>
            <time>2026-08-16T11:29:25Z</time>
        </trkpt>        <trkpt lat="50.04663528675836" lon="19.949507177571345">
            <ele>201.87124229315668</ele>
            <time>2026-08-16T11:29:26Z</time>
        </trkpt>        <trkpt lat="50.04668726359243" lon="19.94960870821653">
            <ele>201.85731813777238</ele>
            <time>2026-08-16T11:29:27Z</time>
        </trkpt>        <trkpt lat="50.046739306840855" lon="19.949711266424796">
            <ele>201.84715331718326</ele>
            <time>2026-08-16T11:29:28Z</time>
        </trkpt>        <trkpt lat="50.0467927796379" lon="19.94981572261835">
            <ele>201.83938241843134</ele>
            <time>2026-08-16T11:29:29Z</time>
        </trkpt>        <trkpt lat="50.04684792336835" lon="19.949921750366116">
            <ele>201.83340532612056</ele>
            <time>2026-08-16T11:29:30Z</time>
        </trkpt>        <trkpt lat="50.04690352486004" lon="19.95002794003477">
            <ele>201.8295620828867</ele>
            <time>2026-08-16T11:29:31Z</time>
        </trkpt>        <trkpt lat="50.04695881490022" lon="19.95013372775871">
            <ele>201.82883976399899</ele>
            <time>2026-08-16T11:29:32Z</time>
        </trkpt>        <trkpt lat="50.04701220648649" lon="19.950239959863843">
            <ele>201.83239743951708</ele>
            <time>2026-08-16T11:29:33Z</time>
        </trkpt>        <trkpt lat="50.04706268993509" lon="19.9503481692528">
            <ele>201.84095854777843</ele>
            <time>2026-08-16T11:29:34Z</time>
        </trkpt>        <trkpt lat="50.04711292038613" lon="19.950455947751834">
            <ele>201.85423943772912</ele>
            <time>2026-08-16T11:29:35Z</time>
        </trkpt>        <trkpt lat="50.04716613185574" lon="19.950558944840477">
            <ele>201.8708165641874</ele>
            <time>2026-08-16T11:29:36Z</time>
        </trkpt>        <trkpt lat="50.047220573179196" lon="19.950659541422">
            <ele>201.88844355382025</ele>
            <time>2026-08-16T11:29:37Z</time>
        </trkpt>        <trkpt lat="50.04727376270666" lon="19.95076092969494">
            <ele>201.9044990958646</ele>
            <time>2026-08-16T11:29:38Z</time>
        </trkpt>        <trkpt lat="50.04732692573294" lon="19.95086132049621">
            <ele>201.91648691892624</ele>
            <time>2026-08-16T11:29:39Z</time>
        </trkpt>        <trkpt lat="50.047380838968245" lon="19.95096063917757">
            <ele>201.92252823337913</ele>
            <time>2026-08-16T11:29:40Z</time>
        </trkpt>        <trkpt lat="50.04743456347768" lon="19.951060192764533">
            <ele>201.9215791914612</ele>
            <time>2026-08-16T11:29:41Z</time>
        </trkpt>        <trkpt lat="50.04748831219659" lon="19.951159324977002">
            <ele>201.91335372067988</ele>
            <time>2026-08-16T11:29:42Z</time>
        </trkpt>        <trkpt lat="50.04754253231431" lon="19.951257709345995">
            <ele>201.89817668683827</ele>
            <time>2026-08-16T11:29:43Z</time>
        </trkpt>        <trkpt lat="50.04759652270021" lon="19.951355438860173">
            <ele>201.87683267798275</ele>
            <time>2026-08-16T11:29:44Z</time>
        </trkpt>        <trkpt lat="50.0476494507732" lon="19.951454828124756">
            <ele>201.85045687109232</ele>
            <time>2026-08-16T11:29:45Z</time>
        </trkpt>        <trkpt lat="50.0477017639834" lon="19.95155647748965">
            <ele>201.8205217877403</ele>
            <time>2026-08-16T11:29:46Z</time>
        </trkpt>        <trkpt lat="50.047754795313516" lon="19.951657798291976">
            <ele>201.788893757388</ele>
            <time>2026-08-16T11:29:47Z</time>
        </trkpt>        <trkpt lat="50.047809055864526" lon="19.951758454068766">
            <ele>201.75784829817712</ele>
            <time>2026-08-16T11:29:48Z</time>
        </trkpt>        <trkpt lat="50.04786445764704" lon="19.951859007179984">
            <ele>201.7298563476652</ele>
            <time>2026-08-16T11:29:49Z</time>
        </trkpt>        <trkpt lat="50.04792032948965" lon="19.951959929959866">
            <ele>201.7071700738743</ele>
            <time>2026-08-16T11:29:50Z</time>
        </trkpt>        <trkpt lat="50.04797582397039" lon="19.952061992235823">
            <ele>201.6914303759113</ele>
            <time>2026-08-16T11:29:51Z</time>
        </trkpt>        <trkpt lat="50.048031307833874" lon="19.95216523088704">
            <ele>201.6833580005914</ele>
            <time>2026-08-16T11:29:52Z</time>
        </trkpt>        <trkpt lat="50.04808715805384" lon="19.95226890358502">
            <ele>201.68253915943205</ele>
            <time>2026-08-16T11:29:53Z</time>
        </trkpt>        <trkpt lat="50.048143110786405" lon="19.95237286528333">
            <ele>201.68750946503133</ele>
            <time>2026-08-16T11:29:54Z</time>
        </trkpt>        <trkpt lat="50.04819981808474" lon="19.952475630691225">
            <ele>201.6960842832923</ele>
            <time>2026-08-16T11:29:55Z</time>
        </trkpt>        <trkpt lat="50.04825699670167" lon="19.95257767210876">
            <ele>201.70574533659965</ele>
            <time>2026-08-16T11:29:56Z</time>
        </trkpt>        <trkpt lat="50.048312975793934" lon="19.952681148750965">
            <ele>201.7141172066331</ele>
            <time>2026-08-16T11:29:57Z</time>
        </trkpt>        <trkpt lat="50.04836842877538" lon="19.952786144266167">
            <ele>201.71943596564233</ele>
            <time>2026-08-16T11:29:58Z</time>
        </trkpt>        <trkpt lat="50.04842452779834" lon="19.95289222798853">
            <ele>201.72081957478076</ele>
            <time>2026-08-16T11:29:59Z</time>
        </trkpt>        <trkpt lat="50.048481490764374" lon="19.952997109340494">
            <ele>201.71840010490268</ele>
            <time>2026-08-16T11:30:00Z</time>
        </trkpt>        <trkpt lat="50.04853987567793" lon="19.953100489098492">
            <ele>201.7133035613224</ele>
            <time>2026-08-16T11:30:01Z</time>
        </trkpt>        <trkpt lat="50.04859899275792" lon="19.95320368128561">
            <ele>201.7073137871921</ele>
            <time>2026-08-16T11:30:02Z</time>
        </trkpt>        <trkpt lat="50.048657241884946" lon="19.953307749021917">
            <ele>201.70240415260196</ele>
            <time>2026-08-16T11:30:03Z</time>
        </trkpt>        <trkpt lat="50.048712616160294" lon="19.95341481638098">
            <ele>201.70038291439414</ele>
            <time>2026-08-16T11:30:04Z</time>
        </trkpt>        <trkpt lat="50.048765270083265" lon="19.95352523830174">
            <ele>201.70261180773377</ele>
            <time>2026-08-16T11:30:05Z</time>
        </trkpt>        <trkpt lat="50.04881887131574" lon="19.953633732745963">
            <ele>201.70979841984808</ele>
            <time>2026-08-16T11:30:06Z</time>
        </trkpt>        <trkpt lat="50.04887468490126" lon="19.95373874101765">
            <ele>201.7219293443486</ele>
            <time>2026-08-16T11:30:07Z</time>
        </trkpt>        <trkpt lat="50.04892650343875" lon="19.95384228631012">
            <ele>201.73828082811087</ele>
            <time>2026-08-16T11:30:08Z</time>
        </trkpt>        <trkpt lat="50.048972643154265" lon="19.95394862761087">
            <ele>201.7575696883723</ele>
            <time>2026-08-16T11:30:09Z</time>
        </trkpt>        <trkpt lat="50.04902474968104" lon="19.954059056286216">
            <ele>201.7783522112295</ele>
            <time>2026-08-16T11:30:10Z</time>
        </trkpt>        <trkpt lat="50.04908504565657" lon="19.954166744862363">
            <ele>201.79942000564188</ele>
            <time>2026-08-16T11:30:11Z</time>
        </trkpt>        <trkpt lat="50.04914532287962" lon="19.954272140146156">
            <ele>201.81999671738595</ele>
            <time>2026-08-16T11:30:12Z</time>
        </trkpt>        <trkpt lat="50.0492035631349" lon="19.954377644471002">
            <ele>201.83981816098094</ele>
            <time>2026-08-16T11:30:13Z</time>
        </trkpt>        <trkpt lat="50.04926101182337" lon="19.95448323453554">
            <ele>201.85913381166756</ele>
            <time>2026-08-16T11:30:14Z</time>
        </trkpt>        <trkpt lat="50.04931835240432" lon="19.954588405428186">
            <ele>201.87860908079892</ele>
            <time>2026-08-16T11:30:15Z</time>
        </trkpt>        <trkpt lat="50.04937560561936" lon="19.954692643955752">
            <ele>201.8991523468867</ele>
            <time>2026-08-16T11:30:16Z</time>
        </trkpt>        <trkpt lat="50.04943273218276" lon="19.95479703437326">
            <ele>201.92163171898574</ele>
            <time>2026-08-16T11:30:17Z</time>
        </trkpt>        <trkpt lat="50.049488737282715" lon="19.95490227882656">
            <ele>201.94646685849875</ele>
            <time>2026-08-16T11:30:18Z</time>
        </trkpt>        <trkpt lat="50.049543633864985" lon="19.95500717478245">
            <ele>201.9733136696741</ele>
            <time>2026-08-16T11:30:19Z</time>
        </trkpt>        <trkpt lat="50.0495986794657" lon="19.955109946612765">
            <ele>202.0010052798316</ele>
            <time>2026-08-16T11:30:20Z</time>
        </trkpt>        <trkpt lat="50.049657549912496" lon="19.955214656605076">
            <ele>202.027628807351</ele>
            <time>2026-08-16T11:30:21Z</time>
        </trkpt>        <trkpt lat="50.049714680666945" lon="19.955315202825172">
            <ele>202.050725242123</ele>
            <time>2026-08-16T11:30:22Z</time>
        </trkpt>        <trkpt lat="50.04976134314595" lon="19.955403440939453">
            <ele>202.06766488123685</ele>
            <time>2026-08-16T11:30:23Z</time>
        </trkpt>        <trkpt lat="50.04980581814776" lon="19.95549091303319">
            <ele>202.0760487942025</ele>
            <time>2026-08-16T11:30:24Z</time>
        </trkpt>        <trkpt lat="50.049852647013395" lon="19.95558319138335">
            <ele>202.07401807513088</ele>
            <time>2026-08-16T11:30:25Z</time>
        </trkpt>        <trkpt lat="50.04990267811106" lon="19.955677461940116">
            <ele>202.06053276266903</ele>
            <time>2026-08-16T11:30:26Z</time>
        </trkpt>        <trkpt lat="50.04995403165185" lon="19.955771733083417">
            <ele>202.03550209198147</ele>
            <time>2026-08-16T11:30:27Z</time>
        </trkpt>        <trkpt lat="50.05000053311849" lon="19.955859361690393">
            <ele>201.99973164964467</ele>
            <time>2026-08-16T11:30:28Z</time>
        </trkpt>        <trkpt lat="50.050040453173764" lon="19.955932752026413">
            <ele>201.9548463728279</ele>
            <time>2026-08-16T11:30:29Z</time>
        </trkpt>        <trkpt lat="50.05007338749809" lon="19.955992709453316">
            <ele>201.90315030142665</ele>
            <time>2026-08-16T11:30:30Z</time>
        </trkpt>        <trkpt lat="50.05009912328636" lon="19.95604093542899">
            <ele>201.84747286792845</ele>
            <time>2026-08-16T11:30:31Z</time>
        </trkpt>        <trkpt lat="50.05011649354333" lon="19.956075812132084">
            <ele>201.7909862548113</ele>
            <time>2026-08-16T11:30:32Z</time>
        </trkpt>        <trkpt lat="50.0501277966442" lon="19.956100517732274">
            <ele>201.73688967432827</ele>
            <time>2026-08-16T11:30:33Z</time>
        </trkpt>        <trkpt lat="50.050137142207774" lon="19.95612095753314">
            <ele>201.6880758665502</ele>
            <time>2026-08-16T11:30:34Z</time>
        </trkpt>        <trkpt lat="50.05014782017119" lon="19.956142769066805">
            <ele>201.6468735486269</ele>
            <time>2026-08-16T11:30:35Z</time>
        </trkpt>        <trkpt lat="50.05016131897695" lon="19.956169610180883">
            <ele>201.61479934677482</ele>
            <time>2026-08-16T11:30:36Z</time>
        </trkpt>        <trkpt lat="50.05017873134799" lon="19.956205349811196">
            <ele>201.59249216504395</ele>
            <time>2026-08-16T11:30:37Z</time>
        </trkpt>        <trkpt lat="50.05019907291983" lon="19.956253367361413">
            <ele>201.57997892424464</ele>
            <time>2026-08-16T11:30:38Z</time>
        </trkpt>        <trkpt lat="50.05022009366618" lon="19.95631385301235">
            <ele>201.57698605116457</ele>
            <time>2026-08-16T11:30:39Z</time>
        </trkpt>        <trkpt lat="50.05024081828362" lon="19.956383463049693">
            <ele>201.5831157369539</ele>
            <time>2026-08-16T11:30:40Z</time>
        </trkpt>        <trkpt lat="50.050261633894145" lon="19.956458165245085">
            <ele>201.59790187422186</ele>
            <time>2026-08-16T11:30:41Z</time>
        </trkpt>        <trkpt lat="50.05028314304593" lon="19.956535238081862">
            <ele>201.62083432730287</ele>
            <time>2026-08-16T11:30:42Z</time>
        </trkpt>        <trkpt lat="50.05030529879713" lon="19.956613987407017">
            <ele>201.65145906992257</ele>
            <time>2026-08-16T11:30:43Z</time>
        </trkpt>        <trkpt lat="50.05032783935773" lon="19.95669455647485">
            <ele>201.6895021153614</ele>
            <time>2026-08-16T11:30:44Z</time>
        </trkpt>        <trkpt lat="50.0503505653066" lon="19.956776542521347">
            <ele>201.73504113778472</ele>
            <time>2026-08-16T11:30:45Z</time>
        </trkpt>        <trkpt lat="50.05037365383655" lon="19.95685912541152">
            <ele>201.78873968217522</ele>
            <time>2026-08-16T11:30:46Z</time>
        </trkpt>        <trkpt lat="50.05039696541943" lon="19.956941473367323">
            <ele>201.85198688227683</ele>
            <time>2026-08-16T11:30:47Z</time>
        </trkpt>        <trkpt lat="50.05041979522588" lon="19.957023031355245">
            <ele>201.9268352445215</ele>
            <time>2026-08-16T11:30:48Z</time>
        </trkpt>        <trkpt lat="50.050441873010094" lon="19.957103253224165">
            <ele>202.01578534953296</ele>
            <time>2026-08-16T11:30:49Z</time>
        </trkpt>        <trkpt lat="50.05046350990263" lon="19.957181702695795">
            <ele>202.12151322327554</ele>
            <time>2026-08-16T11:30:50Z</time>
        </trkpt>        <trkpt lat="50.05048522133619" lon="19.95725802216212">
            <ele>202.2464810376987</ele>
            <time>2026-08-16T11:30:51Z</time>
        </trkpt>        <trkpt lat="50.05050690850881" lon="19.95733203825383">
            <ele>202.39247353281826</ele>
            <time>2026-08-16T11:30:52Z</time>
        </trkpt>        <trkpt lat="50.050527974865176" lon="19.957404373739507">
            <ele>202.560192508623</ele>
            <time>2026-08-16T11:30:53Z</time>
        </trkpt>        <trkpt lat="50.05054851916754" lon="19.957475882996476">
            <ele>202.74879189115018</ele>
            <time>2026-08-16T11:30:54Z</time>
        </trkpt>        <trkpt lat="50.05056861067141" lon="19.957546597338716">
            <ele>202.95555881876498</ele>
            <time>2026-08-16T11:30:55Z</time>
        </trkpt>        <trkpt lat="50.05058756849069" lon="19.957615744051605">
            <ele>203.17591156624258</ele>
            <time>2026-08-16T11:30:56Z</time>
        </trkpt>        <trkpt lat="50.0506053281187" lon="19.95768211053092">
            <ele>203.40353613626212</ele>
            <time>2026-08-16T11:30:57Z</time>
        </trkpt>        <trkpt lat="50.05062270965215" lon="19.95774447833808">
            <ele>203.630829943344</ele>
            <time>2026-08-16T11:30:58Z</time>
        </trkpt>        <trkpt lat="50.05063981735737" lon="19.957802537566913">
            <ele>203.84960771072656</ele>
            <time>2026-08-16T11:30:59Z</time>
        </trkpt>        <trkpt lat="50.05065559008839" lon="19.957856182331955">
            <ele>204.05202079098672</ele>
            <time>2026-08-16T11:31:00Z</time>
        </trkpt>        <trkpt lat="50.05066925877733" lon="19.957903409667765">
            <ele>204.23071540426463</ele>
            <time>2026-08-16T11:31:01Z</time>
        </trkpt>        <trkpt lat="50.05068129252494" lon="19.957942157417182">
            <ele>204.38111509662122</ele>
            <time>2026-08-16T11:31:02Z</time>
        </trkpt>        <trkpt lat="50.05069365858763" lon="19.95797378460224">
            <ele>204.5011239554733</ele>
            <time>2026-08-16T11:31:03Z</time>
        </trkpt>        <trkpt lat="50.05070868296737" lon="19.95800125094844">
            <ele>204.59173519350588</ele>
            <time>2026-08-16T11:31:04Z</time>
        </trkpt>        <trkpt lat="50.05072619656427" lon="19.9580263981293">
            <ele>204.65703739691526</ele>
            <time>2026-08-16T11:31:05Z</time>
        </trkpt>        <trkpt lat="50.05074283871425" lon="19.95805180101705">
            <ele>204.70316851884127</ele>
            <time>2026-08-16T11:31:06Z</time>
        </trkpt>        <trkpt lat="50.050753043785654" lon="19.958080116114193">
            <ele>204.73697087727487</ele>
            <time>2026-08-16T11:31:08Z</time>
        </trkpt>        <trkpt lat="50.05075115101094" lon="19.95810979645564">
            <ele>204.76486316043884</ele>
            <time>2026-08-16T11:31:09Z</time>
        </trkpt>        <trkpt lat="50.0507363270976" lon="19.95813470511938">
            <ele>204.791679603979</ele>
            <time>2026-08-16T11:31:10Z</time>
        </trkpt>        <trkpt lat="50.05071350199598" lon="19.95815079870003">
            <ele>204.81985231023282</ele>
            <time>2026-08-16T11:31:11Z</time>
        </trkpt>        <trkpt lat="50.05069020270132" lon="19.958162571702925">
            <ele>204.8492877855897</ele>
            <time>2026-08-16T11:31:12Z</time>
        </trkpt>        <trkpt lat="50.05067447245241" lon="19.95817953153056">
            <ele>204.87762235756963</ele>
            <time>2026-08-16T11:31:13Z</time>
        </trkpt>        <trkpt lat="50.050669178094864" lon="19.958205630281945">
            <ele>204.90084648132324</ele>
            <time>2026-08-16T11:31:14Z</time>
        </trkpt>        <trkpt lat="50.05067113432311" lon="19.958239161712214">
            <ele>204.91446612775326</ele>
            <time>2026-08-16T11:31:15Z</time>
        </trkpt>        <trkpt lat="50.050677082387615" lon="19.95827798471269">
            <ele>204.9146680785343</ele>
            <time>2026-08-16T11:31:16Z</time>
        </trkpt>        <trkpt lat="50.050686814249616" lon="19.958319527248445">
            <ele>204.8991089677438</ele>
            <time>2026-08-16T11:31:17Z</time>
        </trkpt>        <trkpt lat="50.050702003695484" lon="19.958363088835593">
            <ele>204.8675512773916</ele>
            <time>2026-08-16T11:31:18Z</time>
        </trkpt>        <trkpt lat="50.050722679845826" lon="19.95840888065146">
            <ele>204.82219626475126</ele>
            <time>2026-08-16T11:31:19Z</time>
        </trkpt>        <trkpt lat="50.050746007255185" lon="19.95845612249582">
            <ele>204.76757779717445</ele>
            <time>2026-08-16T11:31:20Z</time>
        </trkpt>        <trkpt lat="50.05076912079525" lon="19.958505201940795">
            <ele>204.71013489272445</ele>
            <time>2026-08-16T11:31:21Z</time>
        </trkpt>        <trkpt lat="50.05079135301752" lon="19.958557032203657">
            <ele>204.6571802701801</ele>
            <time>2026-08-16T11:31:22Z</time>
        </trkpt>        <trkpt lat="50.05081324088592" lon="19.95861170942317">
            <ele>204.61543347127736</ele>
            <time>2026-08-16T11:31:23Z</time>
        </trkpt>        <trkpt lat="50.050834944678165" lon="19.9586687952125">
            <ele>204.5898880288005</ele>
            <time>2026-08-16T11:31:24Z</time>
        </trkpt>        <trkpt lat="50.05085630825303" lon="19.958728813520413">
            <ele>204.58318465109915</ele>
            <time>2026-08-16T11:31:25Z</time>
        </trkpt>        <trkpt lat="50.05087759758062" lon="19.95879087858297">
            <ele>204.59532283619046</ele>
            <time>2026-08-16T11:31:26Z</time>
        </trkpt>        <trkpt lat="50.05089945644503" lon="19.958853769287895">
            <ele>204.62399171944708</ele>
            <time>2026-08-16T11:31:27Z</time>
        </trkpt>        <trkpt lat="50.05092171354333" lon="19.95891736798564">
            <ele>204.66532603651285</ele>
            <time>2026-08-16T11:31:28Z</time>
        </trkpt>        <trkpt lat="50.05094344928196" lon="19.958981093162485">
            <ele>204.71464364323765</ele>
            <time>2026-08-16T11:31:29Z</time>
        </trkpt>        <trkpt lat="50.05096410167295" lon="19.95904530810026">
            <ele>204.7672161012888</ele>
            <time>2026-08-16T11:31:30Z</time>
        </trkpt>        <trkpt lat="50.05098375395129" lon="19.959109525390314">
            <ele>204.81892967503518</ele>
            <time>2026-08-16T11:31:31Z</time>
        </trkpt>        <trkpt lat="50.05100282496502" lon="19.95917243644754">
            <ele>204.86661914829165</ele>
            <time>2026-08-16T11:31:32Z</time>
        </trkpt>        <trkpt lat="50.05102171424849" lon="19.959233709070666">
            <ele>204.90821397677064</ele>
            <time>2026-08-16T11:31:33Z</time>
        </trkpt>        <trkpt lat="50.05104109364454" lon="19.9592947909746">
            <ele>204.94271837268025</ele>
            <time>2026-08-16T11:31:34Z</time>
        </trkpt>        <trkpt lat="50.051061448486465" lon="19.959357467329347">
            <ele>204.96989502944052</ele>
            <time>2026-08-16T11:31:35Z</time>
        </trkpt>        <trkpt lat="50.05108214623638" lon="19.95942268731284">
            <ele>204.989879950881</ele>
            <time>2026-08-16T11:31:36Z</time>
        </trkpt>        <trkpt lat="50.05110302235986" lon="19.95949057558765">
            <ele>205.00289644952863</ele>
            <time>2026-08-16T11:31:37Z</time>
        </trkpt>        <trkpt lat="50.05112475652271" lon="19.95956058340877">
            <ele>205.00903449673206</ele>
            <time>2026-08-16T11:31:38Z</time>
        </trkpt>        <trkpt lat="50.05114755505274" lon="19.95963230219381">
            <ele>205.00815537944436</ele>
            <time>2026-08-16T11:31:39Z</time>
        </trkpt>        <trkpt lat="50.05117133870652" lon="19.959705564828557">
            <ele>204.99996674992144</ele>
            <time>2026-08-16T11:31:40Z</time>
        </trkpt>        <trkpt lat="50.05119580416049" lon="19.959780552571473">
            <ele>204.98421653732657</ele>
            <time>2026-08-16T11:31:41Z</time>
        </trkpt>        <trkpt lat="50.05122046522149" lon="19.959857739939164">
            <ele>204.96086909994483</ele>
            <time>2026-08-16T11:31:42Z</time>
        </trkpt>        <trkpt lat="50.0512441945546" lon="19.95993754040951">
            <ele>204.93023651558906</ele>
            <time>2026-08-16T11:31:43Z</time>
        </trkpt>        <trkpt lat="50.05126617529155" lon="19.96001924079528">
            <ele>204.89305917918682</ele>
            <time>2026-08-16T11:31:44Z</time>
        </trkpt>        <trkpt lat="50.051286395837465" lon="19.96010199018262">
            <ele>204.85042815748602</ele>
            <time>2026-08-16T11:31:45Z</time>
        </trkpt>        <trkpt lat="50.0513055913793" lon="19.96018524516029">
            <ele>204.80362453963608</ele>
            <time>2026-08-16T11:31:46Z</time>
        </trkpt>        <trkpt lat="50.05132500915811" lon="19.960267940408638">
            <ele>204.75397265329957</ele>
            <time>2026-08-16T11:31:47Z</time>
        </trkpt>        <trkpt lat="50.051344915421154" lon="19.96034969957105">
            <ele>204.702673249878</ele>
            <time>2026-08-16T11:31:47Z</time>
        </trkpt>        <trkpt lat="50.051364691660176" lon="19.960430986269238">
            <ele>204.6506872382015</ele>
            <time>2026-08-16T11:31:48Z</time>
        </trkpt>        <trkpt lat="50.05138395880375" lon="19.960511893203833">
            <ele>204.59875300247222</ele>
            <time>2026-08-16T11:31:49Z</time>
        </trkpt>        <trkpt lat="50.051403287967496" lon="19.960591937474224">
            <ele>204.5474870922044</ele>
            <time>2026-08-16T11:31:50Z</time>
        </trkpt>        <trkpt lat="50.05142325911297" lon="19.960671470081188">
            <ele>204.4974260730669</ele>
            <time>2026-08-16T11:31:51Z</time>
        </trkpt>        <trkpt lat="50.05144285102135" lon="19.9607520167132">
            <ele>204.44893029611558</ele>
            <time>2026-08-16T11:31:52Z</time>
        </trkpt>        <trkpt lat="50.051461217584226" lon="19.960834219287364">
            <ele>204.40204192139208</ele>
            <time>2026-08-16T11:31:53Z</time>
        </trkpt>        <trkpt lat="50.051478802546505" lon="19.96091711442264">
            <ele>204.3564273789525</ele>
            <time>2026-08-16T11:31:54Z</time>
        </trkpt>        <trkpt lat="50.05149600071901" lon="19.9609992818012">
            <ele>204.311385656707</ele>
            <time>2026-08-16T11:31:55Z</time>
        </trkpt>        <trkpt lat="50.051513454418156" lon="19.961080180040792">
            <ele>204.265930140391</ele>
            <time>2026-08-16T11:31:56Z</time>
        </trkpt>        <trkpt lat="50.051531233009975" lon="19.961159854452347">
            <ele>204.21901521459222</ele>
            <time>2026-08-16T11:31:57Z</time>
        </trkpt>        <trkpt lat="50.051548368018786" lon="19.961238252556633">
            <ele>204.16981600783765</ele>
            <time>2026-08-16T11:31:58Z</time>
        </trkpt>        <trkpt lat="50.05156439788461" lon="19.961314988557923">
            <ele>204.1179273854941</ele>
            <time>2026-08-16T11:31:59Z</time>
        </trkpt>        <trkpt lat="50.051579471450914" lon="19.96138808550449">
            <ele>204.06351025495678</ele>
            <time>2026-08-16T11:32:00Z</time>
        </trkpt>        <trkpt lat="50.051592934856956" lon="19.96145263916531">
            <ele>204.00743997469544</ele>
            <time>2026-08-16T11:32:01Z</time>
        </trkpt>        <trkpt lat="50.05160424941284" lon="19.96150531676112">
            <ele>203.95145238563418</ele>
            <time>2026-08-16T11:32:02Z</time>
        </trkpt>        <trkpt lat="50.05161450094626" lon="19.96154992053832">
            <ele>203.89827615581453</ele>
            <time>2026-08-16T11:32:03Z</time>
        </trkpt>        <trkpt lat="50.051625505031" lon="19.96159782810016">
            <ele>203.85162336193025</ele>
            <time>2026-08-16T11:32:04Z</time>
        </trkpt>        <trkpt lat="50.051638325652895" lon="19.96165478460897">
            <ele>203.81593418493867</ele>
            <time>2026-08-16T11:32:05Z</time>
        </trkpt>        <trkpt lat="50.051653114042686" lon="19.961716919982518">
            <ele>203.79601822514087</ele>
            <time>2026-08-16T11:32:06Z</time>
        </trkpt>        <trkpt lat="50.05166948703387" lon="19.96178029738686">
            <ele>203.79667946882546</ele>
            <time>2026-08-16T11:32:07Z</time>
        </trkpt>        <trkpt lat="50.05168603480356" lon="19.961840639130283">
            <ele>203.82220563292503</ele>
            <time>2026-08-16T11:32:08Z</time>
        </trkpt>        <trkpt lat="50.05170109995127" lon="19.961889298548744">
            <ele>203.87581753823906</ele>
            <time>2026-08-16T11:32:09Z</time>
        </trkpt>        <trkpt lat="50.051714335058094" lon="19.961922046265432">
            <ele>203.95909847225994</ele>
            <time>2026-08-16T11:32:10Z</time>
        </trkpt>        <trkpt lat="50.05172610818948" lon="19.961942285469675">
            <ele>204.0714075192809</ele>
            <time>2026-08-16T11:32:11Z</time>
        </trkpt>        <trkpt lat="50.051736428874165" lon="19.961959358231844">
            <ele>204.20962233655155</ele>
            <time>2026-08-16T11:32:12Z</time>
        </trkpt>        <trkpt lat="50.051746028278004" lon="19.96198542968944">
            <ele>204.36805288586766</ele>
            <time>2026-08-16T11:32:13Z</time>
        </trkpt>        <trkpt lat="50.05175518893118" lon="19.962024170082593">
            <ele>204.53871909249574</ele>
            <time>2026-08-16T11:32:14Z</time>
        </trkpt>        <trkpt lat="50.05176348972235" lon="19.962072415663005">
            <ele>204.71253817621619</ele>
            <time>2026-08-16T11:32:15Z</time>
        </trkpt>        <trkpt lat="50.05177113329627" lon="19.962125425623523">
            <ele>204.88075792137533</ele>
            <time>2026-08-16T11:32:16Z</time>
        </trkpt>        <trkpt lat="50.05177830870064" lon="19.96218037274502">
            <ele>205.03605030942708</ele>
            <time>2026-08-16T11:32:17Z</time>
        </trkpt>        <trkpt lat="50.051785551083235" lon="19.962236479399923">
            <ele>205.17356283962727</ele>
            <time>2026-08-16T11:32:18Z</time>
        </trkpt>        <trkpt lat="50.05179310503351" lon="19.9622938015635">
            <ele>205.29144353233278</ele>
            <time>2026-08-16T11:32:19Z</time>
        </trkpt>        <trkpt lat="50.05180064043823" lon="19.962351774921792">
            <ele>205.39019138924778</ele>
            <time>2026-08-16T11:32:20Z</time>
        </trkpt>        <trkpt lat="50.05180787257281" lon="19.962409100301123">
            <ele>205.47163657005876</ele>
            <time>2026-08-16T11:32:21Z</time>
        </trkpt>        <trkpt lat="50.051814697711436" lon="19.9624648398007">
            <ele>205.53813302796334</ele>
            <time>2026-08-16T11:32:22Z</time>
        </trkpt>        <trkpt lat="50.05182119285562" lon="19.962518118544228">
            <ele>205.59183920174837</ele>
            <time>2026-08-16T11:32:23Z</time>
        </trkpt>        <trkpt lat="50.051827536366034" lon="19.962568349433667">
            <ele>205.6343018580228</ele>
            <time>2026-08-16T11:32:24Z</time>
        </trkpt>        <trkpt lat="50.05183350983265" lon="19.962615696970328">
            <ele>205.66649052500725</ele>
            <time>2026-08-16T11:32:25Z</time>
        </trkpt>        <trkpt lat="50.05183849998803" lon="19.962660886600315">
            <ele>205.68909464776516</ele>
            <time>2026-08-16T11:32:26Z</time>
        </trkpt>        <trkpt lat="50.05184263577564" lon="19.962704464879046">
            <ele>205.70280169695616</ele>
            <time>2026-08-16T11:32:27Z</time>
        </trkpt>        <trkpt lat="50.05184656934256" lon="19.962746673495637">
            <ele>205.70850484631956</ele>
            <time>2026-08-16T11:32:28Z</time>
        </trkpt>        <trkpt lat="50.051850545703005" lon="19.962787804777">
            <ele>205.70742722600698</ele>
            <time>2026-08-16T11:32:29Z</time>
        </trkpt>        <trkpt lat="50.051854353313864" lon="19.962827508997194">
            <ele>205.70102829672396</ele>
            <time>2026-08-16T11:32:30Z</time>
        </trkpt>        <trkpt lat="50.05185777051318" lon="19.962864601411322">
            <ele>205.69080327171832</ele>
            <time>2026-08-16T11:32:31Z</time>
        </trkpt>        <trkpt lat="50.05186074332798" lon="19.96289705261831">
            <ele>205.67816947959363</ele>
            <time>2026-08-16T11:32:32Z</time>
        </trkpt>        <trkpt lat="50.051863067768245" lon="19.962922498015953">
            <ele>205.6644455557689</ele>
            <time>2026-08-16T11:32:33Z</time>
        </trkpt>        <trkpt lat="50.0518647720214" lon="19.962941779302565">
            <ele>205.6508903922513</ele>
            <time>2026-08-16T11:32:34Z</time>
        </trkpt>        <trkpt lat="50.05186639378977" lon="19.96295997697301">
            <ele>205.63878090586513</ele>
            <time>2026-08-16T11:32:35Z</time>
        </trkpt>        <trkpt lat="50.0518685446652" lon="19.962983815914473">
            <ele>205.62949475180358</ele>
            <time>2026-08-16T11:32:36Z</time>
        </trkpt>        <trkpt lat="50.05187125189367" lon="19.96301613420094">
            <ele>205.62451177369803</ele>
            <time>2026-08-16T11:32:37Z</time>
        </trkpt>        <trkpt lat="50.051874019347196" lon="19.963053397257234">
            <ele>205.62526265345514</ele>
            <time>2026-08-16T11:32:38Z</time>
        </trkpt>        <trkpt lat="50.05187673790664" lon="19.96309290199675">
            <ele>205.63290989678353</ele>
            <time>2026-08-16T11:32:39Z</time>
        </trkpt>        <trkpt lat="50.05188002468893" lon="19.963138119456282">
            <ele>205.64818890858442</ele>
            <time>2026-08-16T11:32:40Z</time>
        </trkpt>        <trkpt lat="50.05188401674929" lon="19.963191346917757">
            <ele>205.6712528700009</ele>
            <time>2026-08-16T11:32:41Z</time>
        </trkpt>        <trkpt lat="50.05188822873071" lon="19.963249873648817">
            <ele>205.701575207524</ele>
            <time>2026-08-16T11:32:42Z</time>
        </trkpt>        <trkpt lat="50.051892489582094" lon="19.963311183100622">
            <ele>205.7380442628637</ele>
            <time>2026-08-16T11:32:43Z</time>
        </trkpt>        <trkpt lat="50.05189663668332" lon="19.963374401811507">
            <ele>205.77911885548383</ele>
            <time>2026-08-16T11:32:44Z</time>
        </trkpt>        <trkpt lat="50.05190044188696" lon="19.963439242636166">
            <ele>205.82301054522395</ele>
            <time>2026-08-16T11:32:45Z</time>
        </trkpt>        <trkpt lat="50.05190360848727" lon="19.96350385777603">
            <ele>205.86794699635357</ele>
            <time>2026-08-16T11:32:46Z</time>
        </trkpt>        <trkpt lat="50.05190615126453" lon="19.963566199374185">
            <ele>205.9124077586457</ele>
            <time>2026-08-16T11:32:47Z</time>
        </trkpt>        <trkpt lat="50.05190857716655" lon="19.96362624602099">
            <ele>205.9552841335535</ele>
            <time>2026-08-16T11:32:48Z</time>
        </trkpt>        <trkpt lat="50.05191106035487" lon="19.96368526559574">
            <ele>205.99598539061844</ele>
            <time>2026-08-16T11:32:49Z</time>
        </trkpt>        <trkpt lat="50.051913356666816" lon="19.963744549908522">
            <ele>206.03441489115357</ele>
            <time>2026-08-16T11:32:50Z</time>
        </trkpt>        <trkpt lat="50.05191550730756" lon="19.963805108856345">
            <ele>206.07079256791621</ele>
            <time>2026-08-16T11:32:51Z</time>
        </trkpt>        <trkpt lat="50.051917638860104" lon="19.963867435263474">
            <ele>206.10543243866414</ele>
            <time>2026-08-16T11:32:52Z</time>
        </trkpt>        <trkpt lat="50.051919595724215" lon="19.96393149448606">
            <ele>206.13851099275053</ele>
            <time>2026-08-16T11:32:53Z</time>
        </trkpt>        <trkpt lat="50.05192137694304" lon="19.963996722623502">
            <ele>206.16984865162522</ele>
            <time>2026-08-16T11:32:54Z</time>
        </trkpt>        <trkpt lat="50.051922975567706" lon="19.964061435437344">
            <ele>206.19882061704993</ele>
            <time>2026-08-16T11:32:55Z</time>
        </trkpt>        <trkpt lat="50.051924310933565" lon="19.964124376156395">
            <ele>206.22444782033563</ele>
            <time>2026-08-16T11:32:56Z</time>
        </trkpt>        <trkpt lat="50.05192530315042" lon="19.964185450199782">
            <ele>206.24559686426073</ele>
            <time>2026-08-16T11:32:57Z</time>
        </trkpt>        <trkpt lat="50.05192572531422" lon="19.96424478908681">
            <ele>206.26126518007368</ele>
            <time>2026-08-16T11:32:58Z</time>
        </trkpt>        <trkpt lat="50.051925524446624" lon="19.96430311005354">
            <ele>206.2709490498528</ele>
            <time>2026-08-16T11:32:59Z</time>
        </trkpt>        <trkpt lat="50.05192496703744" lon="19.96436173888675">
            <ele>206.27484198845923</ele>
            <time>2026-08-16T11:33:00Z</time>
        </trkpt>        <trkpt lat="50.05192403639093" lon="19.964421007446965">
            <ele>206.27368838898838</ele>
            <time>2026-08-16T11:33:01Z</time>
        </trkpt>        <trkpt lat="50.05192278436924" lon="19.964480852734777">
            <ele>206.2685237210244</ele>
            <time>2026-08-16T11:33:02Z</time>
        </trkpt>        <trkpt lat="50.05192152682377" lon="19.964540641096523">
            <ele>206.26043358724564</ele>
            <time>2026-08-16T11:33:03Z</time>
        </trkpt>        <trkpt lat="50.051920287947105" lon="19.96459932812045">
            <ele>206.2503086226061</ele>
            <time>2026-08-16T11:33:04Z</time>
        </trkpt>        <trkpt lat="50.051919028801386" lon="19.964656147911153">
            <ele>206.2386936172843</ele>
            <time>2026-08-16T11:33:06Z</time>
        </trkpt>        <trkpt lat="50.05191796243949" lon="19.964710172697266">
            <ele>206.22595218010247</ele>
            <time>2026-08-16T11:33:07Z</time>
        </trkpt>        <trkpt lat="50.0519171093066" lon="19.964761555864403">
            <ele>206.21243757475168</ele>
            <time>2026-08-16T11:33:08Z</time>
        </trkpt>        <trkpt lat="50.051916160718456" lon="19.96481161343959">
            <ele>206.19867040216923</ele>
            <time>2026-08-16T11:33:09Z</time>
        </trkpt>        <trkpt lat="50.05191516084255" lon="19.964862700635738">
            <ele>206.18537247367203</ele>
            <time>2026-08-16T11:33:10Z</time>
        </trkpt>        <trkpt lat="50.05191410428039" lon="19.964915493752954">
            <ele>206.17345901578665</ele>
            <time>2026-08-16T11:33:11Z</time>
        </trkpt>        <trkpt lat="50.05191279876306" lon="19.96496868178702">
            <ele>206.1638988237828</ele>
            <time>2026-08-16T11:33:12Z</time>
        </trkpt>        <trkpt lat="50.0519112366902" lon="19.965021951039635">
            <ele>206.15750214178115</ele>
            <time>2026-08-16T11:33:13Z</time>
        </trkpt>        <trkpt lat="50.05190924581402" lon="19.96507533426671">
            <ele>206.15474727656692</ele>
            <time>2026-08-16T11:33:14Z</time>
        </trkpt>        <trkpt lat="50.05190666037198" lon="19.965127750247674">
            <ele>206.15563761256635</ele>
            <time>2026-08-16T11:33:15Z</time>
        </trkpt>        <trkpt lat="50.05190386086095" lon="19.965178016458694">
            <ele>206.1596526429057</ele>
            <time>2026-08-16T11:33:16Z</time>
        </trkpt>        <trkpt lat="50.05190143623329" lon="19.96522816430199">
            <ele>206.16594206914306</ele>
            <time>2026-08-16T11:33:17Z</time>
        </trkpt>        <trkpt lat="50.05189891589356" lon="19.965281045836186">
            <ele>206.17363026272506</ele>
            <time>2026-08-16T11:33:18Z</time>
        </trkpt>        <trkpt lat="50.05189539533761" lon="19.965336757151366">
            <ele>206.18198048882186</ele>
            <time>2026-08-16T11:33:19Z</time>
        </trkpt>        <trkpt lat="50.05189129723038" lon="19.965395634074046">
            <ele>206.19038498494774</ele>
            <time>2026-08-16T11:33:20Z</time>
        </trkpt>        <trkpt lat="50.05188686537753" lon="19.965458204152462">
            <ele>206.1982689956203</ele>
            <time>2026-08-16T11:33:21Z</time>
        </trkpt>        <trkpt lat="50.05188279243493" lon="19.965521126449808">
            <ele>206.20495370961726</ele>
            <time>2026-08-16T11:33:22Z</time>
        </trkpt>        <trkpt lat="50.05187986490585" lon="19.9655809051681">
            <ele>206.2095125997439</ele>
            <time>2026-08-16T11:33:23Z</time>
        </trkpt>        <trkpt lat="50.05187762176879" lon="19.96563551807418">
            <ele>206.2107648467645</ele>
            <time>2026-08-16T11:33:24Z</time>
        </trkpt>        <trkpt lat="50.05187582436784" lon="19.965681406661446">
            <ele>206.20750665757805</ele>
            <time>2026-08-16T11:33:25Z</time>
        </trkpt>        <trkpt lat="50.05187425822924" lon="19.965716759220506">
            <ele>206.1988420393318</ele>
            <time>2026-08-16T11:33:26Z</time>
        </trkpt>        <trkpt lat="50.051872678702914" lon="19.965745651480848">
            <ele>206.1844599917531</ele>
            <time>2026-08-16T11:33:27Z</time>
        </trkpt>        <trkpt lat="50.051871041180114" lon="19.9657739719615">
            <ele>206.16491007152945</ele>
            <time>2026-08-16T11:33:28Z</time>
        </trkpt>        <trkpt lat="50.05186904513104" lon="19.965804385010742">
            <ele>206.14173448923975</ele>
            <time>2026-08-16T11:33:29Z</time>
        </trkpt>        <trkpt lat="50.05186647846709" lon="19.965838985320133">
            <ele>206.11725132260472</ele>
            <time>2026-08-16T11:33:30Z</time>
        </trkpt>        <trkpt lat="50.05186349767531" lon="19.965879042940994">
            <ele>206.09420162811875</ele>
            <time>2026-08-16T11:33:31Z</time>
        </trkpt>        <trkpt lat="50.05186044490574" lon="19.96592445223539">
            <ele>206.0754078635946</ele>
            <time>2026-08-16T11:33:32Z</time>
        </trkpt>        <trkpt lat="50.05185736432411" lon="19.96597498837617">
            <ele>206.0633542696014</ele>
            <time>2026-08-16T11:33:33Z</time>
        </trkpt>        <trkpt lat="50.05185386644838" lon="19.96603101503105">
            <ele>206.05984396208078</ele>
            <time>2026-08-16T11:33:34Z</time>
        </trkpt>        <trkpt lat="50.05184999300276" lon="19.966092461584136">
            <ele>206.0658956458792</ele>
            <time>2026-08-16T11:33:35Z</time>
        </trkpt>        <trkpt lat="50.05184593802166" lon="19.966159051373495">
            <ele>206.08171819057316</ele>
            <time>2026-08-16T11:33:36Z</time>
        </trkpt>        <trkpt lat="50.05184182440334" lon="19.966229518019244">
            <ele>206.10673772916198</ele>
            <time>2026-08-16T11:33:37Z</time>
        </trkpt>        <trkpt lat="50.051837738648494" lon="19.96630117843074">
            <ele>206.13970649708062</ele>
            <time>2026-08-16T11:33:38Z</time>
        </trkpt>        <trkpt lat="50.05183379938276" lon="19.966372116058704">
            <ele>206.1788079366088</ele>
            <time>2026-08-16T11:33:39Z</time>
        </trkpt>        <trkpt lat="50.05183005688587" lon="19.96644121205414">
            <ele>206.22180143464357</ele>
            <time>2026-08-16T11:33:40Z</time>
        </trkpt>        <trkpt lat="50.051826226458715" lon="19.966507814900133">
            <ele>206.2661829451099</ele>
            <time>2026-08-16T11:33:41Z</time>
        </trkpt>        <trkpt lat="50.05182219370844" lon="19.96657170761552">
            <ele>206.30936325527728</ele>
            <time>2026-08-16T11:33:42Z</time>
        </trkpt>        <trkpt lat="50.05181805702837" lon="19.966632869638353">
            <ele>206.34894660674036</ele>
            <time>2026-08-16T11:33:43Z</time>
        </trkpt>        <trkpt lat="50.05181394215671" lon="19.966691565657698">
            <ele>206.382997863926</ele>
            <time>2026-08-16T11:33:44Z</time>
        </trkpt>        <trkpt lat="50.051810171221994" lon="19.966749025240897">
            <ele>206.41016673855484</ele>
            <time>2026-08-16T11:33:45Z</time>
        </trkpt>        <trkpt lat="50.05180701369438" lon="19.96680667301546">
            <ele>206.42976685240865</ele>
            <time>2026-08-16T11:33:46Z</time>
        </trkpt>        <trkpt lat="50.05180441435298" lon="19.966865752810975">
            <ele>206.44184243213385</ele>
            <time>2026-08-16T11:33:47Z</time>
        </trkpt>        <trkpt lat="50.05180197060971" lon="19.966927556473287">
            <ele>206.4471853915602</ele>
            <time>2026-08-16T11:33:48Z</time>
        </trkpt>        <trkpt lat="50.051799322527046" lon="19.966992591919713">
            <ele>206.44727338571101</ele>
            <time>2026-08-16T11:33:49Z</time>
        </trkpt>        <trkpt lat="50.05179641238777" lon="19.96706074872098">
            <ele>206.44394122995436</ele>
            <time>2026-08-16T11:33:50Z</time>
        </trkpt>        <trkpt lat="50.05179331643252" lon="19.96713206090582">
            <ele>206.43881524261087</ele>
            <time>2026-08-16T11:33:51Z</time>
        </trkpt>        <trkpt lat="50.05179030780366" lon="19.96720570063871">
            <ele>206.43286744318902</ele>
            <time>2026-08-16T11:33:52Z</time>
        </trkpt>        <trkpt lat="50.05178778673876" lon="19.967279288504653">
            <ele>206.42625117581338</ele>
            <time>2026-08-16T11:33:53Z</time>
        </trkpt>        <trkpt lat="50.05178558038774" lon="19.967350776436486">
            <ele>206.418332840316</ele>
            <time>2026-08-16T11:33:54Z</time>
        </trkpt>        <trkpt lat="50.051782833002136" lon="19.967419529530712">
            <ele>206.40797647740692</ele>
            <time>2026-08-16T11:33:55Z</time>
        </trkpt>        <trkpt lat="50.051779174797474" lon="19.967485946563087">
            <ele>206.39410912245512</ele>
            <time>2026-08-16T11:33:56Z</time>
        </trkpt>        <trkpt lat="50.05177509026127" lon="19.967550262408942">
            <ele>206.37617713864893</ele>
            <time>2026-08-16T11:33:57Z</time>
        </trkpt>        <trkpt lat="50.05177100541589" lon="19.96761224779678">
            <ele>206.35418940987438</ele>
            <time>2026-08-16T11:33:58Z</time>
        </trkpt>        <trkpt lat="50.05176719992817" lon="19.967672138423403">
            <ele>206.32856868673116</ele>
            <time>2026-08-16T11:33:59Z</time>
        </trkpt>        <trkpt lat="50.05176367889548" lon="19.96772944532749">
            <ele>206.29994626995176</ele>
            <time>2026-08-16T11:34:00Z</time>
        </trkpt>        <trkpt lat="50.05176022145751" lon="19.967784451916636">
            <ele>206.26886138133705</ele>
            <time>2026-08-16T11:34:01Z</time>
        </trkpt>        <trkpt lat="50.05175663927929" lon="19.96783866313557">
            <ele>206.23554303962737</ele>
            <time>2026-08-16T11:34:02Z</time>
        </trkpt>        <trkpt lat="50.05175272576867" lon="19.96789243948378">
            <ele>206.1999235972762</ele>
            <time>2026-08-16T11:34:03Z</time>
        </trkpt>        <trkpt lat="50.051749671873104" lon="19.967946589265942">
            <ele>206.1618022248149</ele>
            <time>2026-08-16T11:34:04Z</time>
        </trkpt>        <trkpt lat="50.05174842057425" lon="19.96800142293839">
            <ele>206.1210669837892</ele>
            <time>2026-08-16T11:34:05Z</time>
        </trkpt>        <trkpt lat="50.05174801477115" lon="19.968055031924802">
            <ele>206.07798437867314</ele>
            <time>2026-08-16T11:34:06Z</time>
        </trkpt>        <trkpt lat="50.051747182950656" lon="19.968105823478673">
            <ele>206.03346113488078</ele>
            <time>2026-08-16T11:34:07Z</time>
        </trkpt>        <trkpt lat="50.05174487438196" lon="19.968153934341096">
            <ele>205.98913239128888</ele>
            <time>2026-08-16T11:34:08Z</time>
        </trkpt>        <trkpt lat="50.05174052473482" lon="19.96820063850231">
            <ele>205.94730702973902</ele>
            <time>2026-08-16T11:34:09Z</time>
        </trkpt>        <trkpt lat="50.05173394514885" lon="19.968249622117913">
            <ele>205.91069449670613</ele>
            <time>2026-08-16T11:34:10Z</time>
        </trkpt>        <trkpt lat="50.05172597849036" lon="19.96830385921856">
            <ele>205.8817634638399</ele>
            <time>2026-08-16T11:34:11Z</time>
        </trkpt>        <trkpt lat="50.05171810229358" lon="19.968362193238402">
            <ele>205.8620114326477</ele>
            <time>2026-08-16T11:34:12Z</time>
        </trkpt>        <trkpt lat="50.051710372379404" lon="19.968421806686028">
            <ele>205.8514971267432</ele>
            <time>2026-08-16T11:34:13Z</time>
        </trkpt>        <trkpt lat="50.05170218413182" lon="19.968480666529587">
            <ele>205.84851294849068</ele>
            <time>2026-08-16T11:34:14Z</time>
        </trkpt>        <trkpt lat="50.05169227765798" lon="19.96853701768757">
            <ele>205.84951235633343</ele>
            <time>2026-08-16T11:34:15Z</time>
        </trkpt>        <trkpt lat="50.0516790168707" lon="19.968590482627555">
            <ele>205.84958369378</ele>
            <time>2026-08-16T11:34:16Z</time>
        </trkpt>        <trkpt lat="50.05166261247333" lon="19.96864555238655">
            <ele>205.84315306320786</ele>
            <time>2026-08-16T11:34:17Z</time>
        </trkpt>        <trkpt lat="50.05164574987218" lon="19.968706931162497">
            <ele>205.82470693811774</ele>
            <time>2026-08-16T11:34:18Z</time>
        </trkpt>        <trkpt lat="50.05163110151972" lon="19.96877518892379">
            <ele>205.78971770126373</ele>
            <time>2026-08-16T11:34:19Z</time>
        </trkpt>        <trkpt lat="50.05162007283416" lon="19.968846894291975">
            <ele>205.73560791742057</ele>
            <time>2026-08-16T11:34:20Z</time>
        </trkpt>        <trkpt lat="50.05161479496157" lon="19.968915652751775">
            <ele>205.66258346941322</ele>
            <time>2026-08-16T11:34:21Z</time>
        </trkpt>        <trkpt lat="50.05161513010918" lon="19.96897966949717">
            <ele>205.57438248489052</ele>
            <time>2026-08-16T11:34:22Z</time>
        </trkpt>        <trkpt lat="50.05162007914685" lon="19.969040964077056">
            <ele>205.47838795371354</ele>
            <time>2026-08-16T11:34:23Z</time>
        </trkpt>        <trkpt lat="50.05162971007977" lon="19.969101401036628">
            <ele>205.3849006695673</ele>
            <time>2026-08-16T11:34:24Z</time>
        </trkpt>        <trkpt lat="50.05164179713633" lon="19.969162916848184">
            <ele>205.30584369413555</ele>
            <time>2026-08-16T11:34:25Z</time>
        </trkpt>        <trkpt lat="50.0516529335991" lon="19.969226618307793">
            <ele>205.25258060824126</ele>
            <time>2026-08-16T11:34:26Z</time>
        </trkpt>        <trkpt lat="50.05166063107772" lon="19.96929259488535">
            <ele>205.23326471168548</ele>
            <time>2026-08-16T11:34:27Z</time>
        </trkpt>        <trkpt lat="50.05166404409402" lon="19.969360466330418">
            <ele>205.25123771745712</ele>
            <time>2026-08-16T11:34:28Z</time>
        </trkpt>        <trkpt lat="50.05166346935532" lon="19.96943059712757">
            <ele>205.30475023575127</ele>
            <time>2026-08-16T11:34:29Z</time>
        </trkpt>        <trkpt lat="50.051659733563056" lon="19.9695031161693">
            <ele>205.38742314465344</ele>
            <time>2026-08-16T11:34:30Z</time>
        </trkpt>        <trkpt lat="50.05165354866179" lon="19.96957922695844">
            <ele>205.4898275155574</ele>
            <time>2026-08-16T11:34:31Z</time>
        </trkpt>        <trkpt lat="50.0516456889746" lon="19.96966006153749">
            <ele>205.60170118138194</ele>
            <time>2026-08-16T11:34:31Z</time>
        </trkpt>        <trkpt lat="50.05163715051732" lon="19.96974498017865">
            <ele>205.71361743286252</ele>
            <time>2026-08-16T11:34:32Z</time>
        </trkpt>        <trkpt lat="50.05162875700755" lon="19.96983312147407">
            <ele>205.81801800243556</ele>
            <time>2026-08-16T11:34:33Z</time>
        </trkpt>        <trkpt lat="50.05162114495244" lon="19.969923110687574">
            <ele>205.90976638998836</ele>
            <time>2026-08-16T11:34:34Z</time>
        </trkpt>        <trkpt lat="50.051614411488174" lon="19.97001348709926">
            <ele>205.98601762391627</ele>
            <time>2026-08-16T11:34:35Z</time>
        </trkpt>        <trkpt lat="50.05160837576653" lon="19.970103634931">
            <ele>206.04569737240672</ele>
            <time>2026-08-16T11:34:36Z</time>
        </trkpt>        <trkpt lat="50.05160300083701" lon="19.970193354044458">
            <ele>206.08907215297222</ele>
            <time>2026-08-16T11:34:37Z</time>
        </trkpt>        <trkpt lat="50.05159793140306" lon="19.970282421085663">
            <ele>206.1174789024517</ele>
            <time>2026-08-16T11:34:38Z</time>
        </trkpt>        <trkpt lat="50.05159273300115" lon="19.970370858136988">
            <ele>206.13315851893276</ele>
            <time>2026-08-16T11:34:39Z</time>
        </trkpt>        <trkpt lat="50.051587545946525" lon="19.97045861444954">
            <ele>206.13894649688154</ele>
            <time>2026-08-16T11:34:40Z</time>
        </trkpt>        <trkpt lat="50.05158270777937" lon="19.97054509986002">
            <ele>206.1377804968506</ele>
            <time>2026-08-16T11:34:41Z</time>
        </trkpt>        <trkpt lat="50.051578290838876" lon="19.97062959224682">
            <ele>206.1322394059971</ele>
            <time>2026-08-16T11:34:42Z</time>
        </trkpt>        <trkpt lat="50.05157436539617" lon="19.970711811319156">
            <ele>206.12413076963276</ele>
            <time>2026-08-16T11:34:43Z</time>
        </trkpt>        <trkpt lat="50.05157144573473" lon="19.970791630970478">
            <ele>206.11423805262893</ele>
            <time>2026-08-16T11:34:44Z</time>
        </trkpt>        <trkpt lat="50.05157009334268" lon="19.970868718831376">
            <ele>206.10238926205784</ele>
            <time>2026-08-16T11:34:45Z</time>
        </trkpt>        <trkpt lat="50.051570075726296" lon="19.970943068476892">
            <ele>206.08800697978586</ele>
            <time>2026-08-16T11:34:46Z</time>
        </trkpt>        <trkpt lat="50.05156990279367" lon="19.971016163343233">
            <ele>206.07066004537046</ele>
            <time>2026-08-16T11:34:47Z</time>
        </trkpt>        <trkpt lat="50.051568660566524" lon="19.971090012315667">
            <ele>206.05049765761942</ele>
            <time>2026-08-16T11:34:48Z</time>
        </trkpt>        <trkpt lat="50.05156687008091" lon="19.971165722983837">
            <ele>206.02850576490164</ele>
            <time>2026-08-16T11:34:49Z</time>
        </trkpt>        <trkpt lat="50.05156526355015" lon="19.971243376675925">
            <ele>206.0064354799688</ele>
            <time>2026-08-16T11:34:50Z</time>
        </trkpt>        <trkpt lat="50.05156431554478" lon="19.971322908347414">
            <ele>205.98627998586744</ele>
            <time>2026-08-16T11:34:51Z</time>
        </trkpt>        <trkpt lat="50.05156391232391" lon="19.97140380792483">
            <ele>205.96968745067716</ele>
            <time>2026-08-16T11:34:52Z</time>
        </trkpt>        <trkpt lat="50.05156371638372" lon="19.971485135377378">
            <ele>205.9576100287959</ele>
            <time>2026-08-16T11:34:53Z</time>
        </trkpt>        <trkpt lat="50.05156372445549" lon="19.97156522008475">
            <ele>205.95009309612215</ele>
            <time>2026-08-16T11:34:54Z</time>
        </trkpt>        <trkpt lat="50.05156353365152" lon="19.97164287928747">
            <ele>205.9462902797386</ele>
            <time>2026-08-16T11:34:55Z</time>
        </trkpt>        <trkpt lat="50.05156285122848" lon="19.971718156108505">
            <ele>205.94483047630638</ele>
            <time>2026-08-16T11:34:56Z</time>
        </trkpt>        <trkpt lat="50.05156265449678" lon="19.971791558639147">
            <ele>205.94426573533565</ele>
            <time>2026-08-16T11:34:57Z</time>
        </trkpt>        <trkpt lat="50.05156386608216" lon="19.971864619495335">
            <ele>205.94340519141406</ele>
            <time>2026-08-16T11:34:58Z</time>
        </trkpt>        <trkpt lat="50.05156633643012" lon="19.97193869621421">
            <ele>205.9415877200663</ele>
            <time>2026-08-16T11:34:59Z</time>
        </trkpt>        <trkpt lat="50.05156906275092" lon="19.972014825399075">
            <ele>205.93881401699036</ele>
            <time>2026-08-16T11:35:00Z</time>
        </trkpt>        <trkpt lat="50.05157122556248" lon="19.97209319660547">
            <ele>205.93565214425325</ele>
            <time>2026-08-16T11:35:01Z</time>
        </trkpt>        <trkpt lat="50.051573490884486" lon="19.972173695777062">
            <ele>205.93303051404655</ele>
            <time>2026-08-16T11:35:02Z</time>
        </trkpt>        <trkpt lat="50.05157638068325" lon="19.972256939530645">
            <ele>205.93196064420044</ele>
            <time>2026-08-16T11:35:03Z</time>
        </trkpt>        <trkpt lat="50.05157973133841" lon="19.972343372742387">
            <ele>205.9331562174484</ele>
            <time>2026-08-16T11:35:04Z</time>
        </trkpt>        <trkpt lat="50.05158356343023" lon="19.972432102346623">
            <ele>205.93679177109152</ele>
            <time>2026-08-16T11:35:05Z</time>
        </trkpt>        <trkpt lat="50.05158798686874" lon="19.97252165659521">
            <ele>205.94261839427054</ele>
            <time>2026-08-16T11:35:06Z</time>
        </trkpt>        <trkpt lat="50.0515931577007" lon="19.972610712640027">
            <ele>205.95020170602947</ele>
            <time>2026-08-16T11:35:07Z</time>
        </trkpt>        <trkpt lat="50.05159914132326" lon="19.972698906892514">
            <ele>205.9590532677248</ele>
            <time>2026-08-16T11:35:08Z</time>
        </trkpt>        <trkpt lat="50.05160585486123" lon="19.972786163534618">
            <ele>205.96867412235588</ele>
            <time>2026-08-16T11:35:09Z</time>
        </trkpt>        <trkpt lat="50.05161294823719" lon="19.97287185410706">
            <ele>205.97844787035137</ele>
            <time>2026-08-16T11:35:10Z</time>
        </trkpt>        <trkpt lat="50.051620187028426" lon="19.972955917804516">
            <ele>205.98726757615805</ele>
            <time>2026-08-16T11:35:11Z</time>
        </trkpt>        <trkpt lat="50.05162723438491" lon="19.97303755355638">
            <ele>205.99311868008226</ele>
            <time>2026-08-16T11:35:12Z</time>
        </trkpt>        <trkpt lat="50.05163415413424" lon="19.973116425085816">
            <ele>205.99331250041723</ele>
            <time>2026-08-16T11:35:13Z</time>
        </trkpt>        <trkpt lat="50.0516413451579" lon="19.973192297696333">
            <ele>205.985277232714</ele>
            <time>2026-08-16T11:35:14Z</time>
        </trkpt>        <trkpt lat="50.05164925195968" lon="19.97326483242217">
            <ele>205.96744945459068</ele>
            <time>2026-08-16T11:35:15Z</time>
        </trkpt>        <trkpt lat="50.05165836933258" lon="19.973334361298303">
            <ele>205.93968226201832</ele>
            <time>2026-08-16T11:35:16Z</time>
        </trkpt>        <trkpt lat="50.05166774870117" lon="19.97340074828266">
            <ele>205.90334498509765</ele>
            <time>2026-08-16T11:35:17Z</time>
        </trkpt>        <trkpt lat="50.0516753210592" lon="19.973462799699313">
            <ele>205.86102035548538</ele>
            <time>2026-08-16T11:35:18Z</time>
        </trkpt>        <trkpt lat="50.05168055847272" lon="19.973520677741956">
            <ele>205.81554768886417</ele>
            <time>2026-08-16T11:35:19Z</time>
        </trkpt>        <trkpt lat="50.05168503598234" lon="19.97357641274419">
            <ele>205.76909899991006</ele>
            <time>2026-08-16T11:35:20Z</time>
        </trkpt>        <trkpt lat="50.0516903024534" lon="19.97363165712486">
            <ele>205.7229816969484</ele>
            <time>2026-08-16T11:35:21Z</time>
        </trkpt>        <trkpt lat="50.05169645209506" lon="19.973685148900753">
            <ele>205.6779301147908</ele>
            <time>2026-08-16T11:35:22Z</time>
        </trkpt>        <trkpt lat="50.05170294246055" lon="19.973735888622333">
            <ele>205.6344549478963</ele>
            <time>2026-08-16T11:35:23Z</time>
        </trkpt>        <trkpt lat="50.05170984245072" lon="19.973787473133576">
            <ele>205.59312168415636</ele>
            <time>2026-08-16T11:35:24Z</time>
        </trkpt>        <trkpt lat="50.05171733586387" lon="19.97384365174907">
            <ele>205.55471297819167</ele>
            <time>2026-08-16T11:35:25Z</time>
        </trkpt>        <trkpt lat="50.051725316981624" lon="19.97390471768332">
            <ele>205.52018056996167</ele>
            <time>2026-08-16T11:35:26Z</time>
        </trkpt>        <trkpt lat="50.051733600211" lon="19.973968792199358">
            <ele>205.49038666393608</ele>
            <time>2026-08-16T11:35:27Z</time>
        </trkpt>        <trkpt lat="50.05174213986394" lon="19.974034595234713">
            <ele>205.46580759901553</ele>
            <time>2026-08-16T11:35:28Z</time>
        </trkpt>        <trkpt lat="50.05175128424434" lon="19.9741018057551">
            <ele>205.44630399532616</ele>
            <time>2026-08-16T11:35:29Z</time>
        </trkpt>        <trkpt lat="50.05176101393231" lon="19.974170059614007">
            <ele>205.4309802064672</ele>
            <time>2026-08-16T11:35:30Z</time>
        </trkpt>        <trkpt lat="50.051770671839506" lon="19.974238997517972">
            <ele>205.41835641022772</ele>
            <time>2026-08-16T11:35:31Z</time>
        </trkpt>        <trkpt lat="50.051780275561995" lon="19.97430847751614">
            <ele>205.40690773259848</ele>
            <time>2026-08-16T11:35:32Z</time>
        </trkpt>        <trkpt lat="50.051790623248976" lon="19.97437835874001">
            <ele>205.39558000583202</ele>
            <time>2026-08-16T11:35:33Z</time>
        </trkpt>        <trkpt lat="50.05180159283944" lon="19.97444871824601">
            <ele>205.38403496984392</ele>
            <time>2026-08-16T11:35:34Z</time>
        </trkpt>        <trkpt lat="50.05181255313599" lon="19.974520699630858">
            <ele>205.37270968779922</ele>
            <time>2026-08-16T11:35:35Z</time>
        </trkpt>        <trkpt lat="50.051823640685036" lon="19.97459433653886">
            <ele>205.3626221967861</ele>
            <time>2026-08-16T11:35:36Z</time>
        </trkpt>        <trkpt lat="50.05183526623661" lon="19.97466866730125">
            <ele>205.35484660137445</ele>
            <time>2026-08-16T11:35:37Z</time>
        </trkpt>        <trkpt lat="50.05184755449558" lon="19.974742233733124">
            <ele>205.35000257659703</ele>
            <time>2026-08-16T11:35:38Z</time>
        </trkpt>        <trkpt lat="50.05186053525107" lon="19.974815601139785">
            <ele>205.34806444775313</ele>
            <time>2026-08-16T11:35:39Z</time>
        </trkpt>        <trkpt lat="50.05187406049873" lon="19.97489135591959">
            <ele>205.34835309069604</ele>
            <time>2026-08-16T11:35:40Z</time>
        </trkpt>        <trkpt lat="50.051887895378236" lon="19.974969265113852">
            <ele>205.349611049518</ele>
            <time>2026-08-16T11:35:41Z</time>
        </trkpt>        <trkpt lat="50.05190231748091" lon="19.975048053967978">
            <ele>205.35020259022713</ele>
            <time>2026-08-16T11:35:42Z</time>
        </trkpt>        <trkpt lat="50.05191718412041" lon="19.975125515346207">
            <ele>205.34832530282438</ele>
            <time>2026-08-16T11:35:43Z</time>
        </trkpt>        <trkpt lat="50.051932076697476" lon="19.97520014123117">
            <ele>205.34214788489044</ele>
            <time>2026-08-16T11:35:44Z</time>
        </trkpt>        <trkpt lat="50.05194693780752" lon="19.975273104684362">
            <ele>205.329944181256</ele>
            <time>2026-08-16T11:35:45Z</time>
        </trkpt>        <trkpt lat="50.051961783632805" lon="19.97534521839737">
            <ele>205.31031305808574</ele>
            <time>2026-08-16T11:35:46Z</time>
        </trkpt>        <trkpt lat="50.0519767569056" lon="19.975415064748546">
            <ele>205.28255064971745</ele>
            <time>2026-08-16T11:35:47Z</time>
        </trkpt>        <trkpt lat="50.051991828631984" lon="19.9754813125037">
            <ele>205.24701566901058</ele>
            <time>2026-08-16T11:35:48Z</time>
        </trkpt>        <trkpt lat="50.05200700028687" lon="19.975545768740005">
            <ele>205.20515421871096</ele>
            <time>2026-08-16T11:35:49Z</time>
        </trkpt>        <trkpt lat="50.052021664815115" lon="19.97560905895867">
            <ele>205.15924597159028</ele>
            <time>2026-08-16T11:35:50Z</time>
        </trkpt>        <trkpt lat="50.05203578754367" lon="19.975671008491982">
            <ele>205.11208563297987</ele>
            <time>2026-08-16T11:35:51Z</time>
        </trkpt>        <trkpt lat="50.05205002698921" lon="19.975732898509477">
            <ele>205.06657409947366</ele>
            <time>2026-08-16T11:35:52Z</time>
        </trkpt>        <trkpt lat="50.052064623207954" lon="19.97579521083852">
            <ele>205.02532701846212</ele>
            <time>2026-08-16T11:35:53Z</time>
        </trkpt>        <trkpt lat="50.052080043034984" lon="19.97585703527493">
            <ele>204.99050368741155</ele>
            <time>2026-08-16T11:35:54Z</time>
        </trkpt>        <trkpt lat="50.052096007930885" lon="19.975919432040868">
            <ele>204.9637893633917</ele>
            <time>2026-08-16T11:35:55Z</time>
        </trkpt>        <trkpt lat="50.05211187929437" lon="19.975985011572075">
            <ele>204.94635452050716</ele>
            <time>2026-08-16T11:35:56Z</time>
        </trkpt>        <trkpt lat="50.05212778993632" lon="19.976053328423625">
            <ele>204.93872083630413</ele>
            <time>2026-08-16T11:35:57Z</time>
        </trkpt>        <trkpt lat="50.05214442213816" lon="19.976123805721677">
            <ele>204.9405278712511</ele>
            <time>2026-08-16T11:35:58Z</time>
        </trkpt>        <trkpt lat="50.05216217746351" lon="19.976195354201206">
            <ele>204.95033610705286</ele>
            <time>2026-08-16T11:35:59Z</time>
        </trkpt>        <trkpt lat="50.05218069164701" lon="19.97626478149806">
            <ele>204.96550921164453</ele>
            <time>2026-08-16T11:36:00Z</time>
        </trkpt>        <trkpt lat="50.05219950878456" lon="19.976332779547167">
            <ele>204.98220280371606</ele>
            <time>2026-08-16T11:36:01Z</time>
        </trkpt>        <trkpt lat="50.05221682418309" lon="19.976400003846805">
            <ele>204.99565792549402</ele>
            <time>2026-08-16T11:36:02Z</time>
        </trkpt>        <trkpt lat="50.05222950225765" lon="19.976462540877158">
            <ele>205.00070954486728</ele>
            <time>2026-08-16T11:36:03Z</time>
        </trkpt>        <trkpt lat="50.05223544637042" lon="19.976517801863853">
            <ele>204.99231298081577</ele>
            <time>2026-08-16T11:36:04Z</time>
        </trkpt>        <trkpt lat="50.05223390555798" lon="19.97656695106443">
            <ele>204.9661702113226</ele>
            <time>2026-08-16T11:36:05Z</time>
        </trkpt>        <trkpt lat="50.05222575482347" lon="19.97661322998209">
            <ele>204.9193410994485</ele>
            <time>2026-08-16T11:36:06Z</time>
        </trkpt>        <trkpt lat="50.05221319398576" lon="19.976658833498462">
            <ele>204.850556246005</ele>
            <time>2026-08-16T11:36:07Z</time>
        </trkpt>        <trkpt lat="50.052197872052645" lon="19.976702268035726">
            <ele>204.760441692546</ele>
            <time>2026-08-16T11:36:08Z</time>
        </trkpt>        <trkpt lat="50.05218102591262" lon="19.9767397033667">
            <ele>204.6516402726993</ele>
            <time>2026-08-16T11:36:09Z</time>
        </trkpt>        <trkpt lat="50.052164254247465" lon="19.976771179447056">
            <ele>204.5286005642265</ele>
            <time>2026-08-16T11:36:10Z</time>
        </trkpt>        <trkpt lat="50.052148985496835" lon="19.976801792652175">
            <ele>204.39725087117404</ele>
            <time>2026-08-16T11:36:11Z</time>
        </trkpt>        <trkpt lat="50.05213677662423" lon="19.976836494139178">
            <ele>204.2644885778427</ele>
            <time>2026-08-16T11:36:12Z</time>
        </trkpt>        <trkpt lat="50.05212885390354" lon="19.976878623554995">
            <ele>204.13739809393883</ele>
            <time>2026-08-16T11:36:13Z</time>
        </trkpt>        <trkpt lat="50.05212521656382" lon="19.976929430672538">
            <ele>204.02251532301307</ele>
            <time>2026-08-16T11:36:14Z</time>
        </trkpt>        <trkpt lat="50.0521249868316" lon="19.976987890066557">
            <ele>203.92520830780268</ele>
            <time>2026-08-16T11:36:15Z</time>
        </trkpt>        <trkpt lat="50.05212713863253" lon="19.977051548783685">
            <ele>203.84909862745553</ele>
            <time>2026-08-16T11:36:16Z</time>
        </trkpt>        <trkpt lat="50.052130131325065" lon="19.97711780457845">
            <ele>203.79577072057873</ele>
            <time>2026-08-16T11:36:17Z</time>
        </trkpt>        <trkpt lat="50.052133011618565" lon="19.977186064958822">
            <ele>203.76466258522123</ele>
            <time>2026-08-16T11:36:18Z</time>
        </trkpt>        <trkpt lat="50.052136069267284" lon="19.977256306765767">
            <ele>203.75310093350708</ele>
            <time>2026-08-16T11:36:19Z</time>
        </trkpt>        <trkpt lat="50.05213807492718" lon="19.977327258094338">
            <ele>203.75682787783444</ele>
            <time>2026-08-16T11:36:20Z</time>
        </trkpt>        <trkpt lat="50.05213683684697" lon="19.97739741333802">
            <ele>203.7707023890689</ele>
            <time>2026-08-16T11:36:21Z</time>
        </trkpt>        <trkpt lat="50.05213208685216" lon="19.97746768537796">
            <ele>203.78935728408396</ele>
            <time>2026-08-16T11:36:22Z</time>
        </trkpt>        <trkpt lat="50.052125803128654" lon="19.97754076541999">
            <ele>203.80798683222383</ele>
            <time>2026-08-16T11:36:23Z</time>
        </trkpt>        <trkpt lat="50.052120230745174" lon="19.97761766721647">
            <ele>203.82295886520296</ele>
            <time>2026-08-16T11:36:24Z</time>
        </trkpt>        <trkpt lat="50.05211680998916" lon="19.977697544097907">
            <ele>203.83195878751576</ele>
            <time>2026-08-16T11:36:25Z</time>
        </trkpt>        <trkpt lat="50.052116342466775" lon="19.977779548805326">
            <ele>203.83392866142094</ele>
            <time>2026-08-16T11:36:26Z</time>
        </trkpt>        <trkpt lat="50.05211858495388" lon="19.977863086638358">
            <ele>203.8290164656937</ele>
            <time>2026-08-16T11:36:27Z</time>
        </trkpt>        <trkpt lat="50.052122278382626" lon="19.97794634293278">
            <ele>203.81854453030974</ele>
            <time>2026-08-16T11:36:28Z</time>
        </trkpt>        <trkpt lat="50.052126408107604" lon="19.978027440762546">
            <ele>203.80492727365345</ele>
            <time>2026-08-16T11:36:29Z</time>
        </trkpt>        <trkpt lat="50.05213092802961" lon="19.978105614733288">
            <ele>203.79132228251547</ele>
            <time>2026-08-16T11:36:30Z</time>
        </trkpt>        <trkpt lat="50.05213577029661" lon="19.978180016500552">
            <ele>203.78107828553766</ele>
            <time>2026-08-16T11:36:31Z</time>
        </trkpt>        <trkpt lat="50.05214014000385" lon="19.97824928455323">
            <ele>203.7772616352886</ele>
            <time>2026-08-16T11:36:32Z</time>
        </trkpt>        <trkpt lat="50.052143290266" lon="19.978313222846232">
            <ele>203.78229945432395</ele>
            <time>2026-08-16T11:36:33Z</time>
        </trkpt>        <trkpt lat="50.05214492003479" lon="19.97837101936552">
            <ele>203.79765645228326</ele>
            <time>2026-08-16T11:36:34Z</time>
        </trkpt>        <trkpt lat="50.05214520738971" lon="19.978419206043156">
            <ele>203.82358144316822</ele>
            <time>2026-08-16T11:36:35Z</time>
        </trkpt>        <trkpt lat="50.052144804988856" lon="19.97845720081389">
            <ele>203.85885218717158</ele>
            <time>2026-08-16T11:36:36Z</time>
        </trkpt>        <trkpt lat="50.05214452404329" lon="19.978490454770437">
            <ele>203.90080320183188</ele>
            <time>2026-08-16T11:36:37Z</time>
        </trkpt>        <trkpt lat="50.05214513301188" lon="19.97852304728162">
            <ele>203.94604440312833</ele>
            <time>2026-08-16T11:36:38Z</time>
        </trkpt>        <trkpt lat="50.052146945694716" lon="19.978553402313487">
            <ele>203.99137992411852</ele>
            <time>2026-08-16T11:36:39Z</time>
        </trkpt>        <trkpt lat="50.05215095523615" lon="19.978578747882636">
            <ele>204.03442704677582</ele>
            <time>2026-08-16T11:36:40Z</time>
        </trkpt>        <trkpt lat="50.052158617224684" lon="19.97859611771486">
            <ele>204.0740633495152</ele>
            <time>2026-08-16T11:36:41Z</time>
        </trkpt>        <trkpt lat="50.052170618456834" lon="19.978602377042574">
            <ele>204.11044927034527</ele>
            <time>2026-08-16T11:36:42Z</time>
        </trkpt>        <trkpt lat="50.05218647259787" lon="19.97859511396627">
            <ele>204.14420017506927</ele>
            <time>2026-08-16T11:36:43Z</time>
        </trkpt>        <trkpt lat="50.05220447135234" lon="19.97857483506977">
            <ele>204.17526547890157</ele>
            <time>2026-08-16T11:36:44Z</time>
        </trkpt>        <trkpt lat="50.05222109147904" lon="19.97854585566398">
            <ele>204.2023256244138</ele>
            <time>2026-08-16T11:36:45Z</time>
        </trkpt>        <trkpt lat="50.05223211805419" lon="19.978512660483922">
            <ele>204.22276128269732</ele>
            <time>2026-08-16T11:36:46Z</time>
        </trkpt>        <trkpt lat="50.05223542819497" lon="19.978479640565926">
            <ele>204.23302310332656</ele>
            <time>2026-08-16T11:36:47Z</time>
        </trkpt>        <trkpt lat="50.05223262268286" lon="19.9784529023087">
            <ele>204.22948261909187</ele>
            <time>2026-08-16T11:36:48Z</time>
        </trkpt>        <trkpt lat="50.052227322188145" lon="19.97843783145669">
            <ele>204.20958284754306</ele>
            <time>2026-08-16T11:36:49Z</time>
        </trkpt>        <trkpt lat="50.052222882970675" lon="19.978433121729644">
            <ele>204.17264461051673</ele>
            <time>2026-08-16T11:36:50Z</time>
        </trkpt>        <trkpt lat="50.052220166004" lon="19.978433377261293">
            <ele>204.12017516978085</ele>
            <time>2026-08-16T11:36:51Z</time>
        </trkpt>        <trkpt lat="50.0522183334912" lon="19.97843556315991">
            <ele>204.05583932902664</ele>
            <time>2026-08-16T11:36:52Z</time>
        </trkpt>        <trkpt lat="50.052217101340084" lon="19.97843842829197">
            <ele>203.9848281973973</ele>
            <time>2026-08-16T11:36:53Z</time>
        </trkpt>        <trkpt lat="50.05221636176348" lon="19.978441328991785">
            <ele>203.91282504796982</ele>
            <time>2026-08-16T11:36:54Z</time>
        </trkpt>        <trkpt lat="50.05221623419226" lon="19.97844393938622">
            <ele>203.84511363133788</ele>
            <time>2026-08-16T11:36:55Z</time>
        </trkpt>        <trkpt lat="50.05221637381898" lon="19.978446264753085">
            <ele>203.78585748374462</ele>
            <time>2026-08-16T11:36:56Z</time>
        </trkpt>        <trkpt lat="50.05221650635359" lon="19.9784482961973">
            <ele>203.73759629949927</ele>
            <time>2026-08-16T11:36:57Z</time>
        </trkpt>        <trkpt lat="50.05221669113252" lon="19.978449877677306">
            <ele>203.70125718601048</ele>
            <time>2026-08-16T11:36:58Z</time>
        </trkpt>        <trkpt lat="50.05221689346795" lon="19.978451105012876">
            <ele>203.67650312930346</ele>
            <time>2026-08-16T11:36:59Z</time>
        </trkpt>        <trkpt lat="50.052216817322254" lon="19.97845207516709">
            <ele>203.66218699794263</ele>
            <time>2026-08-16T11:37:00Z</time>
        </trkpt>        <trkpt lat="50.05221611299681" lon="19.978452810830092">
            <ele>203.6569955125451</ele>
            <time>2026-08-16T11:37:01Z</time>
        </trkpt>        <trkpt lat="50.05221507846431" lon="19.978453194122952">
            <ele>203.65999256819487</ele>
            <time>2026-08-16T11:37:02Z</time>
        </trkpt>        <trkpt lat="50.05221443687064" lon="19.978453099421678">
            <ele>203.6706946687773</ele>
            <time>2026-08-16T11:37:03Z</time>
        </trkpt>        <trkpt lat="50.05221422991866" lon="19.978452562163874">
            <ele>203.6887154476717</ele>
            <time>2026-08-16T11:37:04Z</time>
        </trkpt>        <trkpt lat="50.052214182816584" lon="19.97845174707556">
            <ele>203.71335118450224</ele>
            <time>2026-08-16T11:37:05Z</time>
        </trkpt>        <trkpt lat="50.052214101093284" lon="19.97845098592866">
            <ele>203.74337690975517</ele>
            <time>2026-08-16T11:37:06Z</time>
        </trkpt>        <trkpt lat="50.052213710017426" lon="19.978450889358925">
            <ele>203.77697635255754</ele>
            <time>2026-08-16T11:37:07Z</time>
        </trkpt>        <trkpt lat="50.05221237556518" lon="19.978452802037957">
            <ele>203.81190384924412</ele>
            <time>2026-08-16T11:37:08Z</time>
        </trkpt>        <trkpt lat="50.05220910940674" lon="19.97845899896573">
            <ele>203.8459752323106</ele>
            <time>2026-08-16T11:37:09Z</time>
        </trkpt>        <trkpt lat="50.0522034118694" lon="19.978468371872143">
            <ele>203.87750129867345</ele>
            <time>2026-08-16T11:37:10Z</time>
        </trkpt>        <trkpt lat="50.05219618951152" lon="19.978476835314847">
            <ele>203.90535805281252</ele>
            <time>2026-08-16T11:37:11Z</time>
        </trkpt>        <trkpt lat="50.052190997817064" lon="19.97848110192403">
            <ele>203.92888147290796</ele>
            <time>2026-08-16T11:37:12Z</time>
        </trkpt>        <trkpt lat="50.052189279734776" lon="19.978481033462668">
            <ele>203.94777230918407</ele>
            <time>2026-08-16T11:37:13Z</time>
        </trkpt>        <trkpt lat="50.05218916717898" lon="19.978478910361833">
            <ele>203.96202560514212</ele>
            <time>2026-08-16T11:37:14Z</time>
        </trkpt>        <trkpt lat="50.052189831363336" lon="19.97847583180166">
            <ele>203.97189525142312</ele>
            <time>2026-08-16T11:37:15Z</time>
        </trkpt>        <trkpt lat="50.05219089509505" lon="19.97847249008872">
            <ele>203.97786477208138</ele>
            <time>2026-08-16T11:37:16Z</time>
        </trkpt>        <trkpt lat="50.05219206660459" lon="19.97846915380275">
            <ele>203.98061021510512</ele>
            <time>2026-08-16T11:37:18Z</time>
        </trkpt>        <trkpt lat="50.052193270838885" lon="19.978465676790126">
            <ele>203.98095215298235</ele>
            <time>2026-08-16T11:37:19Z</time>
        </trkpt>        <trkpt lat="50.05219439112127" lon="19.978462088181566">
            <ele>203.979789766483</ele>
            <time>2026-08-16T11:37:20Z</time>
        </trkpt>        <trkpt lat="50.05219527056223" lon="19.978458639399573">
            <ele>203.97794286720455</ele>
            <time>2026-08-16T11:37:21Z</time>
        </trkpt>        <trkpt lat="50.052195945526464" lon="19.978455386310042">
            <ele>203.97602491546422</ele>
            <time>2026-08-16T11:37:22Z</time>
        </trkpt>        <trkpt lat="50.052196735624584" lon="19.978452193428243">
            <ele>203.97434289567173</ele>
            <time>2026-08-16T11:37:23Z</time>
        </trkpt>        <trkpt lat="50.052197694280615" lon="19.97844902650562">
            <ele>203.97287414874882</ele>
            <time>2026-08-16T11:37:24Z</time>
        </trkpt>        <trkpt lat="50.052198602507424" lon="19.97844601772329">
            <ele>203.97138558328152</ele>
            <time>2026-08-16T11:37:25Z</time>
        </trkpt>        <trkpt lat="50.0521994390863" lon="19.978443308224538">
            <ele>203.96959497220814</ele>
            <time>2026-08-16T11:37:26Z</time>
        </trkpt>        <trkpt lat="50.05220022025035" lon="19.9784409392619">
            <ele>203.96727336756885</ele>
            <time>2026-08-16T11:37:27Z</time>
        </trkpt>        <trkpt lat="50.05220094080171" lon="19.9784387372096">
            <ele>203.96430586278439</ele>
            <time>2026-08-16T11:37:28Z</time>
        </trkpt>        <trkpt lat="50.05220164119234" lon="19.978436432807406">
            <ele>203.96070724353194</ele>
            <time>2026-08-16T11:37:29Z</time>
        </trkpt>        <trkpt lat="50.052202261344824" lon="19.978434183266128">
            <ele>203.95656182151288</ele>
            <time>2026-08-16T11:37:30Z</time>
        </trkpt>        <trkpt lat="50.05220277457659" lon="19.978431932809187">
            <ele>203.95194655284286</ele>
            <time>2026-08-16T11:37:31Z</time>
        </trkpt>        <trkpt lat="50.052203236856336" lon="19.978429585905545">
            <ele>203.9469155278057</ele>
            <time>2026-08-16T11:37:32Z</time>
        </trkpt>        <trkpt lat="50.052203531272696" lon="19.97842762159783">
            <ele>203.94154824130237</ele>
            <time>2026-08-16T11:37:33Z</time>
        </trkpt>        <trkpt lat="50.05220337007799" lon="19.97842674783969">
            <ele>203.9360039718449</ele>
            <time>2026-08-16T11:37:34Z</time>
        </trkpt>        <trkpt lat="50.052202369418545" lon="19.978428345124904">
            <ele>203.93053670879453</ele>
            <time>2026-08-16T11:37:35Z</time>
        </trkpt>        <trkpt lat="50.05220138479103" lon="19.978431313517458">
            <ele>203.92548686545342</ele>
            <time>2026-08-16T11:37:36Z</time>
        </trkpt>        <trkpt lat="50.05220128908817" lon="19.978433315752675">
            <ele>203.9212615629658</ele>
            <time>2026-08-16T11:37:37Z</time>
        </trkpt>        <trkpt lat="50.05220178346788" lon="19.97843504027839">
            <ele>203.9182940190658</ele>
            <time>2026-08-16T11:37:38Z</time>
        </trkpt>        <trkpt lat="50.05220243294119" lon="19.978436868577642">
            <ele>203.9170013871044</ele>
            <time>2026-08-16T11:37:39Z</time>
        </trkpt>        <trkpt lat="50.05220293733818" lon="19.978438146120492">
            <ele>203.91776272375137</ele>
            <time>2026-08-16T11:37:40Z</time>
        </trkpt>        <trkpt lat="50.05220329852632" lon="19.978438872090553">
            <ele>203.92089369148016</ele>
            <time>2026-08-16T11:37:41Z</time>
        </trkpt>        <trkpt lat="50.052203478009964" lon="19.97843880476599">
            <ele>203.92659279890358</ele>
            <time>2026-08-16T11:37:42Z</time>
        </trkpt>        <trkpt lat="50.05220351714546" lon="19.978438153072663">
            <ele>203.9348487779498</ele>
            <time>2026-08-16T11:37:43Z</time>
        </trkpt>        <trkpt lat="50.05220351371939" lon="19.978437467263507">
            <ele>203.9453534828499</ele>
            <time>2026-08-16T11:37:44Z</time>
        </trkpt>        <trkpt lat="50.052203510869404" lon="19.978436968802825">
            <ele>203.95750948041677</ele>
            <time>2026-08-16T11:37:45Z</time>
        </trkpt>        <trkpt lat="50.05220359260831" lon="19.9784369586713">
            <ele>203.9705109624192</ele>
            <time>2026-08-16T11:37:46Z</time>
        </trkpt>        <trkpt lat="50.052203755177686" lon="19.97843744228477">
            <ele>203.98345708940178</ele>
            <time>2026-08-16T11:37:47Z</time>
        </trkpt>        <trkpt lat="50.05220396467373" lon="19.97843847883531">
            <ele>203.995525021106</ele>
            <time>2026-08-16T11:37:48Z</time>
        </trkpt>        <trkpt lat="50.05220401759072" lon="19.978439705166128">
            <ele>204.0061350846663</ele>
            <time>2026-08-16T11:37:49Z</time>
        </trkpt>        <trkpt lat="50.05220355797372" lon="19.97844122327804">
            <ele>204.0149970650673</ele>
            <time>2026-08-16T11:37:50Z</time>
        </trkpt>        <trkpt lat="50.05220295629752" lon="19.978442755363222">
            <ele>204.02206515334547</ele>
            <time>2026-08-16T11:37:51Z</time>
        </trkpt>        <trkpt lat="50.05220258849024" lon="19.97844367473356">
            <ele>204.0274381376803</ele>
            <time>2026-08-16T11:37:52Z</time>
        </trkpt>        <trkpt lat="50.05220237261052" lon="19.978444379106325">
            <ele>204.03117442317307</ele>
            <time>2026-08-16T11:37:53Z</time>
        </trkpt>        <trkpt lat="50.052202248211515" lon="19.97844504347448">
            <ele>204.03311833553016</ele>
            <time>2026-08-16T11:37:54Z</time>
        </trkpt>        <trkpt lat="50.05220209398867" lon="19.97844594316426">
            <ele>204.03289380017668</ele>
            <time>2026-08-16T11:37:55Z</time>
        </trkpt>        <trkpt lat="50.0522020035748" lon="19.978446835472095">
            <ele>204.03008092939854</ele>
            <time>2026-08-16T11:37:56Z</time>
        </trkpt>        <trkpt lat="50.05220208202302" lon="19.978447438294786">
            <ele>204.02442312054336</ele>
            <time>2026-08-16T11:37:57Z</time>
        </trkpt>        <trkpt lat="50.05220224211825" lon="19.978447925954875">
            <ele>204.0159520599991</ele>
            <time>2026-08-16T11:37:58Z</time>
        </trkpt>        <trkpt lat="50.052202355629944" lon="19.97844856522314">
            <ele>204.00506565533578</ele>
            <time>2026-08-16T11:37:59Z</time>
        </trkpt>        <trkpt lat="50.052202444098526" lon="19.978449236693365">
            <ele>203.99251248780638</ele>
            <time>2026-08-16T11:38:00Z</time>
        </trkpt>        <trkpt lat="50.05220252816178" lon="19.97844981062133">
            <ele>203.97923665493727</ele>
            <time>2026-08-16T11:38:01Z</time>
        </trkpt>        <trkpt lat="50.05220252543802" lon="19.978450413473915">
            <ele>203.96618632227182</ele>
            <time>2026-08-16T11:38:02Z</time>
        </trkpt>        <trkpt lat="50.05220245181059" lon="19.978450924221104">
            <ele>203.954137112014</ele>
            <time>2026-08-16T11:38:03Z</time>
        </trkpt>        <trkpt lat="50.05220233572793" lon="19.978451190375647">
            <ele>203.94352772459388</ele>
            <time>2026-08-16T11:38:04Z</time>
        </trkpt>        <trkpt lat="50.052202191354155" lon="19.978451108652116">
            <ele>203.93442311882973</ele>
            <time>2026-08-16T11:38:05Z</time>
        </trkpt>        <trkpt lat="50.05220206991122" lon="19.978450512274115">
            <ele>203.92667227145284</ele>
            <time>2026-08-16T11:38:06Z</time>
        </trkpt>        <trkpt lat="50.05220195900312" lon="19.978449390421698">
            <ele>203.9201077800244</ele>
            <time>2026-08-16T11:38:07Z</time>
        </trkpt>        <trkpt lat="50.05220178643971" lon="19.97844782454238">
            <ele>203.9146667458117</ele>
            <time>2026-08-16T11:38:08Z</time>
        </trkpt>        <trkpt lat="50.05220147889851" lon="19.978445801219074">
            <ele>203.9104512827471</ele>
            <time>2026-08-16T11:38:09Z</time>
        </trkpt>        <trkpt lat="50.05220095971736" lon="19.97844326341416">
            <ele>203.90771943703294</ele>
            <time>2026-08-16T11:38:10Z</time>
        </trkpt>        <trkpt lat="50.05220019617478" lon="19.978440058953304">
            <ele>203.90677910484374</ele>
            <time>2026-08-16T11:38:11Z</time>
        </trkpt>        <trkpt lat="50.05219914894634" lon="19.978435945755802">
            <ele>203.90785459522158</ele>
            <time>2026-08-16T11:38:12Z</time>
        </trkpt>        <trkpt lat="50.0521977038642" lon="19.978430651790767">
            <ele>203.91101859882474</ele>
            <time>2026-08-16T11:38:13Z</time>
        </trkpt>        <trkpt lat="50.0521955797799" lon="19.97842383429425">
            <ele>203.91616985201836</ele>
            <time>2026-08-16T11:38:14Z</time>
        </trkpt>        <trkpt lat="50.05219254040191" lon="19.978414488449843">
            <ele>203.92301530390978</ele>
            <time>2026-08-16T11:38:14Z</time>
        </trkpt>        <trkpt lat="50.05218858599401" lon="19.978400244546517">
            <ele>203.93106013536453</ele>
            <time>2026-08-16T11:38:15Z</time>
        </trkpt>        <trkpt lat="50.052183361012226" lon="19.978376947188735">
            <ele>203.93960792105645</ele>
            <time>2026-08-16T11:38:16Z</time>
        </trkpt>        <trkpt lat="50.05217712915289" lon="19.978337229829688">
            <ele>203.94781657401472</ele>
            <time>2026-08-16T11:38:17Z</time>
        </trkpt>        <trkpt lat="50.05217108173196" lon="19.97827904412273">
            <ele>203.95483576785773</ele>
            <time>2026-08-16T11:38:18Z</time>
        </trkpt>        <trkpt lat="50.052165951858306" lon="19.978208989737563">
            <ele>203.9599732523784</ele>
            <time>2026-08-16T11:38:19Z</time>
        </trkpt>        <trkpt lat="50.05216207280144" lon="19.97813346211608">
            <ele>203.9628697866574</ele>
            <time>2026-08-16T11:38:20Z</time>
        </trkpt>        <trkpt lat="50.05215834769276" lon="19.978054166444053">
            <ele>203.96365637052804</ele>
            <time>2026-08-16T11:38:21Z</time>
        </trkpt>        <trkpt lat="50.052153066533954" lon="19.977971094062212">
            <ele>203.9629283733666</ele>
            <time>2026-08-16T11:38:22Z</time>
        </trkpt>        <trkpt lat="50.05214680680429" lon="19.977885228506878">
            <ele>203.9614667687565</ele>
            <time>2026-08-16T11:38:23Z</time>
        </trkpt>        <trkpt lat="50.05214094412568" lon="19.977798381093173">
            <ele>203.9599358169362</ele>
            <time>2026-08-16T11:38:24Z</time>
        </trkpt>        <trkpt lat="50.05213581662759" lon="19.977713064913516">
            <ele>203.9587252261117</ele>
            <time>2026-08-16T11:38:25Z</time>
        </trkpt>        <trkpt lat="50.05213104636842" lon="19.97763005040728">
            <ele>203.95787852816284</ele>
            <time>2026-08-16T11:38:26Z</time>
        </trkpt>        <trkpt lat="50.05212593093941" lon="19.97754952504202">
            <ele>203.95707354974002</ele>
            <time>2026-08-16T11:38:27Z</time>
        </trkpt>        <trkpt lat="50.05212001450325" lon="19.97747320244715">
            <ele>203.95566663425416</ele>
            <time>2026-08-16T11:38:28Z</time>
        </trkpt>        <trkpt lat="50.052112596597254" lon="19.97740214577876">
            <ele>203.95276884827763</ele>
            <time>2026-08-16T11:38:29Z</time>
        </trkpt>        <trkpt lat="50.05210214758263" lon="19.97733750914751">
            <ele>203.94735265430063</ele>
            <time>2026-08-16T11:38:30Z</time>
        </trkpt>        <trkpt lat="50.052086881047174" lon="19.977282195610172">
            <ele>203.93840486742556</ele>
            <time>2026-08-16T11:38:31Z</time>
        </trkpt>        <trkpt lat="50.05206431802253" lon="19.97723918335096">
            <ele>203.92510676570237</ele>
            <time>2026-08-16T11:38:32Z</time>
        </trkpt>        <trkpt lat="50.05203313051434" lon="19.977213923985616">
            <ele>203.90704617928714</ele>
            <time>2026-08-16T11:38:33Z</time>
        </trkpt>        <trkpt lat="50.05199602861662" lon="19.97720910775236">
            <ele>203.88439368270338</ele>
            <time>2026-08-16T11:38:34Z</time>
        </trkpt>        <trkpt lat="50.051955915179704" lon="19.97722295236088">
            <ele>203.8578564049676</ele>
            <time>2026-08-16T11:38:35Z</time>
        </trkpt>        <trkpt lat="50.05191317723697" lon="19.977252973181677">
            <ele>203.82843697536737</ele>
            <time>2026-08-16T11:38:36Z</time>
        </trkpt>        <trkpt lat="50.051868757403184" lon="19.977293929420814">
            <ele>203.79724569432437</ele>
            <time>2026-08-16T11:38:37Z</time>
        </trkpt>        <trkpt lat="50.0518241763493" lon="19.977341246861585">
            <ele>203.76547305192798</ele>
            <time>2026-08-16T11:38:38Z</time>
        </trkpt>        <trkpt lat="50.05177972686276" lon="19.977393493934848">
            <ele>203.73443452082574</ele>
            <time>2026-08-16T11:38:39Z</time>
        </trkpt>        <trkpt lat="50.0517353110416" lon="19.977450195870325">
            <ele>203.70558003801852</ele>
            <time>2026-08-16T11:38:40Z</time>
        </trkpt>        <trkpt lat="50.05169079642974" lon="19.97751057984185">
            <ele>203.68043658975512</ele>
            <time>2026-08-16T11:38:41Z</time>
        </trkpt>        <trkpt lat="50.05164599963725" lon="19.977573007202103">
            <ele>203.6604753229767</ele>
            <time>2026-08-16T11:38:42Z</time>
        </trkpt>        <trkpt lat="50.05159961487872" lon="19.97763584614566">
            <ele>203.6468656649813</ele>
            <time>2026-08-16T11:38:43Z</time>
        </trkpt>        <trkpt lat="50.05155117053945" lon="19.977697913737085">
            <ele>203.64015270210803</ele>
            <time>2026-08-16T11:38:44Z</time>
        </trkpt>        <trkpt lat="50.051502120717345" lon="19.977759261862396">
            <ele>203.6400386504829</ele>
            <time>2026-08-16T11:38:45Z</time>
        </trkpt>        <trkpt lat="50.05145273170708" lon="19.977819686439474">
            <ele>203.6453047823161</ele>
            <time>2026-08-16T11:38:46Z</time>
        </trkpt>        <trkpt lat="50.051402882194175" lon="19.977879711923357">
            <ele>203.65385044924915</ele>
            <time>2026-08-16T11:38:47Z</time>
        </trkpt>        <trkpt lat="50.051352879336584" lon="19.97794111577636">
            <ele>203.6629859013483</ele>
            <time>2026-08-16T11:38:48Z</time>
        </trkpt>        <trkpt lat="50.05130296601332" lon="19.978004284066557">
            <ele>203.66988226398826</ele>
            <time>2026-08-16T11:38:49Z</time>
        </trkpt>        <trkpt lat="50.05125317037492" lon="19.978069215380756">
            <ele>203.67195755429566</ele>
            <time>2026-08-16T11:38:50Z</time>
        </trkpt>        <trkpt lat="50.05120381782262" lon="19.978136116625713">
            <ele>203.66720987390727</ele>
            <time>2026-08-16T11:38:51Z</time>
        </trkpt>        <trkpt lat="50.051154027028566" lon="19.978202991150717">
            <ele>203.65446993149817</ele>
            <time>2026-08-16T11:38:52Z</time>
        </trkpt>        <trkpt lat="50.05110202214229" lon="19.978267294330042">
            <ele>203.63342626020312</ele>
            <time>2026-08-16T11:38:53Z</time>
        </trkpt>        <trkpt lat="50.05104839756899" lon="19.978330402775455">
            <ele>203.60453183483332</ele>
            <time>2026-08-16T11:38:54Z</time>
        </trkpt>        <trkpt lat="50.05099417058394" lon="19.978394862066345">
            <ele>203.56889751553535</ele>
            <time>2026-08-16T11:38:55Z</time>
        </trkpt>        <trkpt lat="50.05093971045382" lon="19.97846259566318">
            <ele>203.5281213996932</ele>
            <time>2026-08-16T11:38:56Z</time>
        </trkpt>        <trkpt lat="50.05088605431773" lon="19.978533991875295">
            <ele>203.48411732073873</ele>
            <time>2026-08-16T11:38:57Z</time>
        </trkpt>        <trkpt lat="50.05083223110647" lon="19.978606046826116">
            <ele>203.43893543537706</ele>
            <time>2026-08-16T11:38:58Z</time>
        </trkpt>        <trkpt lat="50.0507762770071" lon="19.978675463034612">
            <ele>203.39453394617885</ele>
            <time>2026-08-16T11:38:59Z</time>
        </trkpt>        <trkpt lat="50.050719918029046" lon="19.978744450348266">
            <ele>203.35257739946246</ele>
            <time>2026-08-16T11:39:00Z</time>
        </trkpt>        <trkpt lat="50.050665260325275" lon="19.978816231738673">
            <ele>203.31428365409374</ele>
            <time>2026-08-16T11:39:01Z</time>
        </trkpt>        <trkpt lat="50.050610187898464" lon="19.978888556220294">
            <ele>203.28032439481467</ele>
            <time>2026-08-16T11:39:02Z</time>
        </trkpt>        <trkpt lat="50.05055365344201" lon="19.978959613327863">
            <ele>203.25091062672436</ele>
            <time>2026-08-16T11:39:03Z</time>
        </trkpt>        <trkpt lat="50.05049653636161" lon="19.979030035009952">
            <ele>203.2260632775724</ele>
            <time>2026-08-16T11:39:04Z</time>
        </trkpt>        <trkpt lat="50.05043789889961" lon="19.97909857653969">
            <ele>203.20586436334997</ele>
            <time>2026-08-16T11:39:05Z</time>
        </trkpt>        <trkpt lat="50.05037897061326" lon="19.979166270542372">
            <ele>203.19058297015727</ele>
            <time>2026-08-16T11:39:06Z</time>
        </trkpt>        <trkpt lat="50.050322221482006" lon="19.979233433498724">
            <ele>203.1806991994381</ele>
            <time>2026-08-16T11:39:07Z</time>
        </trkpt>        <trkpt lat="50.0502674108916" lon="19.979301842926258">
            <ele>203.1768428152427</ele>
            <time>2026-08-16T11:39:08Z</time>
        </trkpt>        <trkpt lat="50.0502180811316" lon="19.97937932558819">
            <ele>203.1796334106475</ele>
            <time>2026-08-16T11:39:09Z</time>
        </trkpt>        <trkpt lat="50.05018070667643" lon="19.979469233013713">
            <ele>203.1894396757707</ele>
            <time>2026-08-16T11:39:10Z</time>
        </trkpt>        <trkpt lat="50.05015892833371" lon="19.979568066554254">
            <ele>203.20608931034803</ele>
            <time>2026-08-16T11:39:11Z</time>
        </trkpt>        <trkpt lat="50.05015327129196" lon="19.979668418966412">
            <ele>203.2285138219595</ele>
            <time>2026-08-16T11:39:12Z</time>
        </trkpt>        <trkpt lat="50.05015910539745" lon="19.979764884331207">
            <ele>203.2544665057212</ele>
            <time>2026-08-16T11:39:13Z</time>
        </trkpt>        <trkpt lat="50.050170181159494" lon="19.979854751760726">
            <ele>203.28041291050613</ele>
            <time>2026-08-16T11:39:14Z</time>
        </trkpt>        <trkpt lat="50.05018208390919" lon="19.97993808794682">
            <ele>203.30164215527475</ele>
            <time>2026-08-16T11:39:15Z</time>
        </trkpt>        <trkpt lat="50.050191340702256" lon="19.98001616386086">
            <ele>203.31285765394568</ele>
            <time>2026-08-16T11:39:16Z</time>
        </trkpt>        <trkpt lat="50.05019380367943" lon="19.980088265253855">
            <ele>203.30920417420566</ele>
            <time>2026-08-16T11:39:17Z</time>
        </trkpt>        <trkpt lat="50.050184634232224" lon="19.980153835980378">
            <ele>203.2872264198959</ele>
            <time>2026-08-16T11:39:18Z</time>
        </trkpt>        <trkpt lat="50.050162119897564" lon="19.980211910495857">
            <ele>203.2455903077498</ele>
            <time>2026-08-16T11:39:19Z</time>
        </trkpt>        <trkpt lat="50.05012922561263" lon="19.980262295959832">
            <ele>203.18557500466704</ele>
            <time>2026-08-16T11:39:20Z</time>
        </trkpt>        <trkpt lat="50.05009072305638" lon="19.98030601294343">
            <ele>203.11088238842785</ele>
            <time>2026-08-16T11:39:21Z</time>
        </trkpt>        <trkpt lat="50.05005036432779" lon="19.98034405696159">
            <ele>203.02687826007605</ele>
            <time>2026-08-16T11:39:22Z</time>
        </trkpt>        <trkpt lat="50.05001031075414" lon="19.98037946636495">
            <ele>202.93965172115713</ele>
            <time>2026-08-16T11:39:24Z</time>
        </trkpt>        <trkpt lat="50.04997156243059" lon="19.980416995433195">
            <ele>202.85525047499686</ele>
            <time>2026-08-16T11:39:25Z</time>
        </trkpt>        <trkpt lat="50.04993349305573" lon="19.980458822437853">
            <ele>202.77835714258254</ele>
            <time>2026-08-16T11:39:26Z</time>
        </trkpt>        <trkpt lat="50.04989524245854" lon="19.9805039064504">
            <ele>202.71210770122707</ele>
            <time>2026-08-16T11:39:27Z</time>
        </trkpt>        <trkpt lat="50.04985630573798" lon="19.98054992023522">
            <ele>202.65797554142773</ele>
            <time>2026-08-16T11:39:28Z</time>
        </trkpt>        <trkpt lat="50.04981633021068" lon="19.980595026050874">
            <ele>202.61592017766088</ele>
            <time>2026-08-16T11:39:29Z</time>
        </trkpt>        <trkpt lat="50.049775587021514" lon="19.980639039762018">
            <ele>202.58485063910484</ele>
            <time>2026-08-16T11:39:30Z</time>
        </trkpt>        <trkpt lat="50.04973475333619" lon="19.98068300924268">
            <ele>202.5631520571187</ele>
            <time>2026-08-16T11:39:31Z</time>
        </trkpt>        <trkpt lat="50.049694942747934" lon="19.980728416101815">
            <ele>202.54902229923755</ele>
            <time>2026-08-16T11:39:32Z</time>
        </trkpt>        <trkpt lat="50.04965626217064" lon="19.980776414642236">
            <ele>202.540676869452</ele>
            <time>2026-08-16T11:39:33Z</time>
        </trkpt>        <trkpt lat="50.0496177037912" lon="19.980825492751233">
            <ele>202.53646135888994</ele>
            <time>2026-08-16T11:39:34Z</time>
        </trkpt>        <trkpt lat="50.0495777211332" lon="19.980873563098058">
            <ele>202.53493487555534</ele>
            <time>2026-08-16T11:39:35Z</time>
        </trkpt>        <trkpt lat="50.04953612832554" lon="19.980920818210755">
            <ele>202.5349358515814</ele>
            <time>2026-08-16T11:39:36Z</time>
        </trkpt>        <trkpt lat="50.049494390902346" lon="19.980968100583862">
            <ele>202.5356032429263</ele>
            <time>2026-08-16T11:39:37Z</time>
        </trkpt>        <trkpt lat="50.04945320588665" lon="19.981015047034937">
            <ele>202.53637052234262</ele>
            <time>2026-08-16T11:39:38Z</time>
        </trkpt>        <trkpt lat="50.0494131866378" lon="19.98106095140723">
            <ele>202.53694423194975</ele>
            <time>2026-08-16T11:39:39Z</time>
        </trkpt>        <trkpt lat="50.04937441736738" lon="19.981106212084796">
            <ele>202.5372606748715</ele>
            <time>2026-08-16T11:39:40Z</time>
        </trkpt>        <trkpt lat="50.04933655697752" lon="19.981151123657344">
            <ele>202.53743971139193</ele>
            <time>2026-08-16T11:39:41Z</time>
        </trkpt>        <trkpt lat="50.049299275058765" lon="19.981195160970085">
            <ele>202.53778199478984</ele>
            <time>2026-08-16T11:39:42Z</time>
        </trkpt>        <trkpt lat="50.049261756611486" lon="19.981237790056188">
            <ele>202.53882997576147</ele>
            <time>2026-08-16T11:39:43Z</time>
        </trkpt>        <trkpt lat="50.04922333565956" lon="19.98127856083187">
            <ele>202.54145046137273</ele>
            <time>2026-08-16T11:39:44Z</time>
        </trkpt>        <trkpt lat="50.0491836416506" lon="19.98131718036443">
            <ele>202.54688665177673</ele>
            <time>2026-08-16T11:39:45Z</time>
        </trkpt>        <trkpt lat="50.04914189554499" lon="19.98135195724147">
            <ele>202.55676376447082</ele>
            <time>2026-08-16T11:39:46Z</time>
        </trkpt>        <trkpt lat="50.04909705620929" lon="19.981378986081918">
            <ele>202.5729287341237</ele>
            <time>2026-08-16T11:39:47Z</time>
        </trkpt>        <trkpt lat="50.04904881243733" lon="19.98139693229264">
            <ele>202.59698001481593</ele>
            <time>2026-08-16T11:39:48Z</time>
        </trkpt>        <trkpt lat="50.04899902943051" lon="19.981411846393655">
            <ele>202.6296763382852</ele>
            <time>2026-08-16T11:39:49Z</time>
        </trkpt>        <trkpt lat="50.0489506647078" lon="19.981434039609844">
            <ele>202.67055059876293</ele>
            <time>2026-08-16T11:39:50Z</time>
        </trkpt>        <trkpt lat="50.04890538073647" lon="19.981468103726506">
            <ele>202.71767706237733</ele>
            <time>2026-08-16T11:39:51Z</time>
        </trkpt>        <trkpt lat="50.0488641339703" lon="19.981508994886852">
            <ele>202.7676949389279</ele>
            <time>2026-08-16T11:39:52Z</time>
        </trkpt>        <trkpt lat="50.0488275405806" lon="19.98154978936264">
            <ele>202.8164325589314</ele>
            <time>2026-08-16T11:39:53Z</time>
        </trkpt>        <trkpt lat="50.048795007081004" lon="19.981588145574978">
            <ele>202.85978128761053</ele>
            <time>2026-08-16T11:39:54Z</time>
        </trkpt>        <trkpt lat="50.048766229639185" lon="19.98162484541356">
            <ele>202.8942975057289</ele>
            <time>2026-08-16T11:39:55Z</time>
        </trkpt>        <trkpt lat="50.04874193496563" lon="19.98166061618203">
            <ele>202.91759207844734</ele>
            <time>2026-08-16T11:39:56Z</time>
        </trkpt>        <trkpt lat="50.048723523572605" lon="19.981695180830044">
            <ele>202.92851849645376</ele>
            <time>2026-08-16T11:39:57Z</time>
        </trkpt>        <trkpt lat="50.048712452067164" lon="19.981727743001606">
            <ele>202.9269679756835</ele>
            <time>2026-08-16T11:39:58Z</time>
        </trkpt>        <trkpt lat="50.04870856536717" lon="19.981755786704525">
            <ele>202.9135243240744</ele>
            <time>2026-08-16T11:39:59Z</time>
        </trkpt>        <trkpt lat="50.048709705077016" lon="19.98177616833289">
            <ele>202.88923839386553</ele>
            <time>2026-08-16T11:40:00Z</time>
        </trkpt>        <trkpt lat="50.04871291064651" lon="19.981787650320673">
            <ele>202.8555027153343</ele>
            <time>2026-08-16T11:40:01Z</time>
        </trkpt>        <trkpt lat="50.048716090297766" lon="19.981791020503067">
            <ele>202.81399456225336</ele>
            <time>2026-08-16T11:40:02Z</time>
        </trkpt>        <trkpt lat="50.0487185250791" lon="19.98178908945346">
            <ele>202.76657674927264</ele>
            <time>2026-08-16T11:40:03Z</time>
        </trkpt>        <trkpt lat="50.04872027497235" lon="19.981784925959396">
            <ele>202.7151759956032</ele>
            <time>2026-08-16T11:40:04Z</time>
        </trkpt>        <trkpt lat="50.04872148077622" lon="19.981780181239145">
            <ele>202.66169570293278</ele>
            <time>2026-08-16T11:40:05Z</time>
        </trkpt>        <trkpt lat="50.04872220051792" lon="19.981775551297368">
            <ele>202.60792188718915</ele>
            <time>2026-08-16T11:40:06Z</time>
        </trkpt>        <trkpt lat="50.04872255002404" lon="19.981771186477694">
            <ele>202.55543868802488</ele>
            <time>2026-08-16T11:40:07Z</time>
        </trkpt>        <trkpt lat="50.04872267137402" lon="19.981766897858822">
            <ele>202.50557356886566</ele>
            <time>2026-08-16T11:40:08Z</time>
        </trkpt>        <trkpt lat="50.04872263297205" lon="19.98176265715038">
            <ele>202.45933383889496</ele>
            <time>2026-08-16T11:40:09Z</time>
        </trkpt>        <trkpt lat="50.048722461959294" lon="19.981758556198322">
            <ele>202.41737837158144</ele>
            <time>2026-08-16T11:40:10Z</time>
        </trkpt>        <trkpt lat="50.0487221681795" lon="19.981754602680777">
            <ele>202.38007855787873</ele>
            <time>2026-08-16T11:40:11Z</time>
        </trkpt>        <trkpt lat="50.04872180196195" lon="19.981750862527853">
            <ele>202.34761940781027</ele>
            <time>2026-08-16T11:40:12Z</time>
        </trkpt>        <trkpt lat="50.048721397170546" lon="19.981747360812527">
            <ele>202.32016675267369</ele>
            <time>2026-08-16T11:40:13Z</time>
        </trkpt>        <trkpt lat="50.04872097163986" lon="19.981744089812256">
            <ele>202.2981064710766</ele>
            <time>2026-08-16T11:40:14Z</time>
        </trkpt>        <trkpt lat="50.04872053595379" lon="19.981740975043365">
            <ele>202.2821695646271</ele>
            <time>2026-08-16T11:40:15Z</time>
        </trkpt>        <trkpt lat="50.048720100574634" lon="19.9817379460805">
            <ele>202.27330620400608</ele>
            <time>2026-08-16T11:40:16Z</time>
        </trkpt>        <trkpt lat="50.048719671723724" lon="19.98173501522776">
            <ele>202.27240798715502</ele>
            <time>2026-08-16T11:40:17Z</time>
        </trkpt>        <trkpt lat="50.048719228328686" lon="19.98173217870702">
            <ele>202.28003712650388</ele>
            <time>2026-08-16T11:40:18Z</time>
        </trkpt>        <trkpt lat="50.0487187696596" lon="19.98172944340216">
            <ele>202.29614324495196</ele>
            <time>2026-08-16T11:40:19Z</time>
        </trkpt>        <trkpt lat="50.048718327260666" lon="19.981726865579603">
            <ele>202.3198733450845</ele>
            <time>2026-08-16T11:40:20Z</time>
        </trkpt>        <trkpt lat="50.04871794500393" lon="19.981724537066956">
            <ele>202.34969551954418</ele>
            <time>2026-08-16T11:40:21Z</time>
        </trkpt>        <trkpt lat="50.04871763753545" lon="19.981722518767437">
            <ele>202.38366393186152</ele>
            <time>2026-08-16T11:40:22Z</time>
        </trkpt>        <trkpt lat="50.04871738953928" lon="19.98172077192233">
            <ele>202.41963915433735</ele>
            <time>2026-08-16T11:40:23Z</time>
        </trkpt>        <trkpt lat="50.048717186393475" lon="19.981719240177796">
            <ele>202.45550801139325</ele>
            <time>2026-08-16T11:40:24Z</time>
        </trkpt>        <trkpt lat="50.04871701296671" lon="19.98171788992701">
            <ele>202.48936662543565</ele>
            <time>2026-08-16T11:40:25Z</time>
        </trkpt>        <trkpt lat="50.04871686122682" lon="19.981716690402852">
            <ele>202.51963228080422</ele>
            <time>2026-08-16T11:40:26Z</time>
        </trkpt>        <trkpt lat="50.04871669532224" lon="19.981715531171915">
            <ele>202.54513763077557</ele>
            <time>2026-08-16T11:40:27Z</time>
        </trkpt>        <trkpt lat="50.04871653713398" lon="19.981714462655706">
            <ele>202.56517167016864</ele>
            <time>2026-08-16T11:40:28Z</time>
        </trkpt>        <trkpt lat="50.04871647588399" lon="19.98171368305297">
            <ele>202.57943190261722</ele>
            <time>2026-08-16T11:40:29Z</time>
        </trkpt>        <trkpt lat="50.04871651033215" lon="19.981713145372375">
            <ele>202.5879668155685</ele>
            <time>2026-08-16T11:40:30Z</time>
        </trkpt>        <trkpt lat="50.048716660197286" lon="19.98171288884525">
            <ele>202.59111687075347</ele>
            <time>2026-08-16T11:40:31Z</time>
        </trkpt>        <trkpt lat="50.04871696374104" lon="19.98171299075533">
            <ele>202.58947108034045</ele>
            <time>2026-08-16T11:40:32Z</time>
        </trkpt>        <trkpt lat="50.04871748689286" lon="19.981713589878463">
            <ele>202.58386795502156</ele>
            <time>2026-08-16T11:40:33Z</time>
        </trkpt>        <trkpt lat="50.04871824981605" lon="19.981714688052456">
            <ele>202.57541487179697</ele>
            <time>2026-08-16T11:40:34Z</time>
        </trkpt>        <trkpt lat="50.04871922155442" lon="19.98171613625957">
            <ele>202.5655068308115</ele>
            <time>2026-08-16T11:40:35Z</time>
        </trkpt>        <trkpt lat="50.04872062548584" lon="19.98171837442524">
            <ele>202.55576245300472</ele>
            <time>2026-08-16T11:40:36Z</time>
        </trkpt>        <trkpt lat="50.048722810557635" lon="19.981722084294958">
            <ele>202.54784814734012</ele>
            <time>2026-08-16T11:40:37Z</time>
        </trkpt>        <trkpt lat="50.04872619639423" lon="19.98172800951529">
            <ele>202.54336079023778</ele>
            <time>2026-08-16T11:40:38Z</time>
        </trkpt>        <trkpt lat="50.04873171345237" lon="19.98173785856092">
            <ele>202.54388573486358</ele>
            <time>2026-08-16T11:40:39Z</time>
        </trkpt>        <trkpt lat="50.04874058214816" lon="19.98175356129017">
            <ele>202.551108809188</ele>
            <time>2026-08-16T11:40:40Z</time>
        </trkpt>        <trkpt lat="50.04875397935859" lon="19.98177684497419">
            <ele>202.56688487529755</ele>
            <time>2026-08-16T11:40:41Z</time>
        </trkpt>        <trkpt lat="50.04877239283714" lon="19.981808625780946">
            <ele>202.5932346424088</ele>
            <time>2026-08-16T11:40:42Z</time>
        </trkpt>        <trkpt lat="50.04879519149248" lon="19.981848282399273">
            <ele>202.63204540777951</ele>
            <time>2026-08-16T11:40:43Z</time>
        </trkpt>        <trkpt lat="50.04882176853454" lon="19.98189480922542">
            <ele>202.68421954847872</ele>
            <time>2026-08-16T11:40:43Z</time>
        </trkpt>        <trkpt lat="50.04885186052732" lon="19.98194624348624">
            <ele>202.74853496067226</ele>
            <time>2026-08-16T11:40:44Z</time>
        </trkpt>        <trkpt lat="50.04888548513323" lon="19.981999740827703">
            <ele>202.8210925757885</ele>
            <time>2026-08-16T11:40:45Z</time>
        </trkpt>        <trkpt lat="50.04892290510887" lon="19.982052122184022">
            <ele>202.89566448237747</ele>
            <time>2026-08-16T11:40:46Z</time>
        </trkpt>        <trkpt lat="50.04896389170274" lon="19.982098961044027">
            <ele>202.96450524404645</ele>
            <time>2026-08-16T11:40:47Z</time>
        </trkpt>        <trkpt lat="50.04900714545673" lon="19.982139618171086">
            <ele>203.0196221265942</ele>
            <time>2026-08-16T11:40:48Z</time>
        </trkpt>        <trkpt lat="50.04905055090368" lon="19.982180490540408">
            <ele>203.05443369038403</ele>
            <time>2026-08-16T11:40:49Z</time>
        </trkpt>        <trkpt lat="50.04909147982705" lon="19.982228657693152">
            <ele>203.06497514992952</ele>
            <time>2026-08-16T11:40:50Z</time>
        </trkpt>        <trkpt lat="50.049129035031825" lon="19.982286599649488">
            <ele>203.05034651607275</ele>
            <time>2026-08-16T11:40:51Z</time>
        </trkpt>        <trkpt lat="50.0491648998613" lon="19.98235220806007">
            <ele>203.01275320723653</ele>
            <time>2026-08-16T11:40:52Z</time>
        </trkpt>        <trkpt lat="50.04920050803446" lon="19.982421751890858">
            <ele>202.95691385678947</ele>
            <time>2026-08-16T11:40:53Z</time>
        </trkpt>        <trkpt lat="50.049236560485014" lon="19.982492875111973">
            <ele>202.88899616803974</ele>
            <time>2026-08-16T11:40:54Z</time>
        </trkpt>        <trkpt lat="50.049273242314776" lon="19.982564876517646">
            <ele>202.8156391205266</ele>
            <time>2026-08-16T11:40:55Z</time>
        </trkpt>        <trkpt lat="50.049311327786576" lon="19.982639180705796">
            <ele>202.74304226133972</ele>
            <time>2026-08-16T11:40:56Z</time>
        </trkpt>        <trkpt lat="50.04935147170562" lon="19.982716032863205">
            <ele>202.6762107089162</ele>
            <time>2026-08-16T11:40:57Z</time>
        </trkpt>        <trkpt lat="50.04939223617841" lon="19.982792500242475">
            <ele>202.6186067983508</ele>
            <time>2026-08-16T11:40:58Z</time>
        </trkpt>        <trkpt lat="50.04943314437887" lon="19.98286845771284">
            <ele>202.5720386626199</ele>
            <time>2026-08-16T11:40:59Z</time>
        </trkpt>        <trkpt lat="50.0494750426775" lon="19.982944903848203">
            <ele>202.53673439379781</ele>
            <time>2026-08-16T11:41:00Z</time>
        </trkpt>        <trkpt lat="50.049517161062234" lon="19.983021992178962">
            <ele>202.51178956124932</ele>
            <time>2026-08-16T11:41:01Z</time>
        </trkpt>        <trkpt lat="50.04955611273465" lon="19.983103250313118">
            <ele>202.49569608736783</ele>
            <time>2026-08-16T11:41:02Z</time>
        </trkpt>        <trkpt lat="50.04959110215089" lon="19.9831898440989">
            <ele>202.4867384713143</ele>
            <time>2026-08-16T11:41:03Z</time>
        </trkpt>        <trkpt lat="50.04962683850812" lon="19.983277229437512">
            <ele>202.4833342730999</ele>
            <time>2026-08-16T11:41:04Z</time>
        </trkpt>        <trkpt lat="50.049667300175415" lon="19.983362003518895">
            <ele>202.48422677908093</ele>
            <time>2026-08-16T11:41:05Z</time>
        </trkpt>        <trkpt lat="50.04971312723969" lon="19.98344272786191">
            <ele>202.4884603843093</ele>
            <time>2026-08-16T11:41:06Z</time>
        </trkpt>        <trkpt lat="50.049762852270504" lon="19.983518944753843">
            <ele>202.49523183889687</ele>
            <time>2026-08-16T11:41:07Z</time>
        </trkpt>        <trkpt lat="50.049814056087264" lon="19.983592743800696">
            <ele>202.50374745111912</ele>
            <time>2026-08-16T11:41:08Z</time>
        </trkpt>        <trkpt lat="50.049864128268695" lon="19.983665336844417">
            <ele>202.51311894599348</ele>
            <time>2026-08-16T11:41:09Z</time>
        </trkpt>        <trkpt lat="50.04991136601072" lon="19.98373882799481">
            <ele>202.5223343493417</ele>
            <time>2026-08-16T11:41:10Z</time>
        </trkpt>        <trkpt lat="50.04995561619861" lon="19.983816792742285">
            <ele>202.53039388544858</ele>
            <time>2026-08-16T11:41:11Z</time>
        </trkpt>        <trkpt lat="50.04999903397497" lon="19.983899033319837">
            <ele>202.53655657358468</ele>
            <time>2026-08-16T11:41:12Z</time>
        </trkpt>        <trkpt lat="50.0500428035494" lon="19.983983954824286">
            <ele>202.54051326867193</ele>
            <time>2026-08-16T11:41:13Z</time>
        </trkpt>        <trkpt lat="50.05008600347335" lon="19.984072434352946">
            <ele>202.54242579638958</ele>
            <time>2026-08-16T11:41:14Z</time>
        </trkpt>        <trkpt lat="50.05012936053635" lon="19.984163360718554">
            <ele>202.5429033683613</ele>
            <time>2026-08-16T11:41:15Z</time>
        </trkpt>        <trkpt lat="50.050173671985014" lon="19.984254153679906">
            <ele>202.54291188064963</ele>
            <time>2026-08-16T11:41:16Z</time>
        </trkpt>        <trkpt lat="50.05021911849845" lon="19.984345528890962">
            <ele>202.54362262878567</ele>
            <time>2026-08-16T11:41:17Z</time>
        </trkpt>        <trkpt lat="50.050266008039166" lon="19.98443757731694">
            <ele>202.546220658347</ele>
            <time>2026-08-16T11:41:18Z</time>
        </trkpt>        <trkpt lat="50.05031369260906" lon="19.984529710857228">
            <ele>202.55163373518735</ele>
            <time>2026-08-16T11:41:19Z</time>
        </trkpt>        <trkpt lat="50.05036129830831" lon="19.984622050304516">
            <ele>202.56029041204602</ele>
            <time>2026-08-16T11:41:20Z</time>
        </trkpt>        <trkpt lat="50.05040867804545" lon="19.984715145778136">
            <ele>202.57211539242417</ele>
            <time>2026-08-16T11:41:21Z</time>
        </trkpt>        <trkpt lat="50.050456909889775" lon="19.98480785666663">
            <ele>202.5867261365056</ele>
            <time>2026-08-16T11:41:22Z</time>
        </trkpt>        <trkpt lat="50.050505587161474" lon="19.984901175273546">
            <ele>202.60370250884444</ele>
            <time>2026-08-16T11:41:23Z</time>
        </trkpt>        <trkpt lat="50.050553219106185" lon="19.98499760062348">
            <ele>202.62293765414506</ele>
            <time>2026-08-16T11:41:24Z</time>
        </trkpt>        <trkpt lat="50.05060088462126" lon="19.985094737307723">
            <ele>202.64495543390512</ele>
            <time>2026-08-16T11:41:25Z</time>
        </trkpt>        <trkpt lat="50.05064962851581" lon="19.985191579151287">
            <ele>202.67097474168986</ele>
            <time>2026-08-16T11:41:26Z</time>
        </trkpt>        <trkpt lat="50.05069922278546" lon="19.98528798200157">
            <ele>202.70269728358835</ele>
            <time>2026-08-16T11:41:27Z</time>
        </trkpt>        <trkpt lat="50.05074917431582" lon="19.98538528766997">
            <ele>202.7419729102403</ele>
            <time>2026-08-16T11:41:29Z</time>
        </trkpt>        <trkpt lat="50.05079896021302" lon="19.985484824747754">
            <ele>202.79013696685433</ele>
            <time>2026-08-16T11:41:30Z</time>
        </trkpt>        <trkpt lat="50.05084903894225" lon="19.985585911465645">
            <ele>202.84775039274246</ele>
            <time>2026-08-16T11:41:31Z</time>
        </trkpt>        <trkpt lat="50.050900404521435" lon="19.985687030092393">
            <ele>202.9141561742872</ele>
            <time>2026-08-16T11:41:32Z</time>
        </trkpt>        <trkpt lat="50.05095260137946" lon="19.985788183900514">
            <ele>202.98751238361</ele>
            <time>2026-08-16T11:41:33Z</time>
        </trkpt>        <trkpt lat="50.05100384726933" lon="19.98589052486973">
            <ele>203.0650097420439</ele>
            <time>2026-08-16T11:41:34Z</time>
        </trkpt>        <trkpt lat="50.05105424098381" lon="19.985992744990906">
            <ele>203.1433571036905</ele>
            <time>2026-08-16T11:41:35Z</time>
        </trkpt>        <trkpt lat="50.05110474979065" lon="19.986092617233">
            <ele>203.21941991429776</ele>
            <time>2026-08-16T11:41:36Z</time>
        </trkpt>        <trkpt lat="50.05115556470551" lon="19.986190758747234">
            <ele>203.29070235416293</ele>
            <time>2026-08-16T11:41:37Z</time>
        </trkpt>        <trkpt lat="50.051205770580694" lon="19.98628994511479">
            <ele>203.35561725590378</ele>
            <time>2026-08-16T11:41:38Z</time>
        </trkpt>        <trkpt lat="50.05125439774617" lon="19.98638894712009">
            <ele>203.41356226615608</ele>
            <time>2026-08-16T11:41:39Z</time>
        </trkpt>        <trkpt lat="50.051302672339595" lon="19.98648577414979">
            <ele>203.4646646939218</ele>
            <time>2026-08-16T11:41:40Z</time>
        </trkpt>        <trkpt lat="50.05135169803693" lon="19.986581540578907">
            <ele>203.50930040888488</ele>
            <time>2026-08-16T11:41:41Z</time>
        </trkpt>        <trkpt lat="50.05140074061735" lon="19.986677838597934">
            <ele>203.5476865284145</ele>
            <time>2026-08-16T11:41:42Z</time>
        </trkpt>        <trkpt lat="50.051449041248645" lon="19.98677508243048">
            <ele>203.57963350974023</ele>
            <time>2026-08-16T11:41:43Z</time>
        </trkpt>        <trkpt lat="50.05149617656242" lon="19.986872925919382">
            <ele>203.60449419077486</ele>
            <time>2026-08-16T11:41:44Z</time>
        </trkpt>        <trkpt lat="50.05154215927611" lon="19.986971943571035">
            <ele>203.62143707368523</ele>
            <time>2026-08-16T11:41:45Z</time>
        </trkpt>        <trkpt lat="50.05158863871978" lon="19.98707141787848">
            <ele>203.63006047252566</ele>
            <time>2026-08-16T11:41:46Z</time>
        </trkpt>        <trkpt lat="50.051635837585515" lon="19.987170108713403">
            <ele>203.6309010516852</ele>
            <time>2026-08-16T11:41:47Z</time>
        </trkpt>        <trkpt lat="50.05168135158983" lon="19.987269878125705">
            <ele>203.62547440826893</ele>
            <time>2026-08-16T11:41:48Z</time>
        </trkpt>        <trkpt lat="50.05172528325744" lon="19.987371676112033">
            <ele>203.61609443463385</ele>
            <time>2026-08-16T11:41:49Z</time>
        </trkpt>        <trkpt lat="50.051769636202685" lon="19.98747307149373">
            <ele>203.60553656425327</ele>
            <time>2026-08-16T11:41:50Z</time>
        </trkpt>        <trkpt lat="50.05181433743641" lon="19.987572657793766">
            <ele>203.59644605126232</ele>
            <time>2026-08-16T11:41:51Z</time>
        </trkpt>        <trkpt lat="50.05185776766131" lon="19.98767266881822">
            <ele>203.59082119446248</ele>
            <time>2026-08-16T11:41:52Z</time>
        </trkpt>        <trkpt lat="50.0518993618301" lon="19.987774890289224">
            <ele>203.58981151506305</ele>
            <time>2026-08-16T11:41:53Z</time>
        </trkpt>        <trkpt lat="50.05193989972631" lon="19.98787797447242">
            <ele>203.59369076043367</ele>
            <time>2026-08-16T11:41:54Z</time>
        </trkpt>        <trkpt lat="50.051980000516224" lon="19.98798037095062">
            <ele>203.60203002765775</ele>
            <time>2026-08-16T11:41:55Z</time>
        </trkpt>        <trkpt lat="50.05201922442184" lon="19.988082974409096">
            <ele>203.61413652729243</ele>
            <time>2026-08-16T11:41:56Z</time>
        </trkpt>        <trkpt lat="50.052056311632924" lon="19.988187126413575">
            <ele>203.6294433278963</ele>
            <time>2026-08-16T11:41:57Z</time>
        </trkpt>        <trkpt lat="50.05209120320106" lon="19.988292476689136">
            <ele>203.64760898519307</ele>
            <time>2026-08-16T11:41:58Z</time>
        </trkpt>        <trkpt lat="50.05212601455197" lon="19.988397094413955">
            <ele>203.6684164069593</ele>
            <time>2026-08-16T11:41:59Z</time>
        </trkpt>        <trkpt lat="50.052161427466025" lon="19.988499882175773">
            <ele>203.69157055672258</ele>
            <time>2026-08-16T11:42:00Z</time>
        </trkpt>        <trkpt lat="50.05219503039415" lon="19.988602729971287">
            <ele>203.71639700885862</ele>
            <time>2026-08-16T11:42:01Z</time>
        </trkpt>        <trkpt lat="50.05222623632242" lon="19.988706214532904">
            <ele>203.74158536735922</ele>
            <time>2026-08-16T11:42:02Z</time>
        </trkpt>        <trkpt lat="50.05225572891048" lon="19.98880791763838">
            <ele>203.76519110240042</ele>
            <time>2026-08-16T11:42:03Z</time>
        </trkpt>        <trkpt lat="50.052285141282056" lon="19.988905695359446">
            <ele>203.784832239151</ele>
            <time>2026-08-16T11:42:04Z</time>
        </trkpt>        <trkpt lat="50.052316363868506" lon="19.98899809964902">
            <ele>203.7978385882452</ele>
            <time>2026-08-16T11:42:05Z</time>
        </trkpt>        <trkpt lat="50.05234703933683" lon="19.989085731596425">
            <ele>203.80128742661327</ele>
            <time>2026-08-16T11:42:06Z</time>
        </trkpt>        <trkpt lat="50.05237352933957" lon="19.989167721651544">
            <ele>203.79210040532053</ele>
            <time>2026-08-16T11:42:07Z</time>
        </trkpt>        <trkpt lat="50.052395883124255" lon="19.98924161999934">
            <ele>203.76738404482603</ele>
            <time>2026-08-16T11:42:08Z</time>
        </trkpt>        <trkpt lat="50.05241407152075" lon="19.98930471923392">
            <ele>203.725095606409</ele>
            <time>2026-08-16T11:42:09Z</time>
        </trkpt>        <trkpt lat="50.05242627442773" lon="19.989354345511504">
            <ele>203.66473253443837</ele>
            <time>2026-08-16T11:42:10Z</time>
        </trkpt>        <trkpt lat="50.0524321869921" lon="19.989392355101295">
            <ele>203.58777183294296</ele>
            <time>2026-08-16T11:42:11Z</time>
        </trkpt>        <trkpt lat="50.05243305255143" lon="19.9894225485723">
            <ele>203.49791363067925</ele>
            <time>2026-08-16T11:42:12Z</time>
        </trkpt>        <trkpt lat="50.05243143888389" lon="19.98944550500915">
            <ele>203.4006916070357</ele>
            <time>2026-08-16T11:42:13Z</time>
        </trkpt>        <trkpt lat="50.05243030525738" lon="19.989459148750562">
            <ele>203.30230172351003</ele>
            <time>2026-08-16T11:42:14Z</time>
        </trkpt>        <trkpt lat="50.0524304116218" lon="19.989464310443363">
            <ele>203.20836076326668</ele>
            <time>2026-08-16T11:42:15Z</time>
        </trkpt>        <trkpt lat="50.052430543086984" lon="19.98946444533559">
            <ele>203.12291463650763</ele>
            <time>2026-08-16T11:42:16Z</time>
        </trkpt>        <trkpt lat="50.052430167088076" lon="19.989461947456142">
            <ele>203.04767056554556</ele>
            <time>2026-08-16T11:42:17Z</time>
        </trkpt>        <trkpt lat="50.05242950522251" lon="19.989458512317793">
            <ele>202.981983426027</ele>
            <time>2026-08-16T11:42:18Z</time>
        </trkpt>        <trkpt lat="50.052428740880956" lon="19.989454982831973">
            <ele>202.9237590217963</ele>
            <time>2026-08-16T11:42:19Z</time>
        </trkpt>        <trkpt lat="50.05242787301079" lon="19.98945154322223">
            <ele>202.8704942483455</ele>
            <time>2026-08-16T11:42:20Z</time>
        </trkpt>        <trkpt lat="50.05242693060256" lon="19.989448367594164">
            <ele>202.82001259736717</ele>
            <time>2026-08-16T11:42:21Z</time>
        </trkpt>        <trkpt lat="50.05242598112296" lon="19.989445538101748">
            <ele>202.77097365353256</ele>
            <time>2026-08-16T11:42:22Z</time>
        </trkpt>        <trkpt lat="50.05242504487238" lon="19.989443030849692">
            <ele>202.72302519064397</ele>
            <time>2026-08-16T11:42:23Z</time>
        </trkpt>        <trkpt lat="50.05242409933041" lon="19.989440757409234">
            <ele>202.67658126167953</ele>
            <time>2026-08-16T11:42:23Z</time>
        </trkpt>        <trkpt lat="50.052423153726785" lon="19.989438673948733">
            <ele>202.6322596175596</ele>
            <time>2026-08-16T11:42:24Z</time>
        </trkpt>        <trkpt lat="50.05242221280491" lon="19.989436751504346">
            <ele>202.59092699177563</ele>
            <time>2026-08-16T11:42:25Z</time>
        </trkpt>        <trkpt lat="50.05242128772867" lon="19.989434974364265">
            <ele>202.5534304222092</ele>
            <time>2026-08-16T11:42:26Z</time>
        </trkpt>        <trkpt lat="50.05242040580515" lon="19.98943335424539">
            <ele>202.52059792168438</ele>
            <time>2026-08-16T11:42:27Z</time>
        </trkpt>        <trkpt lat="50.05241959334005" lon="19.98943191542154">
            <ele>202.49314926657826</ele>
            <time>2026-08-16T11:42:28Z</time>
        </trkpt>        <trkpt lat="50.05241884716653" lon="19.98943064482956">
            <ele>202.4715780140832</ele>
            <time>2026-08-16T11:42:29Z</time>
        </trkpt>        <trkpt lat="50.05241814686368" lon="19.9894295051697">
            <ele>202.45603727549314</ele>
            <time>2026-08-16T11:42:30Z</time>
        </trkpt>        <trkpt lat="50.05241747409908" lon="19.989428465734402">
            <ele>202.44619955215603</ele>
            <time>2026-08-16T11:42:31Z</time>
        </trkpt>        <trkpt lat="50.052416812869694" lon="19.989427501183947">
            <ele>202.44117576628923</ele>
            <time>2026-08-16T11:42:32Z</time>
        </trkpt>        <trkpt lat="50.05241614163036" lon="19.9894265790475">
            <ele>202.43963067233562</ele>
            <time>2026-08-16T11:42:33Z</time>
        </trkpt>        <trkpt lat="50.05241544067582" lon="19.98942567135224">
            <ele>202.43997064605355</ele>
            <time>2026-08-16T11:42:34Z</time>
        </trkpt>        <trkpt lat="50.052414686339965" lon="19.9894247499532">
            <ele>202.4405438574031</ele>
            <time>2026-08-16T11:42:35Z</time>
        </trkpt>        <trkpt lat="50.05241387562521" lon="19.989423820248614">
            <ele>202.4399065040052</ele>
            <time>2026-08-16T11:42:36Z</time>
        </trkpt>        <trkpt lat="50.05241304192261" lon="19.98942295027486">
            <ele>202.43705572839826</ele>
            <time>2026-08-16T11:42:37Z</time>
        </trkpt>        <trkpt lat="50.05241227540965" lon="19.989422264567697">
            <ele>202.43155261594802</ele>
            <time>2026-08-16T11:42:38Z</time>
        </trkpt>        <trkpt lat="50.0524116752035" lon="19.98942190802593">
            <ele>202.42358331289142</ele>
            <time>2026-08-16T11:42:39Z</time>
        </trkpt>        <trkpt lat="50.05241129581801" lon="19.989422014869547">
            <ele>202.41390497144312</ele>
            <time>2026-08-16T11:42:40Z</time>
        </trkpt>        <trkpt lat="50.05241120009994" lon="19.98942275701779">
            <ele>202.40363844111562</ele>
            <time>2026-08-16T11:42:41Z</time>
        </trkpt>        <trkpt lat="50.05241150514551" lon="19.989424442820567">
            <ele>202.39406617544591</ele>
            <time>2026-08-16T11:42:42Z</time>
        </trkpt>        <trkpt lat="50.05241246496861" lon="19.989427708182763">
            <ele>202.3865313353017</ele>
            <time>2026-08-16T11:42:43Z</time>
        </trkpt>        <trkpt lat="50.052414652627206" lon="19.989433954826122">
            <ele>202.38237898796797</ele>
            <time>2026-08-16T11:42:44Z</time>
        </trkpt>        <trkpt lat="50.05241878011759" lon="19.989445026223176">
            <ele>202.38288221322</ele>
            <time>2026-08-16T11:42:45Z</time>
        </trkpt>        <trkpt lat="50.05242470251646" lon="19.98946165489375">
            <ele>202.3891179477796</ele>
            <time>2026-08-16T11:42:46Z</time>
        </trkpt>        <trkpt lat="50.05243134860895" lon="19.98948179422169">
            <ele>202.4018309051171</ele>
            <time>2026-08-16T11:42:47Z</time>
        </trkpt>        <trkpt lat="50.05243857329621" lon="19.98950350620095">
            <ele>202.42136933561414</ele>
            <time>2026-08-16T11:42:48Z</time>
        </trkpt>        <trkpt lat="50.052446767121545" lon="19.98952725418756">
            <ele>202.44763967301697</ele>
            <time>2026-08-16T11:42:49Z</time>
        </trkpt>        <trkpt lat="50.05245539563656" lon="19.989552395130392">
            <ele>202.48010530136526</ele>
            <time>2026-08-16T11:42:50Z</time>
        </trkpt>        <trkpt lat="50.05246383751985" lon="19.989577331489883">
            <ele>202.51791006606072</ele>
            <time>2026-08-16T11:42:51Z</time>
        </trkpt>        <trkpt lat="50.05247222663079" lon="19.989601340698634">
            <ele>202.5599969252944</ele>
            <time>2026-08-16T11:42:52Z</time>
        </trkpt>        <trkpt lat="50.05248095059752" lon="19.989624258158106">
            <ele>202.60513802524656</ele>
            <time>2026-08-16T11:42:53Z</time>
        </trkpt>        <trkpt lat="50.05248988321395" lon="19.989645275556352">
            <ele>202.6519018691033</ele>
            <time>2026-08-16T11:42:54Z</time>
        </trkpt>        <trkpt lat="50.052498782717116" lon="19.989664595614748">
            <ele>202.69865855574608</ele>
            <time>2026-08-16T11:42:55Z</time>
        </trkpt>        <trkpt lat="50.05250817576507" lon="19.989684538414615">
            <ele>202.74373851902783</ele>
            <time>2026-08-16T11:42:56Z</time>
        </trkpt>        <trkpt lat="50.05251924730865" lon="19.98970842605997">
            <ele>202.78566497936845</ele>
            <time>2026-08-16T11:42:57Z</time>
        </trkpt>        <trkpt lat="50.05253272743711" lon="19.989739460200806">
            <ele>202.8233758341521</ele>
            <time>2026-08-16T11:42:58Z</time>
        </trkpt>        <trkpt lat="50.0525482923369" lon="19.989778803419895">
            <ele>202.8564843768254</ele>
            <time>2026-08-16T11:42:59Z</time>
        </trkpt>        <trkpt lat="50.05256515062724" lon="19.989825167808778">
            <ele>202.88545570801944</ele>
            <time>2026-08-16T11:43:00Z</time>
        </trkpt>        <trkpt lat="50.052582998558" lon="19.989876894621855">
            <ele>202.91151132248342</ele>
            <time>2026-08-16T11:43:01Z</time>
        </trkpt>        <trkpt lat="50.052601644880774" lon="19.989933022099745">
            <ele>202.93638562317938</ele>
            <time>2026-08-16T11:43:02Z</time>
        </trkpt>        <trkpt lat="50.05262120529713" lon="19.98999247038527">
            <ele>202.96197657193989</ele>
            <time>2026-08-16T11:43:03Z</time>
        </trkpt>        <trkpt lat="50.0526420058842" lon="19.990054339414012">
            <ele>202.98980921320617</ele>
            <time>2026-08-16T11:43:04Z</time>
        </trkpt>        <trkpt lat="50.05266361541021" lon="19.990118427142477">
            <ele>203.02058383170515</ele>
            <time>2026-08-16T11:43:05Z</time>
        </trkpt>        <trkpt lat="50.05268580741953" lon="19.99018468687547">
            <ele>203.05407948140055</ele>
            <time>2026-08-16T11:43:06Z</time>
        </trkpt>        <trkpt lat="50.052709238240645" lon="19.990252568222317">
            <ele>203.08926682174206</ele>
            <time>2026-08-16T11:43:07Z</time>
        </trkpt>        <trkpt lat="50.05273450346423" lon="19.990321631323933">
            <ele>203.1245739525184</ele>
            <time>2026-08-16T11:43:08Z</time>
        </trkpt>        <trkpt lat="50.05276166410975" lon="19.990391326361756">
            <ele>203.15838945657015</ele>
            <time>2026-08-16T11:43:09Z</time>
        </trkpt>        <trkpt lat="50.05279051600518" lon="19.990460452546362">
            <ele>203.1895272117108</ele>
            <time>2026-08-16T11:43:10Z</time>
        </trkpt>        <trkpt lat="50.05282037372706" lon="19.990528725956406">
            <ele>203.2173685831949</ele>
            <time>2026-08-16T11:43:11Z</time>
        </trkpt>        <trkpt lat="50.05285033009378" lon="19.990597336184273">
            <ele>203.24181037023664</ele>
            <time>2026-08-16T11:43:12Z</time>
        </trkpt>        <trkpt lat="50.05287958682301" lon="19.990667001629237">
            <ele>203.26316332258284</ele>
            <time>2026-08-16T11:43:13Z</time>
        </trkpt>        <trkpt lat="50.052907828196986" lon="19.990737675109116">
            <ele>203.28199576959014</ele>
            <time>2026-08-16T11:43:14Z</time>
        </trkpt>        <trkpt lat="50.05293545353446" lon="19.990808759442903">
            <ele>203.29900218825787</ele>
            <time>2026-08-16T11:43:15Z</time>
        </trkpt>        <trkpt lat="50.05296294028328" lon="19.990880190936956">
            <ele>203.31495836004615</ele>
            <time>2026-08-16T11:43:16Z</time>
        </trkpt>        <trkpt lat="50.05298990673917" lon="19.990951993437047">
            <ele>203.33073700685054</ele>
            <time>2026-08-16T11:43:17Z</time>
        </trkpt>        <trkpt lat="50.05301591825408" lon="19.991024562094623">
            <ele>203.3472849894315</ele>
            <time>2026-08-16T11:43:18Z</time>
        </trkpt>        <trkpt lat="50.053041136096965" lon="19.991098043173253">
            <ele>203.365477447398</ele>
            <time>2026-08-16T11:43:19Z</time>
        </trkpt>        <trkpt lat="50.05306589804627" lon="19.991172032162936">
            <ele>203.3859670367092</ele>
            <time>2026-08-16T11:43:20Z</time>
        </trkpt>        <trkpt lat="50.053090767404605" lon="19.991246130278796">
            <ele>203.4092211155221</ele>
            <time>2026-08-16T11:43:21Z</time>
        </trkpt>        <trkpt lat="50.053116295367595" lon="19.991319644368115">
            <ele>203.4357294589281</ele>
            <time>2026-08-16T11:43:22Z</time>
        </trkpt>        <trkpt lat="50.05314245824983" lon="19.991392201668486">
            <ele>203.46621737163514</ele>
            <time>2026-08-16T11:43:23Z</time>
        </trkpt>        <trkpt lat="50.05316841168331" lon="19.99146385847985">
            <ele>203.5017826380208</ele>
            <time>2026-08-16T11:43:24Z</time>
        </trkpt>        <trkpt lat="50.0531935807807" lon="19.99153457022192">
            <ele>203.54393436666578</ele>
            <time>2026-08-16T11:43:25Z</time>
        </trkpt>        <trkpt lat="50.053218053238005" lon="19.991604923551137">
            <ele>203.5944554610178</ele>
            <time>2026-08-16T11:43:26Z</time>
        </trkpt>        <trkpt lat="50.05324153546999" lon="19.99167656932994">
            <ele>203.65503125358373</ele>
            <time>2026-08-16T11:43:27Z</time>
        </trkpt>        <trkpt lat="50.05326382247571" lon="19.99175131442901">
            <ele>203.72688374947757</ele>
            <time>2026-08-16T11:43:28Z</time>
        </trkpt>        <trkpt lat="50.05328648601882" lon="19.99182551665378">
            <ele>203.81066716369241</ele>
            <time>2026-08-16T11:43:29Z</time>
        </trkpt>        <trkpt lat="50.053309996602984" lon="19.991897389911486">
            <ele>203.90646132454276</ele>
            <time>2026-08-16T11:43:30Z</time>
        </trkpt>        <trkpt lat="50.05333312980619" lon="19.991969765786266">
            <ele>204.01381388213485</ele>
            <time>2026-08-16T11:43:31Z</time>
        </trkpt>        <trkpt lat="50.05335579672256" lon="19.992041993627193">
            <ele>204.13188855536282</ele>
            <time>2026-08-16T11:43:32Z</time>
        </trkpt>        <trkpt lat="50.05337835948982" lon="19.99211337568752">
            <ele>204.25959419086576</ele>
            <time>2026-08-16T11:43:33Z</time>
        </trkpt>        <trkpt lat="50.053401279044586" lon="19.99218385044965">
            <ele>204.39580514188856</ele>
            <time>2026-08-16T11:43:35Z</time>
        </trkpt>        <trkpt lat="50.05342488226206" lon="19.992254353664784">
            <ele>204.53883669804782</ele>
            <time>2026-08-16T11:43:36Z</time>
        </trkpt>        <trkpt lat="50.05344877716439" lon="19.992325044856237">
            <ele>204.68732924945652</ele>
            <time>2026-08-16T11:43:37Z</time>
        </trkpt>        <trkpt lat="50.05347300683744" lon="19.992394965331993">
            <ele>204.83971158135682</ele>
            <time>2026-08-16T11:43:38Z</time>
        </trkpt>        <trkpt lat="50.05349741934469" lon="19.99246279500602">
            <ele>204.9942887062207</ele>
            <time>2026-08-16T11:43:39Z</time>
        </trkpt>        <trkpt lat="50.05352111028827" lon="19.992529412174164">
            <ele>205.14930427912623</ele>
            <time>2026-08-16T11:43:40Z</time>
        </trkpt>        <trkpt lat="50.05354358403909" lon="19.992595918529634">
            <ele>205.30307502765208</ele>
            <time>2026-08-16T11:43:41Z</time>
        </trkpt>        <trkpt lat="50.05356460955174" lon="19.992661050272506">
            <ele>205.45416817069054</ele>
            <time>2026-08-16T11:43:42Z</time>
        </trkpt>        <trkpt lat="50.05358429997026" lon="19.992723871752204">
            <ele>205.6017051525414</ele>
            <time>2026-08-16T11:43:43Z</time>
        </trkpt>        <trkpt lat="50.053603460116264" lon="19.9927836205288">
            <ele>205.7456514518708</ele>
            <time>2026-08-16T11:43:44Z</time>
        </trkpt>        <trkpt lat="50.05362317420856" lon="19.992841741394578">
            <ele>205.88679978623986</ele>
            <time>2026-08-16T11:43:45Z</time>
        </trkpt>        <trkpt lat="50.05364340629987" lon="19.99289950700909">
            <ele>206.02651141304523</ele>
            <time>2026-08-16T11:43:46Z</time>
        </trkpt>        <trkpt lat="50.05366331674519" lon="19.992958298024927">
            <ele>206.16636730823666</ele>
            <time>2026-08-16T11:43:47Z</time>
        </trkpt>        <trkpt lat="50.053683014330275" lon="19.99301974026651">
            <ele>206.3077233415097</ele>
            <time>2026-08-16T11:43:48Z</time>
        </trkpt>        <trkpt lat="50.05370337471387" lon="19.993083290560808">
            <ele>206.4512859126553</ele>
            <time>2026-08-16T11:43:49Z</time>
        </trkpt>        <trkpt lat="50.0537243981649" lon="19.99314807788762">
            <ele>206.5969087118283</ele>
            <time>2026-08-16T11:43:50Z</time>
        </trkpt>        <trkpt lat="50.0537455476085" lon="19.993213010615953">
            <ele>206.743610560894</ele>
            <time>2026-08-16T11:43:51Z</time>
        </trkpt>        <trkpt lat="50.05376680680308" lon="19.993277399229186">
            <ele>206.8896936364472</ele>
            <time>2026-08-16T11:43:52Z</time>
        </trkpt>        <trkpt lat="50.05378806091087" lon="19.99334117016829">
            <ele>207.03297844249755</ele>
            <time>2026-08-16T11:43:53Z</time>
        </trkpt>        <trkpt lat="50.05380874687035" lon="19.993403512054883">
            <ele>207.17109329625964</ele>
            <time>2026-08-16T11:43:54Z</time>
        </trkpt>        <trkpt lat="50.05382860599884" lon="19.993463693491908">
            <ele>207.30167804285884</ele>
            <time>2026-08-16T11:43:55Z</time>
        </trkpt>        <trkpt lat="50.05384791581448" lon="19.993522475404443">
            <ele>207.42251936066896</ele>
            <time>2026-08-16T11:43:56Z</time>
        </trkpt>        <trkpt lat="50.05386687878161" lon="19.99358067458101">
            <ele>207.5317006893456</ele>
            <time>2026-08-16T11:43:57Z</time>
        </trkpt>        <trkpt lat="50.05388560684034" lon="19.993638575442056">
            <ele>207.62779334932566</ele>
            <time>2026-08-16T11:43:58Z</time>
        </trkpt>        <trkpt lat="50.053904309633865" lon="19.993695787651856">
            <ele>207.71014592144638</ele>
            <time>2026-08-16T11:43:59Z</time>
        </trkpt>        <trkpt lat="50.05392289110128" lon="19.993752456079875">
            <ele>207.77915093954653</ele>
            <time>2026-08-16T11:44:00Z</time>
        </trkpt>        <trkpt lat="50.0539414436943" lon="19.993808365080685">
            <ele>207.83638331945986</ele>
            <time>2026-08-16T11:44:01Z</time>
        </trkpt>        <trkpt lat="50.053960529494745" lon="19.99386542586891">
            <ele>207.88460163213313</ele>
            <time>2026-08-16T11:44:02Z</time>
        </trkpt>        <trkpt lat="50.053980065978536" lon="19.993926513361107">
            <ele>207.92734752874821</ele>
            <time>2026-08-16T11:44:03Z</time>
        </trkpt>        <trkpt lat="50.0539999879862" lon="19.993990416702886">
            <ele>207.96819770988077</ele>
            <time>2026-08-16T11:44:04Z</time>
        </trkpt>        <trkpt lat="50.05402080897825" lon="19.994056303394444">
            <ele>208.0100694745779</ele>
            <time>2026-08-16T11:44:05Z</time>
        </trkpt>        <trkpt lat="50.05404258468755" lon="19.994124574741143">
            <ele>208.05466307420284</ele>
            <time>2026-08-16T11:44:06Z</time>
        </trkpt>        <trkpt lat="50.05406484688665" lon="19.99419424194532">
            <ele>208.10210378095508</ele>
            <time>2026-08-16T11:44:07Z</time>
        </trkpt>        <trkpt lat="50.054087089421884" lon="19.994263332482102">
            <ele>208.1511131413281</ele>
            <time>2026-08-16T11:44:08Z</time>
        </trkpt>        <trkpt lat="50.054109533402766" lon="19.99433207808016">
            <ele>208.19967945292592</ele>
            <time>2026-08-16T11:44:09Z</time>
        </trkpt>        <trkpt lat="50.05413256262291" lon="19.994401520112884">
            <ele>208.24576853588223</ele>
            <time>2026-08-16T11:44:10Z</time>
        </trkpt>        <trkpt lat="50.05415592306759" lon="19.99447227513332">
            <ele>208.2878913367167</ele>
            <time>2026-08-16T11:44:11Z</time>
        </trkpt>        <trkpt lat="50.05417923519068" lon="19.994544037415064">
            <ele>208.32551026903093</ele>
            <time>2026-08-16T11:44:12Z</time>
        </trkpt>        <trkpt lat="50.054201993965414" lon="19.994614258807996">
            <ele>208.3590050470084</ele>
            <time>2026-08-16T11:44:13Z</time>
        </trkpt>        <trkpt lat="50.054224163782614" lon="19.994682644455537">
            <ele>208.3891561301425</ele>
            <time>2026-08-16T11:44:14Z</time>
        </trkpt>        <trkpt lat="50.05424596113929" lon="19.994749365960644">
            <ele>208.41658381558955</ele>
            <time>2026-08-16T11:44:15Z</time>
        </trkpt>        <trkpt lat="50.0542672886934" lon="19.99481389735082">
            <ele>208.4413882503286</ele>
            <time>2026-08-16T11:44:16Z</time>
        </trkpt>        <trkpt lat="50.05428898592691" lon="19.994878192393237">
            <ele>208.46298127435148</ele>
            <time>2026-08-16T11:44:17Z</time>
        </trkpt>        <trkpt lat="50.05431133253179" lon="19.994943144387058">
            <ele>208.48029052093625</ele>
            <time>2026-08-16T11:44:18Z</time>
        </trkpt>        <trkpt lat="50.05433385279822" lon="19.995008792030227">
            <ele>208.4924504160881</ele>
            <time>2026-08-16T11:44:19Z</time>
        </trkpt>        <trkpt lat="50.0543564260818" lon="19.995075393920946">
            <ele>208.49950239807367</ele>
            <time>2026-08-16T11:44:20Z</time>
        </trkpt>        <trkpt lat="50.05437931011805" lon="19.995142608484148">
            <ele>208.50262760277838</ele>
            <time>2026-08-16T11:44:21Z</time>
        </trkpt>        <trkpt lat="50.054402949158735" lon="19.99521074739108">
            <ele>208.50407112482935</ele>
            <time>2026-08-16T11:44:21Z</time>
        </trkpt>        <trkpt lat="50.05442698210597" lon="19.995279955813935">
            <ele>208.50680330209434</ele>
            <time>2026-08-16T11:44:22Z</time>
        </trkpt>        <trkpt lat="50.0544509159653" lon="19.99534969585436">
            <ele>208.51375930104405</ele>
            <time>2026-08-16T11:44:23Z</time>
        </trkpt>        <trkpt lat="50.0544745572812" lon="19.995419545266437">
            <ele>208.52702166792005</ele>
            <time>2026-08-16T11:44:24Z</time>
        </trkpt>        <trkpt lat="50.05449789942052" lon="19.995489518661287">
            <ele>208.5473422911018</ele>
            <time>2026-08-16T11:44:25Z</time>
        </trkpt>        <trkpt lat="50.0545212989851" lon="19.995560384838004">
            <ele>208.57387394364923</ele>
            <time>2026-08-16T11:44:26Z</time>
        </trkpt>        <trkpt lat="50.05454511481508" lon="19.99563265553542">
            <ele>208.6042803246528</ele>
            <time>2026-08-16T11:44:27Z</time>
        </trkpt>        <trkpt lat="50.05456930170949" lon="19.99570599378419">
            <ele>208.63554765935987</ele>
            <time>2026-08-16T11:44:28Z</time>
        </trkpt>        <trkpt lat="50.05459348257333" lon="19.995778991619133">
            <ele>208.66497444082052</ele>
            <time>2026-08-16T11:44:29Z</time>
        </trkpt>        <trkpt lat="50.05461756494238" lon="19.995850411148194">
            <ele>208.6908004740253</ele>
            <time>2026-08-16T11:44:30Z</time>
        </trkpt>        <trkpt lat="50.05464146349981" lon="19.995922026698583">
            <ele>208.7126175770536</ele>
            <time>2026-08-16T11:44:31Z</time>
        </trkpt>        <trkpt lat="50.05466501602306" lon="19.99599447215169">
            <ele>208.73143317364156</ele>
            <time>2026-08-16T11:44:32Z</time>
        </trkpt>        <trkpt lat="50.054688762122396" lon="19.996067106214692">
            <ele>208.74907341133803</ele>
            <time>2026-08-16T11:44:33Z</time>
        </trkpt>        <trkpt lat="50.054712599394044" lon="19.99613920296277">
            <ele>208.7673955457285</ele>
            <time>2026-08-16T11:44:34Z</time>
        </trkpt>        <trkpt lat="50.0547358127711" lon="19.996209473592522">
            <ele>208.78787090722471</ele>
            <time>2026-08-16T11:44:35Z</time>
        </trkpt>        <trkpt lat="50.054758348766185" lon="19.996278477160995">
            <ele>208.8114858334884</ele>
            <time>2026-08-16T11:44:36Z</time>
        </trkpt>        <trkpt lat="50.05478049145846" lon="19.99634691711485">
            <ele>208.83867334015667</ele>
            <time>2026-08-16T11:44:37Z</time>
        </trkpt>        <trkpt lat="50.054802240673936" lon="19.996414081100838">
            <ele>208.86910920403898</ele>
            <time>2026-08-16T11:44:38Z</time>
        </trkpt>        <trkpt lat="50.05482362143451" lon="19.996479852290026">
            <ele>208.90143295843154</ele>
            <time>2026-08-16T11:44:39Z</time>
        </trkpt>        <trkpt lat="50.054844958544955" lon="19.996544361915596">
            <ele>208.93312116060406</ele>
            <time>2026-08-16T11:44:40Z</time>
        </trkpt>        <trkpt lat="50.054866239872" lon="19.996607968503575">
            <ele>208.96060665138066</ele>
            <time>2026-08-16T11:44:41Z</time>
        </trkpt>        <trkpt lat="50.05488627933193" lon="19.99666911447054">
            <ele>208.97968221176416</ele>
            <time>2026-08-16T11:44:42Z</time>
        </trkpt>        <trkpt lat="50.054904998504306" lon="19.996725346486944">
            <ele>208.98640890885144</ele>
            <time>2026-08-16T11:44:43Z</time>
        </trkpt>        <trkpt lat="50.054923003999406" lon="19.99677819822866">
            <ele>208.9783639991656</ele>
            <time>2026-08-16T11:44:44Z</time>
        </trkpt>        <trkpt lat="50.05493995920604" lon="19.99682904972654">
            <ele>208.95536883268505</ele>
            <time>2026-08-16T11:44:45Z</time>
        </trkpt>        <trkpt lat="50.054955420876816" lon="19.9968765399264">
            <ele>208.9193400805816</ele>
            <time>2026-08-16T11:44:46Z</time>
        </trkpt>        <trkpt lat="50.05496906641513" lon="19.99691825234671">
            <ele>208.87378680799156</ele>
            <time>2026-08-16T11:44:47Z</time>
        </trkpt>        <trkpt lat="50.05498136501739" lon="19.996954711202434">
            <ele>208.8230898687616</ele>
            <time>2026-08-16T11:44:48Z</time>
        </trkpt>        <trkpt lat="50.05499320758705" lon="19.996988162280505">
            <ele>208.77159179840237</ele>
            <time>2026-08-16T11:44:49Z</time>
        </trkpt>        <trkpt lat="50.055005886779085" lon="19.99702189691717">
            <ele>208.72293082345277</ele>
            <time>2026-08-16T11:44:50Z</time>
        </trkpt>        <trkpt lat="50.055019940730986" lon="19.997058871841134">
            <ele>208.6797566022724</ele>
            <time>2026-08-16T11:44:51Z</time>
        </trkpt>        <trkpt lat="50.055034962224866" lon="19.997099979125053">
            <ele>208.64366603363305</ele>
            <time>2026-08-16T11:44:52Z</time>
        </trkpt>        <trkpt lat="50.055051198363515" lon="19.997147751745583">
            <ele>208.6153991203755</ele>
            <time>2026-08-16T11:44:53Z</time>
        </trkpt>        <trkpt lat="50.055069268595254" lon="19.997202998541503">
            <ele>208.5952305747196</ele>
            <time>2026-08-16T11:44:54Z</time>
        </trkpt>        <trkpt lat="50.05508889912493" lon="19.9972640743876">
            <ele>208.58332585915923</ele>
            <time>2026-08-16T11:44:55Z</time>
        </trkpt>        <trkpt lat="50.05510970800119" lon="19.997329538520145">
            <ele>208.58000824041665</ele>
            <time>2026-08-16T11:44:56Z</time>
        </trkpt>        <trkpt lat="50.05513167102414" lon="19.997397215328693">
            <ele>208.5858424063772</ele>
            <time>2026-08-16T11:44:57Z</time>
        </trkpt>        <trkpt lat="50.05515461165462" lon="19.997466485730982">
            <ele>208.60135213378817</ele>
            <time>2026-08-16T11:44:58Z</time>
        </trkpt>        <trkpt lat="50.055177914534276" lon="19.997538078602442">
            <ele>208.6263265479356</ele>
            <time>2026-08-16T11:44:59Z</time>
        </trkpt>        <trkpt lat="50.05520153399874" lon="19.997611511686607">
            <ele>208.6591865234077</ele>
            <time>2026-08-16T11:45:00Z</time>
        </trkpt>        <trkpt lat="50.05522586766441" lon="19.99768623341849">
            <ele>208.69688597135246</ele>
            <time>2026-08-16T11:45:01Z</time>
        </trkpt>        <trkpt lat="50.05525074127371" lon="19.99776153249662">
            <ele>208.73514275811613</ele>
            <time>2026-08-16T11:45:02Z</time>
        </trkpt>        <trkpt lat="50.05527631920182" lon="19.99783815235996">
            <ele>208.76901967450976</ele>
            <time>2026-08-16T11:45:03Z</time>
        </trkpt>        <trkpt lat="50.05530266059239" lon="19.997916735167916">
            <ele>208.79406869411469</ele>
            <time>2026-08-16T11:45:04Z</time>
        </trkpt>        <trkpt lat="50.05532891688563" lon="19.99799620391006">
            <ele>208.8073944207281</ele>
            <time>2026-08-16T11:45:05Z</time>
        </trkpt>        <trkpt lat="50.05535507221509" lon="19.998076349404695">
            <ele>208.80799885746092</ele>
            <time>2026-08-16T11:45:06Z</time>
        </trkpt>        <trkpt lat="50.0553817628001" lon="19.998156767911855">
            <ele>208.79673402011395</ele>
            <time>2026-08-16T11:45:07Z</time>
        </trkpt>        <trkpt lat="50.055409144405786" lon="19.998238215890233">
            <ele>208.77598430681974</ele>
            <time>2026-08-16T11:45:08Z</time>
        </trkpt>        <trkpt lat="50.05543667377295" lon="19.998320163031906">
            <ele>208.74890634417534</ele>
            <time>2026-08-16T11:45:09Z</time>
        </trkpt>        <trkpt lat="50.05546403110789" lon="19.998403326138266">
            <ele>208.71868621837348</ele>
            <time>2026-08-16T11:45:10Z</time>
        </trkpt>        <trkpt lat="50.05549149568358" lon="19.998488221528696">
            <ele>208.68818381428719</ele>
            <time>2026-08-16T11:45:11Z</time>
        </trkpt>        <trkpt lat="50.05551918064038" lon="19.99857276165425">
            <ele>208.65981174074113</ele>
            <time>2026-08-16T11:45:12Z</time>
        </trkpt>        <trkpt lat="50.055547168706646" lon="19.998656928485975">
            <ele>208.63548415713012</ele>
            <time>2026-08-16T11:45:13Z</time>
        </trkpt>        <trkpt lat="50.05557587241807" lon="19.998741273310742">
            <ele>208.61656776443124</ele>
            <time>2026-08-16T11:45:14Z</time>
        </trkpt>        <trkpt lat="50.05560475399113" lon="19.99882572699482">
            <ele>208.6038335589692</ele>
            <time>2026-08-16T11:45:15Z</time>
        </trkpt>        <trkpt lat="50.05563281550119" lon="19.99890905718706">
            <ele>208.5974945873022</ele>
            <time>2026-08-16T11:45:16Z</time>
        </trkpt>        <trkpt lat="50.055659393744165" lon="19.998990981245743">
            <ele>208.59729343373328</ele>
            <time>2026-08-16T11:45:17Z</time>
        </trkpt>        <trkpt lat="50.055685035151654" lon="19.99906998137071">
            <ele>208.60263070929796</ele>
            <time>2026-08-16T11:45:18Z</time>
        </trkpt>        <trkpt lat="50.05571122367479" lon="19.99914645669492">
            <ele>208.61282538808882</ele>
            <time>2026-08-16T11:45:19Z</time>
        </trkpt>        <trkpt lat="50.055737970461145" lon="19.999223937628443">
            <ele>208.62736466620117</ele>
            <time>2026-08-16T11:45:20Z</time>
        </trkpt>        <trkpt lat="50.05576455049058" lon="19.9993031908796">
            <ele>208.64597611036152</ele>
            <time>2026-08-16T11:45:21Z</time>
        </trkpt>        <trkpt lat="50.05579249917266" lon="19.99938468840031">
            <ele>208.66853853687644</ele>
            <time>2026-08-16T11:45:22Z</time>
        </trkpt>        <trkpt lat="50.055822008635204" lon="19.99946720040158">
            <ele>208.6949399150908</ele>
            <time>2026-08-16T11:45:23Z</time>
        </trkpt>        <trkpt lat="50.055851676237516" lon="19.999549087489118">
            <ele>208.72495857067406</ele>
            <time>2026-08-16T11:45:24Z</time>
        </trkpt>        <trkpt lat="50.05588253179297" lon="19.99963241042697">
            <ele>208.75817732978612</ele>
            <time>2026-08-16T11:45:25Z</time>
        </trkpt>        <trkpt lat="50.055914493709786" lon="19.9997164564129">
            <ele>208.79403406288475</ele>
            <time>2026-08-16T11:45:26Z</time>
        </trkpt>        <trkpt lat="50.05594695775963" lon="19.999797579449226">
            <ele>208.83206128701568</ele>
            <time>2026-08-16T11:45:27Z</time>
        </trkpt>        <trkpt lat="50.05597953130631" lon="19.99987589430475">
            <ele>208.87203772738576</ele>
            <time>2026-08-16T11:45:28Z</time>
        </trkpt>        <trkpt lat="50.05601114422823" lon="19.999952721321893">
            <ele>208.91379269305617</ele>
            <time>2026-08-16T11:45:29Z</time>
        </trkpt>        <trkpt lat="50.05604119467887" lon="20.000029396461905">
            <ele>208.95680197514594</ele>
            <time>2026-08-16T11:45:30Z</time>
        </trkpt>        <trkpt lat="50.05606945113609" lon="20.00010738483593">
            <ele>208.999878577888</ele>
            <time>2026-08-16T11:45:31Z</time>
        </trkpt>        <trkpt lat="50.05609501692011" lon="20.00018650642311">
            <ele>209.0410478170961</ele>
            <time>2026-08-16T11:45:32Z</time>
        </trkpt>        <trkpt lat="50.056117295140986" lon="20.000266226176304">
            <ele>209.07758442219347</ele>
            <time>2026-08-16T11:45:33Z</time>
        </trkpt>        <trkpt lat="50.05613807310556" lon="20.000345922983414">
            <ele>209.10630698874593</ele>
            <time>2026-08-16T11:45:34Z</time>
        </trkpt>        <trkpt lat="50.05616111627618" lon="20.00042494114269">
            <ele>209.1240918962285</ele>
            <time>2026-08-16T11:45:35Z</time>
        </trkpt>        <trkpt lat="50.05618827313161" lon="20.000503627071637">
            <ele>209.12819997221231</ele>
            <time>2026-08-16T11:45:36Z</time>
        </trkpt>        <trkpt lat="50.05622119913915" lon="20.00058102965295">
            <ele>209.1162165198475</ele>
            <time>2026-08-16T11:45:37Z</time>
        </trkpt>        <trkpt lat="50.056259701434186" lon="20.000657215029733">
            <ele>209.08591106906533</ele>
            <time>2026-08-16T11:45:38Z</time>
        </trkpt>        <trkpt lat="50.05630032428829" lon="20.00073327419621">
            <ele>209.0351780205965</ele>
            <time>2026-08-16T11:45:39Z</time>
        </trkpt>        <trkpt lat="50.056341362710185" lon="20.000809339786265">
            <ele>208.96200261451304</ele>
            <time>2026-08-16T11:45:41Z</time>
        </trkpt>        <trkpt lat="50.05638167691256" lon="20.00088613815061">
            <ele>208.865058879368</ele>
            <time>2026-08-16T11:45:42Z</time>
        </trkpt>        <trkpt lat="50.05642042953849" lon="20.000964454306065">
            <ele>208.7435693340376</ele>
            <time>2026-08-16T11:45:43Z</time>
        </trkpt>        <trkpt lat="50.05645423374481" lon="20.001047399349662">
            <ele>208.59792526438832</ele>
            <time>2026-08-16T11:45:44Z</time>
        </trkpt>        <trkpt lat="50.05648054740483" lon="20.001133183299075">
            <ele>208.4297640118748</ele>
            <time>2026-08-16T11:45:45Z</time>
        </trkpt>        <trkpt lat="50.05650355306876" lon="20.001217112817013">
            <ele>208.24188482761383</ele>
            <time>2026-08-16T11:45:46Z</time>
        </trkpt>        <trkpt lat="50.05653121342042" lon="20.00129410919141">
            <ele>208.03818291518837</ele>
            <time>2026-08-16T11:45:47Z</time>
        </trkpt>        <trkpt lat="50.05656231985673" lon="20.00136406586949">
            <ele>207.82353764399886</ele>
            <time>2026-08-16T11:45:48Z</time>
        </trkpt>        <trkpt lat="50.0565881879997" lon="20.001433541915862">
            <ele>207.60361985303462</ele>
            <time>2026-08-16T11:45:49Z</time>
        </trkpt>        <trkpt lat="50.056601287789356" lon="20.00150481329206">
            <ele>207.38442735746503</ele>
            <time>2026-08-16T11:45:50Z</time>
        </trkpt>        <trkpt lat="50.0565936412056" lon="20.001573995587044">
            <ele>207.17134565021843</ele>
            <time>2026-08-16T11:45:51Z</time>
        </trkpt>        <trkpt lat="50.05656473663823" lon="20.001635214632074">
            <ele>206.96816300135106</ele>
            <time>2026-08-16T11:45:52Z</time>
        </trkpt>        <trkpt lat="50.056522294989115" lon="20.001689103258624">
            <ele>206.77646240778267</ele>
            <time>2026-08-16T11:45:53Z</time>
        </trkpt>        <trkpt lat="50.05647490665541" lon="20.001740539429722">
            <ele>206.5952360611409</ele>
            <time>2026-08-16T11:45:54Z</time>
        </trkpt>        <trkpt lat="50.056426809991585" lon="20.00179316474051">
            <ele>206.4209397668019</ele>
            <time>2026-08-16T11:45:55Z</time>
        </trkpt>        <trkpt lat="50.056376532989646" lon="20.00185036845728">
            <ele>206.24828295130283</ele>
            <time>2026-08-16T11:45:56Z</time>
        </trkpt>        <trkpt lat="50.05632337023129" lon="20.00191491286256">
            <ele>206.07118815835565</ele>
            <time>2026-08-16T11:45:57Z</time>
        </trkpt>        <trkpt lat="50.05626928199311" lon="20.001986487202824">
            <ele>205.8835240341723</ele>
            <time>2026-08-16T11:45:58Z</time>
        </trkpt>        <trkpt lat="50.05621363465151" lon="20.002062811550346">
            <ele>205.67983531858772</ele>
            <time>2026-08-16T11:45:59Z</time>
        </trkpt>        <trkpt lat="50.056154776715275" lon="20.002140976791445">
            <ele>205.45616708882153</ele>
            <time>2026-08-16T11:46:00Z</time>
        </trkpt>        <trkpt lat="50.05609514391421" lon="20.002224510757607">
            <ele>205.21108987554908</ele>
            <time>2026-08-16T11:46:01Z</time>
        </trkpt>        <trkpt lat="50.056045953459446" lon="20.002323118137383">
            <ele>204.94663583673537</ele>
            <time>2026-08-16T11:46:02Z</time>
        </trkpt>        <trkpt lat="50.0560237235678" lon="20.002438618571297">
            <ele>204.66838998906314</ele>
            <time>2026-08-16T11:46:03Z</time>
        </trkpt>        <trkpt lat="50.0560345353344" lon="20.002560210579247">
            <ele>204.38490325957537</ele>
            <time>2026-08-16T11:46:04Z</time>
        </trkpt>        <trkpt lat="50.05606585534939" lon="20.00268079458111">
            <ele>204.10692922212183</ele>
            <time>2026-08-16T11:46:05Z</time>
        </trkpt>        <trkpt lat="50.05610036150207" lon="20.002804130823034">
            <ele>203.8463134886697</ele>
            <time>2026-08-16T11:46:06Z</time>
        </trkpt>        <trkpt lat="50.056132877472976" lon="20.00292959414855">
            <ele>203.61469800863415</ele>
            <time>2026-08-16T11:46:07Z</time>
        </trkpt>        <trkpt lat="50.05616486027656" lon="20.00305349561082">
            <ele>203.42229974456131</ele>
            <time>2026-08-16T11:46:08Z</time>
        </trkpt>        <trkpt lat="50.05619589528532" lon="20.00317671554171">
            <ele>203.27639123797417</ele>
            <time>2026-08-16T11:46:09Z</time>
        </trkpt>        <trkpt lat="50.05622490166181" lon="20.00329835789094">
            <ele>203.18008039239794</ele>
            <time>2026-08-16T11:46:10Z</time>
        </trkpt>        <trkpt lat="50.05624972840106" lon="20.003417177027508">
            <ele>203.1323151057586</ele>
            <time>2026-08-16T11:46:11Z</time>
        </trkpt>        <trkpt lat="50.05626898696285" lon="20.003532139351314">
            <ele>203.12831730674952</ele>
            <time>2026-08-16T11:46:12Z</time>
        </trkpt>        <trkpt lat="50.05628536539333" lon="20.00364128289128">
            <ele>203.16032665781677</ele>
            <time>2026-08-16T11:46:13Z</time>
        </trkpt>        <trkpt lat="50.056302932372226" lon="20.00374320619854">
            <ele>203.21898849401623</ele>
            <time>2026-08-16T11:46:14Z</time>
        </trkpt>        <trkpt lat="50.05632221522357" lon="20.003837796894008">
            <ele>203.29455542284995</ele>
            <time>2026-08-16T11:46:15Z</time>
        </trkpt>        <trkpt lat="50.05634274234909" lon="20.00392749604463">
            <ele>203.37757344543934</ele>
            <time>2026-08-16T11:46:16Z</time>
        </trkpt>        <trkpt lat="50.056369685431804" lon="20.004008062991424">
            <ele>203.45926864538342</ele>
            <time>2026-08-16T11:46:17Z</time>
        </trkpt>        <trkpt lat="50.056402790065825" lon="20.004078020652827">
            <ele>203.53175823017955</ele>
            <time>2026-08-16T11:46:18Z</time>
        </trkpt>        <trkpt lat="50.05643932244436" lon="20.004139297575684">
            <ele>203.58826598804444</ele>
            <time>2026-08-16T11:46:19Z</time>
        </trkpt>        <trkpt lat="50.05648036743669" lon="20.004188601098356">
            <ele>203.62339250463992</ele>
            <time>2026-08-16T11:46:20Z</time>
        </trkpt>        <trkpt lat="50.05652081908613" lon="20.00422693197923">
            <ele>203.63337632548064</ele>
            <time>2026-08-16T11:46:21Z</time>
        </trkpt>        <trkpt lat="50.05655208357119" lon="20.00426112444388">
            <ele>203.61650593671948</ele>
            <time>2026-08-16T11:46:22Z</time>
        </trkpt>        <trkpt lat="50.056565703160416" lon="20.004297788073124">
            <ele>203.57343134563416</ele>
            <time>2026-08-16T11:46:23Z</time>
        </trkpt>        <trkpt lat="50.0565575767728" lon="20.00433446349384">
            <ele>203.5071013495326</ele>
            <time>2026-08-16T11:46:24Z</time>
        </trkpt>        <trkpt lat="50.05653080210302" lon="20.00436438935401">
            <ele>203.42252967320383</ele>
            <time>2026-08-16T11:46:25Z</time>
        </trkpt>        <trkpt lat="50.05649280173702" lon="20.004386099585457">
            <ele>203.32615648116916</ele>
            <time>2026-08-16T11:46:26Z</time>
        </trkpt>        <trkpt lat="50.056451085239374" lon="20.00440692049958">
            <ele>203.22481437493116</ele>
            <time>2026-08-16T11:46:27Z</time>
        </trkpt>        <trkpt lat="50.056412439483275" lon="20.00443865802435">
            <ele>203.12479115836322</ele>
            <time>2026-08-16T11:46:28Z</time>
        </trkpt>        <trkpt lat="50.05638324188181" lon="20.00448806641275">
            <ele>203.03105213865638</ele>
            <time>2026-08-16T11:46:29Z</time>
        </trkpt>        <trkpt lat="50.05637006428911" lon="20.00455279733845">
            <ele>202.94672093261033</ele>
            <time>2026-08-16T11:46:30Z</time>
        </trkpt>        <trkpt lat="50.056378226701014" lon="20.004622745453172">
            <ele>202.87330591864884</ele>
            <time>2026-08-16T11:46:31Z</time>
        </trkpt>        <trkpt lat="50.05640771392703" lon="20.004684466125653">
            <ele>202.81159601546824</ele>
            <time>2026-08-16T11:46:32Z</time>
        </trkpt>        <trkpt lat="50.056453221359305" lon="20.004726608560972">
            <ele>202.76258700992912</ele>
            <time>2026-08-16T11:46:33Z</time>
        </trkpt>        <trkpt lat="50.056508455079886" lon="20.00474367190293">
            <ele>202.72817541193217</ele>
            <time>2026-08-16T11:46:34Z</time>
        </trkpt>        <trkpt lat="50.05656837895341" lon="20.004739344663374">
            <ele>202.7114871479571</ele>
            <time>2026-08-16T11:46:35Z</time>
        </trkpt>        <trkpt lat="50.056629345490485" lon="20.00471026488516">
            <ele>202.71642101276666</ele>
            <time>2026-08-16T11:46:36Z</time>
        </trkpt>        <trkpt lat="50.05669217095262" lon="20.004672772623877">
            <ele>202.74622493889183</ele>
            <time>2026-08-16T11:46:37Z</time>
        </trkpt>        <trkpt lat="50.05675955353485" lon="20.004651790280292">
            <ele>202.80201459676027</ele>
            <time>2026-08-16T11:46:38Z</time>
        </trkpt>        <trkpt lat="50.05683073214925" lon="20.004642730533533">
            <ele>202.8821154385805</ele>
            <time>2026-08-16T11:46:39Z</time>
        </trkpt>        <trkpt lat="50.05690464280472" lon="20.00463816074259">
            <ele>202.98182414099574</ele>
            <time>2026-08-16T11:46:40Z</time>
        </trkpt>        <trkpt lat="50.05698101808872" lon="20.004634205976245">
            <ele>203.0937011120841</ele>
            <time>2026-08-16T11:46:41Z</time>
        </trkpt>        <trkpt lat="50.05705859607401" lon="20.004628716584268">
            <ele>203.20876925159246</ele>
            <time>2026-08-16T11:46:42Z</time>
        </trkpt>        <trkpt lat="50.0571374774374" lon="20.004621790800208">
            <ele>203.31785995326936</ele>
            <time>2026-08-16T11:46:43Z</time>
        </trkpt>        <trkpt lat="50.05721781983149" lon="20.004614877441853">
            <ele>203.4126416174695</ele>
            <time>2026-08-16T11:46:44Z</time>
        </trkpt>        <trkpt lat="50.057298480388866" lon="20.004608692571203">
            <ele>203.48656610865146</ele>
            <time>2026-08-16T11:46:45Z</time>
        </trkpt>        <trkpt lat="50.05737914153484" lon="20.004602868497127">
            <ele>203.53551863972098</ele>
            <time>2026-08-16T11:46:46Z</time>
        </trkpt>        <trkpt lat="50.05745958678965" lon="20.004596678878308">
            <ele>203.5580271165818</ele>
            <time>2026-08-16T11:46:47Z</time>
        </trkpt>        <trkpt lat="50.057539533223846" lon="20.0045911074513">
            <ele>203.5552187897265</ele>
            <time>2026-08-16T11:46:48Z</time>
        </trkpt>        <trkpt lat="50.05761889264958" lon="20.004588576642398">
            <ele>203.5302060721442</ele>
            <time>2026-08-16T11:46:49Z</time>
        </trkpt>        <trkpt lat="50.057697782954435" lon="20.004592757865403">
            <ele>203.48705516941845</ele>
            <time>2026-08-16T11:46:50Z</time>
        </trkpt>        <trkpt lat="50.057775469992436" lon="20.004609868926917">
            <ele>203.4299377789721</ele>
            <time>2026-08-16T11:46:51Z</time>
        </trkpt>        <trkpt lat="50.057848836862604" lon="20.004650314182538">
            <ele>203.3625344960019</ele>
            <time>2026-08-16T11:46:52Z</time>
        </trkpt>        <trkpt lat="50.05791173758687" lon="20.00472208249665">
            <ele>203.28767325077206</ele>
            <time>2026-08-16T11:46:53Z</time>
        </trkpt>        <trkpt lat="50.057956779666846" lon="20.00482309579808">
            <ele>203.20724580157548</ele>
            <time>2026-08-16T11:46:54Z</time>
        </trkpt>        <trkpt lat="50.057981783617905" lon="20.004941435749025">
            <ele>203.1223278567195</ele>
            <time>2026-08-16T11:46:55Z</time>
        </trkpt>        <trkpt lat="50.05799290900805" lon="20.005064080947946">
            <ele>203.03351907804608</ele>
            <time>2026-08-16T11:46:56Z</time>
        </trkpt>        <trkpt lat="50.057999231908006" lon="20.005185549176563">
            <ele>202.94160086661577</ele>
            <time>2026-08-16T11:46:57Z</time>
        </trkpt>        <trkpt lat="50.0580058944425" lon="20.00530436278704">
            <ele>202.848214879632</ele>
            <time>2026-08-16T11:46:58Z</time>
        </trkpt>        <trkpt lat="50.05801232021853" lon="20.00542056785504">
            <ele>202.7559599801898</ele>
            <time>2026-08-16T11:46:59Z</time>
        </trkpt>        <trkpt lat="50.05801845352223" lon="20.00553467738668">
            <ele>202.66779944952577</ele>
            <time>2026-08-16T11:47:00Z</time>
        </trkpt>        <trkpt lat="50.05802614402996" lon="20.005646593320837">
            <ele>202.58627313468605</ele>
            <time>2026-08-16T11:47:01Z</time>
        </trkpt>        <trkpt lat="50.05803123318482" lon="20.005756857089384">
            <ele>202.51278466824442</ele>
            <time>2026-08-16T11:47:02Z</time>
        </trkpt>        <trkpt lat="50.05803441592049" lon="20.005864902067554">
            <ele>202.4470186252147</ele>
            <time>2026-08-16T11:47:03Z</time>
        </trkpt>        <trkpt lat="50.05804080070575" lon="20.005967259619823">
            <ele>202.38709570653737</ele>
            <time>2026-08-16T11:47:04Z</time>
        </trkpt>        <trkpt lat="50.05804614284983" lon="20.00606310182647">
            <ele>202.33076549787074</ele>
            <time>2026-08-16T11:47:05Z</time>
        </trkpt>        <trkpt lat="50.05804857886957" lon="20.00615508890494">
            <ele>202.276661651209</ele>
            <time>2026-08-16T11:47:06Z</time>
        </trkpt>        <trkpt lat="50.05805008411859" lon="20.006244822281825">
            <ele>202.22480681166053</ele>
            <time>2026-08-16T11:47:07Z</time>
        </trkpt>        <trkpt lat="50.0580510527234" lon="20.006333325395367">
            <ele>202.17661542166024</ele>
            <time>2026-08-16T11:47:08Z</time>
        </trkpt>        <trkpt lat="50.058053628775205" lon="20.00642590019274">
            <ele>202.13459599763155</ele>
            <time>2026-08-16T11:47:09Z</time>
        </trkpt>        <trkpt lat="50.05805723128915" lon="20.006525123838287">
            <ele>202.10166679043323</ele>
            <time>2026-08-16T11:47:10Z</time>
        </trkpt>        <trkpt lat="50.05805956815594" lon="20.006630403119782">
            <ele>202.08039689343423</ele>
            <time>2026-08-16T11:47:11Z</time>
        </trkpt>        <trkpt lat="50.05806213204156" lon="20.006741653127715">
            <ele>202.07253777515143</ele>
            <time>2026-08-16T11:47:12Z</time>
        </trkpt>        <trkpt lat="50.058067075949054" lon="20.006857176842704">
            <ele>202.078682272695</ele>
            <time>2026-08-16T11:47:13Z</time>
        </trkpt>        <trkpt lat="50.05807395366047" lon="20.00697377492996">
            <ele>202.0980104757473</ele>
            <time>2026-08-16T11:47:14Z</time>
        </trkpt>        <trkpt lat="50.058080115932654" lon="20.007088011493988">
            <ele>202.1282516187057</ele>
            <time>2026-08-16T11:47:15Z</time>
        </trkpt>        <trkpt lat="50.05808376586153" lon="20.00719954338722">
            <ele>202.16580762900412</ele>
            <time>2026-08-16T11:47:15Z</time>
        </trkpt>        <trkpt lat="50.05808783356502" lon="20.007307462512497">
            <ele>202.20628782268614</ele>
            <time>2026-08-16T11:47:16Z</time>
        </trkpt>        <trkpt lat="50.05808949600537" lon="20.007411391645668">
            <ele>202.24553779885173</ele>
            <time>2026-08-16T11:47:17Z</time>
        </trkpt>        <trkpt lat="50.05807826519099" lon="20.007510194657563">
            <ele>202.2806759979576</ele>
            <time>2026-08-16T11:47:18Z</time>
        </trkpt>        <trkpt lat="50.05806610112211" lon="20.007607241713465">
            <ele>202.31091599166393</ele>
            <time>2026-08-16T11:47:19Z</time>
        </trkpt>        <trkpt lat="50.058085986606606" lon="20.007696354928346">
            <ele>202.33815601747483</ele>
            <time>2026-08-16T11:47:20Z</time>
        </trkpt>        <trkpt lat="50.05814278872514" lon="20.007749669279402">
            <ele>202.36683500371873</ele>
            <time>2026-08-16T11:47:21Z</time>
        </trkpt>        <trkpt lat="50.05821109566189" lon="20.007752892962966">
            <ele>202.40290851239115</ele>
            <time>2026-08-16T11:47:22Z</time>
        </trkpt>        <trkpt lat="50.05827402441937" lon="20.00771857446676">
            <ele>202.45252285990864</ele>
            <time>2026-08-16T11:47:23Z</time>
        </trkpt>        <trkpt lat="50.058334068881535" lon="20.007669490615836">
            <ele>202.5205827942118</ele>
            <time>2026-08-16T11:47:24Z</time>
        </trkpt>        <trkpt lat="50.05839854523932" lon="20.00762754766837">
            <ele>202.60924622323364</ele>
            <time>2026-08-16T11:47:25Z</time>
        </trkpt>        <trkpt lat="50.05846836319163" lon="20.007600861301604">
            <ele>202.7170522334054</ele>
            <time>2026-08-16T11:47:26Z</time>
        </trkpt>        <trkpt lat="50.058540369277864" lon="20.00758209550927">
            <ele>202.83889225125313</ele>
            <time>2026-08-16T11:47:27Z</time>
        </trkpt>        <trkpt lat="50.05861300805533" lon="20.0075652806009">
            <ele>202.9664808390662</ele>
            <time>2026-08-16T11:47:28Z</time>
        </trkpt>        <trkpt lat="50.05868827255427" lon="20.00755281166924">
            <ele>203.0896004587412</ele>
            <time>2026-08-16T11:47:29Z</time>
        </trkpt>        <trkpt lat="50.05876681063706" lon="20.00754295551923">
            <ele>203.1979097975418</ele>
            <time>2026-08-16T11:47:30Z</time>
        </trkpt>        <trkpt lat="50.05884738004011" lon="20.007533378134262">
            <ele>203.2825580816716</ele>
            <time>2026-08-16T11:47:31Z</time>
        </trkpt>        <trkpt lat="50.05892858052937" lon="20.0075261227923">
            <ele>203.33758956659585</ele>
            <time>2026-08-16T11:47:32Z</time>
        </trkpt>        <trkpt lat="50.059009866870916" lon="20.00751999464596">
            <ele>203.36095130164176</ele>
            <time>2026-08-16T11:47:33Z</time>
        </trkpt>        <trkpt lat="50.059091014806874" lon="20.007512411442654">
            <ele>203.3542920248583</ele>
            <time>2026-08-16T11:47:34Z</time>
        </trkpt>        <trkpt lat="50.05917196023078" lon="20.00750282115058">
            <ele>203.32198156323284</ele>
            <time>2026-08-16T11:47:35Z</time>
        </trkpt>        <trkpt lat="50.05925365565906" lon="20.007493665589255">
            <ele>203.2702332707122</ele>
            <time>2026-08-16T11:47:36Z</time>
        </trkpt>        <trkpt lat="50.059336537591676" lon="20.00748575516017">
            <ele>203.2063477812335</ele>
            <time>2026-08-16T11:47:37Z</time>
        </trkpt>        <trkpt lat="50.059420293331144" lon="20.007477882383448">
            <ele>203.13817629218102</ele>
            <time>2026-08-16T11:47:38Z</time>
        </trkpt>        <trkpt lat="50.05950463860182" lon="20.00746949270576">
            <ele>203.07384275086224</ele>
            <time>2026-08-16T11:47:39Z</time>
        </trkpt>        <trkpt lat="50.05958948235674" lon="20.007460139201203">
            <ele>203.02152856998146</ele>
            <time>2026-08-16T11:47:40Z</time>
        </trkpt>        <trkpt lat="50.059674401799526" lon="20.007450031904916">
            <ele>202.98894077446312</ele>
            <time>2026-08-16T11:47:41Z</time>
        </trkpt>        <trkpt lat="50.05975912931672" lon="20.007440412931658">
            <ele>202.9820355232805</ele>
            <time>2026-08-16T11:47:42Z</time>
        </trkpt>        <trkpt lat="50.05984341573382" lon="20.00743246982469">
            <ele>203.0034432206303</ele>
            <time>2026-08-16T11:47:43Z</time>
        </trkpt>        <trkpt lat="50.05992691570884" lon="20.007424623748708">
            <ele>203.051678837277</ele>
            <time>2026-08-16T11:47:44Z</time>
        </trkpt>        <trkpt lat="50.060010158809064" lon="20.007415285468404">
            <ele>203.12118410039693</ele>
            <time>2026-08-16T11:47:46Z</time>
        </trkpt>        <trkpt lat="50.06009384555568" lon="20.007405493151193">
            <ele>203.2027163375169</ele>
            <time>2026-08-16T11:47:47Z</time>
        </trkpt>        <trkpt lat="50.06017791199238" lon="20.0073968806201">
            <ele>203.28584069292992</ele>
            <time>2026-08-16T11:47:48Z</time>
        </trkpt>        <trkpt lat="50.06026191053464" lon="20.007390537548403">
            <ele>203.3613238343969</ele>
            <time>2026-08-16T11:47:49Z</time>
        </trkpt>        <trkpt lat="50.060345426541886" lon="20.007384549095928">
            <ele>203.42271472420543</ele>
            <time>2026-08-16T11:47:50Z</time>
        </trkpt>        <trkpt lat="50.06042882817413" lon="20.00737728217881">
            <ele>203.4667935492471</ele>
            <time>2026-08-16T11:47:51Z</time>
        </trkpt>        <trkpt lat="50.06051280532472" lon="20.007368630736295">
            <ele>203.49344937503338</ele>
            <time>2026-08-16T11:47:52Z</time>
        </trkpt>        <trkpt lat="50.06059706645599" lon="20.007357986424708">
            <ele>203.50495461840183</ele>
            <time>2026-08-16T11:47:53Z</time>
        </trkpt>        <trkpt lat="50.060680976030056" lon="20.00734748536382">
            <ele>203.50496728066355</ele>
            <time>2026-08-16T11:47:54Z</time>
        </trkpt>        <trkpt lat="50.06076513787545" lon="20.007338614898245">
            <ele>203.4977272823453</ele>
            <time>2026-08-16T11:47:55Z</time>
        </trkpt>        <trkpt lat="50.0608500868392" lon="20.007330389227207">
            <ele>203.487399302423</ele>
            <time>2026-08-16T11:47:56Z</time>
        </trkpt>        <trkpt lat="50.06093524691318" lon="20.007323255294835">
            <ele>203.47755505423993</ele>
            <time>2026-08-16T11:47:57Z</time>
        </trkpt>        <trkpt lat="50.06102040895115" lon="20.007315867870428">
            <ele>203.47080531530082</ele>
            <time>2026-08-16T11:47:58Z</time>
        </trkpt>        <trkpt lat="50.06110419628854" lon="20.007306167997584">
            <ele>203.46846594195813</ele>
            <time>2026-08-16T11:47:59Z</time>
        </trkpt>        <trkpt lat="50.06118565754255" lon="20.00729642813466">
            <ele>203.47028281912208</ele>
            <time>2026-08-16T11:48:00Z</time>
        </trkpt>        <trkpt lat="50.06126571411427" lon="20.007289370377464">
            <ele>203.47428350895643</ele>
            <time>2026-08-16T11:48:01Z</time>
        </trkpt>        <trkpt lat="50.061344804065" lon="20.00728218070021">
            <ele>203.47686046455055</ele>
            <time>2026-08-16T11:48:02Z</time>
        </trkpt>        <trkpt lat="50.06142307765554" lon="20.007273522971737">
            <ele>203.47350644879043</ele>
            <time>2026-08-16T11:48:03Z</time>
        </trkpt>        <trkpt lat="50.061500939399984" lon="20.007264837520275">
            <ele>203.46026216633618</ele>
            <time>2026-08-16T11:48:04Z</time>
        </trkpt>        <trkpt lat="50.06157844382928" lon="20.007255495766493">
            <ele>203.4350138725713</ele>
            <time>2026-08-16T11:48:05Z</time>
        </trkpt>        <trkpt lat="50.061655839576865" lon="20.007246724819872">
            <ele>203.39808030426502</ele>
            <time>2026-08-16T11:48:06Z</time>
        </trkpt>        <trkpt lat="50.06173265060637" lon="20.00723872685627">
            <ele>203.35232545342296</ele>
            <time>2026-08-16T11:48:07Z</time>
        </trkpt>        <trkpt lat="50.06180773231156" lon="20.007231212615935">
            <ele>203.3024548832327</ele>
            <time>2026-08-16T11:48:08Z</time>
        </trkpt>        <trkpt lat="50.06188114570847" lon="20.007226007054683">
            <ele>203.25330549664795</ele>
            <time>2026-08-16T11:48:09Z</time>
        </trkpt>        <trkpt lat="50.06195317770575" lon="20.007220673389384">
            <ele>203.20801552571356</ele>
            <time>2026-08-16T11:48:10Z</time>
        </trkpt>        <trkpt lat="50.06202268292803" lon="20.00721211816667">
            <ele>203.16656143125147</ele>
            <time>2026-08-16T11:48:11Z</time>
        </trkpt>        <trkpt lat="50.062089294006675" lon="20.0072034341464">
            <ele>203.12472713086754</ele>
            <time>2026-08-16T11:48:12Z</time>
        </trkpt>        <trkpt lat="50.06215352218253" lon="20.007196710893755">
            <ele>203.07449827622622</ele>
            <time>2026-08-16T11:48:13Z</time>
        </trkpt>        <trkpt lat="50.062215493262634" lon="20.007191839937203">
            <ele>203.00637667346746</ele>
            <time>2026-08-16T11:48:14Z</time>
        </trkpt>        <trkpt lat="50.062275424924486" lon="20.00718753734194">
            <ele>202.91210616659373</ele>
            <time>2026-08-16T11:48:15Z</time>
        </trkpt>        <trkpt lat="50.06233219289245" lon="20.007182701328187">
            <ele>202.78672208916396</ele>
            <time>2026-08-16T11:48:16Z</time>
        </trkpt>        <trkpt lat="50.06238545457202" lon="20.007178537037948">
            <ele>202.63025919161737</ele>
            <time>2026-08-16T11:48:17Z</time>
        </trkpt>        <trkpt lat="50.06243431280922" lon="20.00717815462234">
            <ele>202.44832163862884</ele>
            <time>2026-08-16T11:48:18Z</time>
        </trkpt>        <trkpt lat="50.06247505721061" lon="20.007185978282426">
            <ele>202.25082391034812</ele>
            <time>2026-08-16T11:48:19Z</time>
        </trkpt>        <trkpt lat="50.06250501318559" lon="20.007204579519716">
            <ele>202.0501324357465</ele>
            <time>2026-08-16T11:48:20Z</time>
        </trkpt>        <trkpt lat="50.06252528932395" lon="20.00723549660247">
            <ele>201.85915822163224</ele>
            <time>2026-08-16T11:48:21Z</time>
        </trkpt>        <trkpt lat="50.06253761391984" lon="20.007279978228173">
            <ele>201.68922321032733</ele>
            <time>2026-08-16T11:48:22Z</time>
        </trkpt>        <trkpt lat="50.062542045522804" lon="20.007337154007335">
            <ele>201.54848110862076</ele>
            <time>2026-08-16T11:48:23Z</time>
        </trkpt>        <trkpt lat="50.062540255825226" lon="20.00740416975067">
            <ele>201.44125973060727</ele>
            <time>2026-08-16T11:48:24Z</time>
        </trkpt>        <trkpt lat="50.062536315051396" lon="20.007477584106923">
            <ele>201.36783247068524</ele>
            <time>2026-08-16T11:48:25Z</time>
        </trkpt>        <trkpt lat="50.06253412141582" lon="20.007554702113108">
            <ele>201.32483066618443</ele>
            <time>2026-08-16T11:48:26Z</time>
        </trkpt>        <trkpt lat="50.06253449832267" lon="20.00763434361844">
            <ele>201.30615948978812</ele>
            <time>2026-08-16T11:48:27Z</time>
        </trkpt>        <trkpt lat="50.06253640120606" lon="20.007715532639377">
            <ele>201.30402885843068</ele>
            <time>2026-08-16T11:48:28Z</time>
        </trkpt>        <trkpt lat="50.06253868687211" lon="20.007797444786576">
            <ele>201.31039302330464</ele>
            <time>2026-08-16T11:48:29Z</time>
        </trkpt>        <trkpt lat="50.06254055271008" lon="20.007879320385037">
            <ele>201.31836362369359</ele>
            <time>2026-08-16T11:48:30Z</time>
        </trkpt>        <trkpt lat="50.06254297683923" lon="20.007960565818628">
            <ele>201.3229910954833</ele>
            <time>2026-08-16T11:48:31Z</time>
        </trkpt>        <trkpt lat="50.06254716586236" lon="20.008040906632225">
            <ele>201.3216193979606</ele>
            <time>2026-08-16T11:48:32Z</time>
        </trkpt>        <trkpt lat="50.06255202726138" lon="20.00812023389864">
            <ele>201.3139255521819</ele>
            <time>2026-08-16T11:48:33Z</time>
        </trkpt>        <trkpt lat="50.06255593910035" lon="20.008198771583558">
            <ele>201.30146604403853</ele>
            <time>2026-08-16T11:48:34Z</time>
        </trkpt>        <trkpt lat="50.06255858775601" lon="20.0082769925745">
            <ele>201.28702320437878</ele>
            <time>2026-08-16T11:48:35Z</time>
        </trkpt>        <trkpt lat="50.062560871906484" lon="20.008356020799592">
            <ele>201.27401085663587</ele>
            <time>2026-08-16T11:48:36Z</time>
        </trkpt>        <trkpt lat="50.06256419260839" lon="20.008436555532246">
            <ele>201.2658437229693</ele>
            <time>2026-08-16T11:48:37Z</time>
        </trkpt>        <trkpt lat="50.06256887153267" lon="20.00851830037502">
            <ele>201.2653953852132</ele>
            <time>2026-08-16T11:48:38Z</time>
        </trkpt>        <trkpt lat="50.06257370230822" lon="20.008601140329567">
            <ele>201.274687403813</ele>
            <time>2026-08-16T11:48:39Z</time>
        </trkpt>        <trkpt lat="50.06257800959644" lon="20.008685074113">
            <ele>201.2946697305888</ele>
            <time>2026-08-16T11:48:40Z</time>
        </trkpt>        <trkpt lat="50.0625818901372" lon="20.008770466185005">
            <ele>201.32514257822186</ele>
            <time>2026-08-16T11:48:41Z</time>
        </trkpt>        <trkpt lat="50.06258530209259" lon="20.008857665876988">
            <ele>201.36490838322788</ele>
            <time>2026-08-16T11:48:42Z</time>
        </trkpt>        <trkpt lat="50.062588284422326" lon="20.00894627210046">
            <ele>201.4120291667059</ele>
            <time>2026-08-16T11:48:43Z</time>
        </trkpt>        <trkpt lat="50.062591049481966" lon="20.00903558773139">
            <ele>201.46425663679838</ele>
            <time>2026-08-16T11:48:44Z</time>
        </trkpt>        <trkpt lat="50.06259436076383" lon="20.009125383806975">
            <ele>201.51957829669118</ele>
            <time>2026-08-16T11:48:45Z</time>
        </trkpt>        <trkpt lat="50.062598586276216" lon="20.0092150831372">
            <ele>201.57650335505605</ele>
            <time>2026-08-16T11:48:46Z</time>
        </trkpt>        <trkpt lat="50.062603274814364" lon="20.009304175256844">
            <ele>201.6339365746826</ele>
            <time>2026-08-16T11:48:47Z</time>
        </trkpt>        <trkpt lat="50.062607705460024" lon="20.0093928253752">
            <ele>201.69086685590446</ele>
            <time>2026-08-16T11:48:48Z</time>
        </trkpt>        <trkpt lat="50.06261134920736" lon="20.00948033519242">
            <ele>201.7460363479331</ele>
            <time>2026-08-16T11:48:49Z</time>
        </trkpt>        <trkpt lat="50.062614308927934" lon="20.009564956677377">
            <ele>201.79759930912405</ele>
            <time>2026-08-16T11:48:50Z</time>
        </trkpt>        <trkpt lat="50.062616624854165" lon="20.009642013473876">
            <ele>201.84305148385465</ele>
            <time>2026-08-16T11:48:51Z</time>
        </trkpt>        <trkpt lat="50.06261784773538" lon="20.009705679730537">
            <ele>201.8797189714387</ele>
            <time>2026-08-16T11:48:52Z</time>
        </trkpt>        <trkpt lat="50.06261814581559" lon="20.00975661518696">
            <ele>201.90544551424682</ele>
            <time>2026-08-16T11:48:53Z</time>
        </trkpt>        <trkpt lat="50.06261812890687" lon="20.00980146605559">
            <ele>201.91895261127502</ele>
            <time>2026-08-16T11:48:54Z</time>
        </trkpt>        <trkpt lat="50.06261816093864" lon="20.00984767683031">
            <ele>201.91994285490364</ele>
            <time>2026-08-16T11:48:55Z</time>
        </trkpt>        <trkpt lat="50.06261842454647" lon="20.00990190971543">
            <ele>201.90902422647923</ele>
            <time>2026-08-16T11:48:56Z</time>
        </trkpt>        <trkpt lat="50.0626186220466" lon="20.00996647840837">
            <ele>201.8872775034979</ele>
            <time>2026-08-16T11:48:57Z</time>
        </trkpt>        <trkpt lat="50.06261837571109" lon="20.010039030205455">
            <ele>201.85579414572567</ele>
            <time>2026-08-16T11:48:58Z</time>
        </trkpt>        <trkpt lat="50.062617821623576" lon="20.010117096576998">
            <ele>201.8156618559733</ele>
            <time>2026-08-16T11:48:59Z</time>
        </trkpt>        <trkpt lat="50.0626175796999" lon="20.010199265357343">
            <ele>201.76844704151154</ele>
            <time>2026-08-16T11:49:00Z</time>
        </trkpt>        <trkpt lat="50.06261818912097" lon="20.010284668813295">
            <ele>201.71661901474</ele>
            <time>2026-08-16T11:49:01Z</time>
        </trkpt>        <trkpt lat="50.06261961170304" lon="20.010372880375908">
            <ele>201.6633288692683</ele>
            <time>2026-08-16T11:49:02Z</time>
        </trkpt>        <trkpt lat="50.062621343816936" lon="20.0104635895527">
            <ele>201.61180909816176</ele>
            <time>2026-08-16T11:49:03Z</time>
        </trkpt>        <trkpt lat="50.0626232013283" lon="20.010555926631564">
            <ele>201.56484389211982</ele>
            <time>2026-08-16T11:49:04Z</time>
        </trkpt>        <trkpt lat="50.062625528762716" lon="20.010648809183753">
            <ele>201.52431873232126</ele>
            <time>2026-08-16T11:49:05Z</time>
        </trkpt>        <trkpt lat="50.06262834817339" lon="20.01074163743495">
            <ele>201.49098281469196</ele>
            <time>2026-08-16T11:49:06Z</time>
        </trkpt>        <trkpt lat="50.0626309509022" lon="20.0108335925295">
            <ele>201.46474958304316</ele>
            <time>2026-08-16T11:49:07Z</time>
        </trkpt>        <trkpt lat="50.062632518738056" lon="20.010924011625168">
            <ele>201.4453116748482</ele>
            <time>2026-08-16T11:49:08Z</time>
        </trkpt>        <trkpt lat="50.0626321801666" lon="20.01101257758116">
            <ele>201.43247862812132</ele>
            <time>2026-08-16T11:49:09Z</time>
        </trkpt>        <trkpt lat="50.06262873441698" lon="20.0110987918885">
            <ele>201.42601442988962</ele>
            <time>2026-08-16T11:49:10Z</time>
        </trkpt>        <trkpt lat="50.06262041999971" lon="20.01118172571493">
            <ele>201.42530124261975</ele>
            <time>2026-08-16T11:49:11Z</time>
        </trkpt>        <trkpt lat="50.062606789315915" lon="20.011259200047796">
            <ele>201.4291987111792</ele>
            <time>2026-08-16T11:49:12Z</time>
        </trkpt>        <trkpt lat="50.06259245569519" lon="20.011331494473257">
            <ele>201.4360520793125</ele>
            <time>2026-08-16T11:49:13Z</time>
        </trkpt>        <trkpt lat="50.0625832642018" lon="20.01140129473856">
            <ele>201.44367936067283</ele>
            <time>2026-08-16T11:49:14Z</time>
        </trkpt>        <trkpt lat="50.06257963352988" lon="20.01146926090808">
            <ele>201.44931289739907</ele>
            <time>2026-08-16T11:49:15Z</time>
        </trkpt>        <trkpt lat="50.062579081142395" lon="20.011534570931683">
            <ele>201.44957998022437</ele>
            <time>2026-08-16T11:49:16Z</time>
        </trkpt>        <trkpt lat="50.06257995606656" lon="20.011596650842808">
            <ele>201.4406988201663</ele>
            <time>2026-08-16T11:49:17Z</time>
        </trkpt>        <trkpt lat="50.06258137241364" lon="20.011655906818213">
            <ele>201.4189816834405</ele>
            <time>2026-08-16T11:49:18Z</time>
        </trkpt>        <trkpt lat="50.06258292463836" lon="20.01171248261471">
            <ele>201.3815340809524</ele>
            <time>2026-08-16T11:49:19Z</time>
        </trkpt>        <trkpt lat="50.062584427861744" lon="20.011765071759726">
            <ele>201.32712199073285</ele>
            <time>2026-08-16T11:49:20Z</time>
        </trkpt>        <trkpt lat="50.06258590517443" lon="20.011811616496693">
            <ele>201.2570282742381</ele>
            <time>2026-08-16T11:49:21Z</time>
        </trkpt>        <trkpt lat="50.06258711356237" lon="20.011851737710522">
            <ele>201.17508004326373</ele>
            <time>2026-08-16T11:49:22Z</time>
        </trkpt>        <trkpt lat="50.062587317058984" lon="20.011886495838052">
            <ele>201.08661427907646</ele>
            <time>2026-08-16T11:49:23Z</time>
        </trkpt>        <trkpt lat="50.06258647391361" lon="20.011914684542344">
            <ele>200.99715200718492</ele>
            <time>2026-08-16T11:49:24Z</time>
        </trkpt>        <trkpt lat="50.062585165613086" lon="20.01193429579924">
            <ele>200.91108221374452</ele>
            <time>2026-08-16T11:49:25Z</time>
        </trkpt>        <trkpt lat="50.06258402333384" lon="20.011945845130167">
            <ele>200.8303995579481</ele>
            <time>2026-08-16T11:49:26Z</time>
        </trkpt>        <trkpt lat="50.06258327005448" lon="20.011952109418917">
            <ele>200.75416565407068</ele>
            <time>2026-08-16T11:49:27Z</time>
        </trkpt>        <trkpt lat="50.06258282501009" lon="20.011955920903443">
            <ele>200.67895460966974</ele>
            <time>2026-08-16T11:49:28Z</time>
        </trkpt>        <trkpt lat="50.06258322945388" lon="20.011959023294292">
            <ele>200.59977240115404</ele>
            <time>2026-08-16T11:49:29Z</time>
        </trkpt>        <trkpt lat="50.062585447364626" lon="20.011962444089644">
            <ele>200.5113397082314</ele>
            <time>2026-08-16T11:49:30Z</time>
        </trkpt>        <trkpt lat="50.062591190567915" lon="20.011966594556558">
            <ele>200.40871674194932</ele>
            <time>2026-08-16T11:49:31Z</time>
        </trkpt>        <trkpt lat="50.06259730398592" lon="20.011969964035178">
            <ele>200.2868651812896</ele>
            <time>2026-08-16T11:49:32Z</time>
        </trkpt>        <trkpt lat="50.06260032019907" lon="20.011971598159796">
            <ele>200.14064102433622</ele>
            <time>2026-08-16T11:49:33Z</time>
        </trkpt>        <trkpt lat="50.06260177658391" lon="20.01197284015992">
            <ele>199.96504119690508</ele>
            <time>2026-08-16T11:49:34Z</time>
        </trkpt>        <trkpt lat="50.06260227933781" lon="20.011973854780383">
            <ele>199.75523393508047</ele>
            <time>2026-08-16T11:49:35Z</time>
        </trkpt>        <trkpt lat="50.06260207068292" lon="20.011974512568134">
            <ele>199.50674098264426</ele>
            <time>2026-08-16T11:49:36Z</time>
        </trkpt>        <trkpt lat="50.06260165278403" lon="20.011975106748675">
            <ele>199.21556152310222</ele>
            <time>2026-08-16T11:49:37Z</time>
        </trkpt>        <trkpt lat="50.06260122848284" lon="20.011975726982488">
            <ele>198.87813420780003</ele>
            <time>2026-08-16T11:49:38Z</time>
        </trkpt>        <trkpt lat="50.0626009772588" lon="20.011976480473084">
            <ele>198.49136870913208</ele>
            <time>2026-08-16T11:49:39Z</time>
        </trkpt>        <trkpt lat="50.062601072635324" lon="20.011977431288614">
            <ele>198.05285371933132</ele>
            <time>2026-08-16T11:49:40Z</time>
        </trkpt>        <trkpt lat="50.062601212305225" lon="20.011978267432326">
            <ele>197.56124689709395</ele>
            <time>2026-08-16T11:49:41Z</time>
        </trkpt>        <trkpt lat="50.06260125493731" lon="20.011978898765943">
            <ele>197.01693656668067</ele>
            <time>2026-08-16T11:49:42Z</time>
        </trkpt>        <trkpt lat="50.062601399421325" lon="20.011979488894987">
            <ele>196.42294841445982</ele>
            <time>2026-08-16T11:49:43Z</time>
        </trkpt>        <trkpt lat="50.06260178829592" lon="20.011980140098917">
            <ele>195.78606735821813</ele>
            <time>2026-08-16T11:49:44Z</time>
        </trkpt>        <trkpt lat="50.0626027567293" lon="20.011981212658213">
            <ele>195.11829109676182</ele>
            <time>2026-08-16T11:49:45Z</time>
        </trkpt>    </trkseg>    </trk>
</gpx>